movie_id,generated_summary
9249578,"The story centers on Pazu, a young boy, and Sheeta, a mysterious girl who falls from the sky. Together, they navigate challenges as Pazu attempts to build a plane to reach Laputa, a floating island. Along the way, they encounter pirates led by Muska, who seek the crystal Sheeta possesses. Through various conflicts and a magical spell, Pazu and Sheeta manage to save Laputa from Muska's control, ensuring its restoration and peace."
9226114,"The re-opening of Fortune Market after a six-year closure brings together a group of characters, including Fishman, Chickman, and Tofu Ping, who collaborate to restore the market's vibrancy. Fishman, once a vendor, now manages the market, while Chickman, a former customer turned owner, leads the effort. Challenges include organizing vendors, attracting customers, and addressing the market's decline. Personal relationships, especially Fishman's support for Miu, evolve as they work together, highlighting themes of teamwork and renewal."
9395989,"The story centers on Stewart Graff, a former football star turned PR executive, navigating a tense relationship with his ex-wife Remy while grappling with the impending threat of a massive earthquake in Los Angeles. Geologists warn that the San Andreas Fault, capable of causing catastrophic destruction, is nearing rupture. Personal struggles intertwine with the broader crisis as Stewart and others confront the danger, risking their lives to save others during the chaos. The narrative culminates in a dramatic escape from a failing dam, symbolizing both the peril and the resilience of humanity. The conclusion offers hope for recovery and renewal, emphasizing unity and the strength to rebuild."
9447919,"The story centers on P.C. Simpson, a renowned surfer competing in the World Championship. Despite being disqualified for failing to appear in his heat, P.C. wows the judges with a flawless three-sixty loop, earning widespread acclaim. His perseverance and exceptional talent leave the door open for a possible comeback, inspiring admiration from both competitors and spectators."
9224567,"The story centers on Michael Dorsey, a struggling actor who feels overlooked for a role because of his height. After failing to land the part conventionally, he gets another opportunity through a casting director named Dorsey, who helps him secure the role in a play. Despite initial insecurities and difficulty performing, Michael works hard and gains confidence. Themes of self-determination and personal growth are highlighted as Michael overcomes his fears and succeeds, ultimately finding self-realization."
9242316,"The story centers on the tense conflict between two prominent figures in the frontier town of Rawlins: Myrl Redding, a resourceful horse trader, and Henry Ballard, a respected but controversial lawyer. Redding feels aggrieved by Ballard, leading him to commit violent acts, including the killing of Slater Morrison and indirectly causing the death of Daisy Mathes. Despite his actions, Redding justifies himself as acting for justice, while Ballard faces charges of perjury and is sentenced to jail. The narrative explores themes of justice, revenge, and moral ambiguity, highlighting the complex interplay between the two men as they navigate their conflicting paths."
9500071,"The story unfolds in an ancient time when the land was densely forested and teeming with spirits. Over generations, the forests were depleted, leaving only a few protected by giant beasts loyal to the Great Forest Spirit. Ashitaka, the last prince of the Emishi tribe, embarks on a journey into the forest to uncover the mystery of missing animals and a strange, demon-like creature. Through various encounters and battles, he discovers that the creature is a cursed prince from a western tribe, transformed into a demon due to a fatal poison. With the aid of his companions, Ashitaka confronts the Forest Spirit, who reveals its true identity as a god of death and decay. Determined to break the curse, Ashitaka journeys west in search of a cure, facing numerous challenges, including betrayal and conflict with other groups. Ultimately, he succeeds in curing himself and returns home. The narrative concludes with Ashitaka and San reconciling their"
9511814,"The movie centers on a group of martial arts experts led by House (played by Ron O'Neill) who team up to combat white supremacists attempting to contaminate the U.S. water supply with a toxin lethal only to blacks. Their mission leads them into various action-packed scenarios, including rescuing a comrade, navigating political intrigue, and ultimately securing the water supply. The film features intense fight scenes and a climactic battle where the heroes prevail, showcasing their unity and determination."
9507853,"The plot centers on a desperate race against time to reclaim a top-secret formula, crucial for national security, that has been stolen by Dr. Crow and his sinister organization, STENCH. The formula, if falls into the wrong hands, poses a significant threat to global stability. A team of British agents, including rookie trainees Harold Crump and Daphne Honeybutt, along with their seasoned leader, the Chief Security Officer, is dispatched to infiltrate STENCH's hidden lair. The mission is fraught with peril, as the agents face betrayal, advanced security systems, and relentless pursuit by Dr. Crow's henchmen. Despite encountering various obstacles—such as a malfunctioning gadget and perplexing clues—the agents manage to breach the facility. However, the situation becomes increasingly dire as the clock ticks toward midnight, the deadline for retrieving the formula. The narrative leaves the outcome uncertain, maintaining high tension as the agents navigate a treacherous path to prevent the formula's misuse."
9323016,"In the fictional Midland City, Dwayne Hoover, a charismatic but troubled car salesman, grapples with personal and familial challenges. His marriage to Grace is unraveling, and his relationship with his father, Harry, is strained due to his erratic behavior. Despite his professional success, Dwayne's life begins to unravel when he encounters a mysterious alien machine that tests his emotional resilience, pushing him to his breaking point. This encounter leads to a violent breakdown, where Dwayne's actions have dire consequences, ultimately resulting in tragedy. Simultaneously, Grace navigates her own mental health struggles, attempting to maintain a tenuous balance between her husband's deteriorating mental state and her own sense of isolation. Their friend, Lottie, serves as a mediator, offering support but ultimately failing to bridge the growing chasm between them. The narrative explores themes of love, loss, and existential crisis, highlighting Dwayne's struggle to retain his identity and the impact of his actions on those around him. The story concludes with a poignant reflection on the fragility of human relationships and the irrevocable effects of unchecked emotions."
9330933,"The story centers on Jeanne and Paul Bellmer, a couple searching for their six-month-old son, Joshua, after the Indian Ocean tsunami. While in Phuket, they learn Joshua might be among the Salone and Moken sea gypsies in nearby islands. With the assistance of Thaksin Gao, a local man, they attempt to locate their son. However, their journey is fraught with financial struggles, cultural barriers, and the grim reality of the region. The narrative alternates between moments of hope and despair, as they grapple with the likelihood that their son may no longer be alive."
9382574,"The story centers on Dwayne Bradley, a complex character dealing with personal turmoil, including a strained relationship with his brother Belial. Dwayne interacts with various figures, such as Dr. Needleman and Dr. Kutter, whose roles often escalate tensions rather than resolve them. The narrative is laced with elements of mystery, including a malfunctioning typewriter and a hidden room, which add layers of intrigue. Themes of mental health emerge as Dwayne seeks stability amidst his troubles. The story concludes with a tragic event—Dr. Needleman's murder—hinting at unresolved conflicts and a dangerous atmosphere."
9495049,"The conversation centers on the frantic search for a missing seven-year-old girl named Sophie, last seen near a bus terminal. Her father, William Keane, is actively involved in the effort to locate her, coordinating with others to ensure her safety. Multiple buses, including one departing at 4:30 to Carlstadt, are mentioned as potential routes Sophie might have taken. William interacts with various passengers and officials, striving to secure Sophie's safe return despite the uncertainty. The narrative concludes with William preparing to depart with his daughter Kira, hoping for Sophie's safe recovery upon their arrival in Albany."
9361417,"The story follows a Virginia family enduring the aftermath of the Civil War, focusing on their efforts to locate their missing son, Jacob, believed captured by Union forces. Themes of duty, faith, and resilience are highlighted as the family navigates loss and separation, attempting to maintain hope and unity. The narrative concludes with their reunification, though the emotional impact of the war lingers."
9252286,"The story centers on a rivalry between two princes vying for the affections of a celebrated dancer, Yasmin. The Senior Prince, Ahmed, discovers his son's passion for Yasmin and tests his resolve by sending him to the desert. There, Ahmed meets Yasmin, while back at the palace, Junior Prince Jamaal, driven by love, risks his life to be with her, defying his father's authority. Tensions rise as both princes confront each other, with Ahmed eventually showing mercy, allowing his son to pursue Yasmin despite initial conflicts."
9295541,"The plot centers on Dr. Jackson, an Egyptologist, who discovers ancient Egyptian hieroglyphs during a secret military operation near the Stargate. These glyphs suggest a hidden history and an impending alien threat. Tensions escalate between Jackson and Colonel O’Neil, who takes over the project. Jackson, driven by his belief in the importance of his findings, risks activating a bomb to destroy the Stargate, ultimately sacrificing himself to protect humanity."
9201013,"The story centers on Elgar Enders, a landlord aiming to gentrify a predominantly African American neighborhood by evicting tenants and transforming his newly acquired tenement house into a trendy modern space. Conflict arises as Elgar faces resistance from the tenants, notably a pregnant woman named Copee and her unborn child, whose circumstances suggest exploitation. Additionally, a subplot involves a white supremacist group threatening the community. The narrative intertwines humor and absurdity, highlighting Elgar's comedic misadventures as he navigates his role as a landlord. Ultimately, the story concludes with a hopeful tone, emphasizing unity and resilience amidst adversity."
9223070,"After meeting three strangers in Malaysia, the trio gets entangled in a dangerous drug trade. Their actions lead to tragic consequences, including the potential execution of Lewis McBride. Meanwhile, Beth, a journalist, uncovers their story and fights to save her brother. The story ends with emotional farewells and uncertainty about their fates."
9389082,"In the quaint town of Nevada City, the Spelman family prepares for Christmas, celebrating the importance of family and community. A soldier named Cody Cullen receives a touching letter from his fiancée, Faith Spelman, who misses him deeply despite their geographical separation due to his military responsibilities. Meanwhile, another soldier, Richard, grapples with unspoken emotions for Faith, creating a poignant narrative of unrequited love. The story intertwines Cody's journey of duty and longing with Richard's internal conflict, exploring themes of love, sacrifice, and the complexities of wartime separations. Ultimately, Cody returns to Nevada City, shocking Richard and reigniting his relationship with Faith, while Richard reflects on his own feelings and future, marking a bittersweet conclusion to their intertwined stories."
9237964,"The plot centers on a confrontation between Maxwell Danforth, a high-ranking CIA official, and Lawrence Fassett, a former KGB agent turned double spy. Their discussion delves into a secret operation known as Omega, involving a network of high-profile individuals linked to the KGB. Danforth is portrayed as a complex character driven by his own sense of justice, while Fassett represents the moral ambiguity of those involved in espionage. The stakes are high, with both men aware of the potential consequences of their actions, including personal loss and national security implications. The narrative also touches on themes of loyalty, corruption, and the blurred lines between good and evil."
9350953,"The story revolves around Jimmy, a dedicated environmentalist and ""Sea Warrior,"" who befriends a mermaid named Puteri. Despite facing skepticism from villagers and challenges from a rival named Kordi, Jimmy's efforts to clean the ocean and protect the environment earn him respect. Ultimately, Jimmy becomes the village chief, but his concern for Puteri's safety and their possible reunion remains unresolved."
9208124,"The story begins with twin sisters, Princess Anneliese and Erika, born to a poor family in a mountain village. Their parents name them Anneliese and Erika, with Anneliese destined for royalty and Erika fated to labor as a seamstress. Years later, Anneliese becomes aware of the kingdom's financial crisis due to the depletion of the Royal Mine. The Queen, desperate for solutions, considers marrying Anneliese off to a wealthy king, but Anneliese resists, instead discovering a vein of geodes in the mine, saving the kingdom. Meanwhile, Erika, working under Madame Carp, a harsh taskmistress, finds herself drawn to Preminger, a mysterious figure connected to the royal court. Despite their differing paths, the sisters remain close, with Erika supporting Anneliese's choices. Ultimately, Anneliese marries Preminger, securing the kingdom's future, while Erika chooses a life of freedom, traveling and pursuing her own path. The narrative concludes with both sisters finding happiness, Anneliese as a queen and Preminger as a king, and Erika as a wanderer, free to explore the world. The story follows twin sisters, Princess Anneliese and Erika, born to a poor family. Anneliese is destined for royalty, while Erika faces a harsh life as a seamstress. Years later, Anneliese discovers a vein of geodes in the Royal Mine, saving the kingdom, while Erika supports her despite her own feelings for Preminger. Anneliese marries Preminger, securing the kingdom's future, while Erika chooses freedom, exploring the world. Both find happiness, concluding their journeys as queens and wanderers. ```plaintext The story begins with twin sisters, Princess Anneliese and Erika, born to a poor family in a mountain village. Anneliese is destined for royalty, while Erika faces a harsh life as a seamstress. Years later, Anneliese discovers a vein of geodes in the Royal Mine, saving the kingdom, while Erika supports her despite her own feelings for Preminger. Anneliese marries Preminger, securing the kingdom's future, while Erika chooses freedom, exploring the world. Both find happiness, concluding their journeys as queens and wanderers. ```"
9227393,"The film centers on a group of gangsters led by Mr. Murakawa, whose business is thriving due to a new subway line. He contemplates expanding into Okinawa, where rival gangster Nakamatsu is causing trouble. Murakawa sends Katagiri, his trusted lieutenant, to investigate but faces resistance from Nakamatsu, who claims loyalty but hasn't acted in their interest. Katagiri's loyalty and capability are highlighted as he considers taking over if necessary, despite personal reservations. The narrative explores themes of loyalty, betrayal, and the unpredictable nature of gangster life, culminating in a tense confrontation between the two gangs, leaving the potential truce uncertain."
9498452,"The story revolves around Peter, a boy with distinctive green hair and thick glasses, who faces pressure from adults to shave his head, presumably to change his hair color. Peter resolutely refuses, viewing his green hair as a meaningful symbol of his identity. His journey involves moving between various relatives, encountering challenges, and meeting a famous actor named Gramp. Additionally, Peter receives a letter from his deceased parents, urging him to carry on"
9437146,"In the film, Ace Miller, a former gangster turned pubIicity expert, is preparing to open his new venture, the Zombie Hut, aiming to attract crowds with the promise of displaying a ""reaI"" zombie. However, Ace faces challenges from rival pubIicity men, Jerry and Sam, who attempt to undermine his plans. Complicating matters further, Ace must deal with a real zombie, which he acquired, and manage the expectations of a skeptical press agent, Douglas WaIker, who doubts the authenticity of the zombie. Through various encounters and schemes, Ace navigates these obstacles, ultimately aiming to successfully launch his business despite the chaos surrounding him."
9459510,"The story unfolds on Meadow Brook Farm, where a happy pig family lives under the care of their father and mother. When the pigs are suddenly taken away by a truck, Gordy, one of the pigs, embarks on a perilous journey to locate his family. Along the way, he meets Jinnie Sue, a kind-hearted country music singer, who aids him in his quest. After facing numerous challenges and near dangers, Gordy successfully reunites with his family, who have been saved from a processing plant in Omaha. The narrative highlights themes of loyalty, family unity, and unwavering determination, ultimately celebrating the reunion of the pig family."
9364707,"*The Lives of Others*   2010   Set in 1980s East Germany, the film follows Georg Dreyman, a mild-mannered Stasi officer turned cultural attaché, who is tasked with monitoring the renowned playwright Georg Dreyman himself. As Dreyman's loyalty is questioned, the story intertwines his life with those of other citizens navigating the oppressive regime, including his wife, Christa, whose emotional struggles and relationships complicate her standing within society. The narrative delves into the moral dilemmas faced by those within the system, exploring themes of surveillance, loyalty, and personal integrity amidst a repressive political environment."
9309522,"The story centers on characters Tommy, Bill, and others navigating personal challenges and emotional conflicts within a bar setting. Themes include past regrets, apologies, and a sense of longing, as individuals attempt to reconcile their issues and relationships. The narrative is fragmented, with interactions and conversations hinting at unresolved emotional struggles and social dynamics, but a complete plot overview remains elusive without additional context."
9362189,"In the bustling town of Mesalia, Ohio, the story centers on the renowned author Sheridan Whiteside, whose unexpected visit to the Stanley family's home disrupts their quiet routine. The Stanleys, including Mr. and Mrs. Ernest Stanley, are unprepared for the chaos that unfolds when Whiteside arrives. Despite their initial reluctance, they accommodate him, though the situation quickly becomes increasingly chaotic as Whiteside's fame and peculiarities dominate the scene. The narrative humorously explores themes of celebrity, family dynamics, and the challenges of hosting an unexpected guest, all while maintaining a light-hearted tone through the comedic antics of the characters."
9467968,"The story begins with a woman seeking to contact Mr. Noyer, whose wife is expecting her to call. She ends up at a couple's home, where their daughter is in the bath. After some conversation, she sets up a tent in their yard, staying for a few days. The woman reveals she's a wanderer, having worked as a nanny and traveled extensively, including a scary incident in Tunisia where they were helped by a shepherd. She later joins the family for dinner, shares stories, and eventually leaves after a few days. Meanwhile, another woman, Siofra, arrives, and through their interactions, it's implied that Siofra is the wife of Mr. Noyer, who is away. The narrative also touches on themes of motherhood, childbirth, and personal growth through travel and experiences. Wait, hold on. Let me check again. The user provided a bunch of subtitles, which seem to be from a movie, perhaps ""The Man Who Wasn't There"" (L'homme qui n'était pas là) because of the mention of Mr. Noyer and the other names like Siofra. But in the subtitles, the characters refer to each other as ""Paul Noyer,"" ""his wife,"" ""Siofra,"" etc. So, the summary needs to capture the main plot points based solely on the given subtitles. In the initial summary, I included details about the woman being a wanderer and her past experiences, but upon closer examination, those might actually be specific to another character. Wait, let me parse the subtitles again: - The woman initially seeks Mr. Noyer, whose wife is expecting a call. - She ends up at a home with a family: the man is away, his wife is present, their daughter is in the bath. - She stays for a few days, setting up a tent in the yard. - She talks about being a wanderer, having worked as a nanny, and a scary incident in Tunisia where she and a friend were helped by a shepherd. - She later joins the family for dinner, shares stories, and eventually leaves after a few days. - Another woman, Siofra, arrives, and through their interactions, it's implied that Siofra is the wife of Mr. Noyer, who is away. - Themes include motherhood, childbirth, personal growth through travel and experiences. But wait, in the subtitles, the woman who arrives later is referred to as ""Sio"
9246871,"The story centers on a group of scientists and military officials led by Dr. Steve and General Brown, who discover a mysterious object in the desert near Mystery Mountain. Their investigation uncovers strange phenomena, including high radiation levels and cryptic"
9274349,"Kamara, the maharaja's daughter, returns to her hometown to find her father gravely ill and the family estate, once a refuge for elephants, now jeopardized by a massive dam project. The dam, constructed by Mr. O'Hara and his chief engineer Bryce, seeks to flood the area, compelling the elephants into the reservoir. Kamara enlists Tarzan, a British engineer, to save the elephants. Despite obstacles like Bryce's opposition and a rogue elephant leading the herd, Kamara and Tarzan devise a strategy to steer the elephants through a"
9350372,"The story centers on the Yang family and their dye mill business, highlighting the complex dynamics among family members, particularly between Liu Baotian (Tianqing) and his harsh, stingy uncle, Yang. Despite his role as a kind helper to Yang, Liu faces mistreatment, including verbal abuse and unfair labor conditions. The narrative explores themes of loyalty, family bonds, and moral conflict as Liu navigates his strained relationship with his uncle and the pressures of maintaining the family's financial stability and social reputation."
9206467,"The film centers on Karl Koch, a young man grappling with a tumultuous family life and a strained relationship with his father"
9376367,"Amanda and her friends face financial struggles as they attempt to save their restaurant. Personal issues, including emotional conflicts and supernatural occurrences, add complexity to their lives. The narrative intertwines their stories with themes of love, loss, and unexpected connections, highlighting their journey through challenges and the emotional landscape they navigate."
9418597,"The story centers on a visually impaired jockey, Lee Seung-ho, and his determined horse, Woo-bak, competing in the 2011 Winners' Cup despite significant challenges. Seung-ho's impaired vision forces him to rely on his instincts, while Woo-bak's injury hinders their performance. Their ultimate victory is overshadowed by tragedy as Seung-ho loses everything, emphasizing themes of resilience and unwavering dedication."
9221113,"The Ushkul tribe in Svanetia, isolated by mountains, relies on their stone towers to protect them from greedy barons. Life is difficult due to scarce resources, especially salt, which is vital for their survival. With the October Revolution, the Ushkul face new challenges as they await salt from the outside, while their traditional ways conflict with Soviet modernization, leaving their future uncertain."
9381844,"The film explores complex relationships and ethical dilemmas in a futuristic setting, centered on Professor Fischer, a brilliant but ill scientist struggling with"
9247535,"A group of vacationers—siblings Eric, Carla, Nick, and their friend Sandy—are stranded on a remote island after their boat malfunctions. The island is home to an eccentric old woman, Ida Parsons, who has lived in isolation for decades, maintaining a peculiar lifestyle. Ida's strange behavior is rooted in her having borne a severely deformed child, whom she has kept hidden on the island, isolating herself and refusing contact with outsiders. The group discovers Ida's diary, which reveals her son's existence and her decision to isolate him to protect him from the outside world. As the situation deteriorates, the group faces the challenge of navigating the dangerous island while avoiding Ida's deranged son, who has become a threat due to his violent tendencies and the destruction he has caused. The climax occurs when the group confronts the son"
9197112,"Edward Bloom's life is marked by extraordinary tales, including catching a mysterious catfish named Jenny on the day his son William is born. Despite his son's skepticism, Edward's stories, blending fact and fiction, reveal a man of deep love and resilience. When faced with his mortality, Edward leaves behind a legacy of his adventures, teaching his son the importance of storytelling and the enduring power of love."
9197685,"The narrative centers on a family navigating emotional turmoil involving a chimpanzee named Jenni. Dr. Archibald, a scientist, returns Jenni from Africa, but his neglectful behavior towards his wife Leah and son Andrew leads to familial discord. Andrew struggles with school and feels unloved, while Leah becomes increasingly distant. When Jenni escapes, causing chaos and fear, the family’s dynamics worsen, culminating in Andrew’s disappearance. The resolution involves returning Jenni to the Ituri, symbolizing reconciliation and a fresh start."
9509350,"*Solar Eclipse at Wakor*   Ancient Thailand (2411 B.E.)   In the year 2411 B.E., during the first waxing day of the ninth lunar month, a solar eclipse occurs above Wakor. The story centers on Nak, a devoted wife whose loyalty extends beyond death. After her passing, Nak's ghostly spirit lingers, waiting for her husband, Mak, to return.   Mak, a soldier, faces numerous challenges: battling diseases, dealing with the loss of companions, and struggling to reconcile his duties with his family responsibilities. Despite his perilous journey, he survives and eventually returns home, where he discovers Nak's ghost is still haunting their household.   To resolve the haunting, Mak seeks guidance from religious leaders, including Somdet, who advises him to become a monk to alleviate his karma and improve his chances of reuniting with Nak. However, Nak's lingering presence complicates their potential reunion, as she resists leaving until Mak fully atones for his past actions.   The narrative concludes with Nak's spirit being confined within a relic, ensuring her peace and preventing further harm. Mak's journey"
9452055,"The story centers on a group led by Chief Inspector Even Longer and Inspector Rather Short, along with tourist Dieter Dubinsky, as they investigate the mysterious criminal known as the Wanker, who is terrorizing London. Through clues and a witness account, they uncover that the Wanker is actually Inspector Rather Short, who faked his death and has been committing crimes in disguise. During the final confrontation, Rather Short kills himself, ending the threat. Despite personal losses, Even Longer clears his name and resolves the case, though he grapples with his partner's death and his own reputation. The narrative concludes with Even Longer moving forward, finding some peace despite the tragic events."
9286958,"The group investigates a mysterious creature in Black Lake after a man is killed, possibly by a prehistoric beast. They use a variety of methods, including traps and tranquilizers, to capture the creature, which turns out to be a crocodile. Despite initial tension between the characters, they manage to subdue the crocodile and secure it for transport to Portland. Meanwhile, personal issues and misunderstandings among the team members add layers of conflict and emotional depth to the story. The group uncovers a terrifying prehistoric crocodile in Black Lake after a man is killed, leading them to use traps and tranquilizers to subdue the creature. Despite their efforts, tensions rise among the team, and they eventually manage to capture the crocodile, transporting it to Portland for further study. Personal conflicts and misunderstandings among the team members add emotional complexity to the narrative."
9455872,"The story centers on Gerda (also known as Minna) and Kai, set in a hotel during a severe winter. Gerda's mother dies in the snow, leaving her father deeply grieving. Kai, a bellboy, is drawn into a quest involving a magical mirror stolen by the Snow Queen, who aims to rule eternally. Gerda and Kai escape the hotel, facing the harsh winter, and successfully return. The tale explores themes of love, loss, and redemption, with Gerda overcoming her fears and Kai confronting his feelings for Gerda despite the Snow Queen's schemes."
9410616,"The subtitles depict a complex narrative centered around a bank heist and its repercussions. The story begins with Vesta attempting to cash a check while under suspicion, leading to interactions with law enforcement. As authorities uncover connections to a larger criminal operation, a violent confrontation ensues during a high-speed chase. Meanwhile, Charley Varrick, a charismatic leader, orchestrates the heist and evades capture, while navigating personal relationships and professional obligations. The plot intertwines various characters' lives, culminating in a tense meeting between Varrick and another figure, hinting at potential resolution or further conflict. The story also explores themes of morality and the emotional impact on those involved, adding depth to the suspenseful and action-packed tale."
9394848,"The scene begins with a group of individuals discussing their recent performance and mentioning concerns about Malcolm's health. They critique Simon Foster, the Minister for International Development, for his poor radio appearance. The conversation shifts to political matters, with one character questioning the foreseeability of war, sparking tension. A humorous segment arises as they debate preparing for a desert island scenario, each offering unconventional companionship choices. The dialogue becomes chaotic, with arguments erupting over responsibilities. This culmin"
9207320,"The plot of the movie, as inferred from the provided subtitles, centers around a complex narrative involving multiple characters, including Cheyenne, Desmond, Mary, and others. The story explores themes of love, betrayal, historical atrocities, and personal redemption. Key elements include a group dealing with their struggles, possibly connected through shared experiences or relationships, and references to the Holocaust, which adds depth to their motivations and conflicts. The narrative is marked by emotional moments, humorous exchanges, and intense dialogues, reflecting the multifaceted nature of their lives. The tone shifts between emotional and humorous interactions, underscoring the characters' personal growth and quest for redemption amidst a troubled world. The presence of musical elements, such as the band ""The Pieces of Shit,"" and the mention of artistic endeavors, suggests a layered story that intertwines personal journeys with broader societal issues. Despite the fragmented nature of the subtitles, the overarching theme appears to be about personal growth, seeking justice, and understanding one's past in the context of a troubled world."
9335134,"The plot centers on Zak and his father, Dr. Dopler, as they navigate a high-stakes environment involving government agents, security breaches, and cutting-edge technology. Their mission takes them into a restricted area where they face perilous situations and adversaries. Themes of loyalty, family ties, and scientific exploration are woven throughout, leading to a climactic moment where their lives are jeopardized. The narrative concludes with a tense resolution, highlighting their bond and the challenges they overcome."
9278932,"The story centers on British soldiers in Zululand during the Zulu Wars, highlighting internal conflicts among officers and the arrival of a new officer, William Vereker, who aims to mediate. Tensions escalate as the soldiers prepare for battle against the Zulu. The climax occurs at Rorke's Drift, where the British successfully defend themselves despite being outnumbered. The narrative concludes with the survival of the British forces, though it is implied that heavy casualties were incurred."
9376359,"The transcript revolves around a group of individuals dealing with emotional and relational challenges. Key elements include a ""big brother"" dynamic, a missing sibling, a violent incident involving a car crash or attack, and unresolved tensions among characters. The narrative is fragmented, with multiple scenes and conversations making it difficult to form a coherent plot without additional context. The dialogue highlights emotional struggles, legal issues, and personal relationships, suggesting a complex and troubled dynamic among the characters."
9519588,"The group faces a harrowing escape from a dangerous tower, using Timmy's cleverness to navigate traps and evade enemies. Simultaneously, Timmy discovers a hidden portal to a prehistoric world where dinosaurs and humans coexist. He embarks on an adventure in this realm, encountering challenges and forming bonds with allies like Rex and Jamie. The story highlights themes of sacrifice, friendship, and courage. Ultimately, Timmy decides to return home, leaving behind a tale of bravery and discovery."
9187475,"The plot centers on a group of scientists and officials struggling to contain a mysterious, rapidly evolving alien organism threatening London. The entity, resembling a massive glowing creature, reproduces and spreads via spores, forcing the team to use various containment methods while evacuating affected areas. Their efforts remain futile as the situation becomes increasingly desperate, leaving the city and its inhabitants in peril."
9199331,"The story centers on a tangled web of familial disputes, betrayal, and emotional turmoil involving key figures: Amar, Vijay, Pooja, Kailasnath, and Dayashankar. Amar, torn between loyalty to his friend Vijay and his responsibilities as a husband and father, navigates a complex landscape marked by past regrets, financial transactions, and a volatile relationship with Vijay. The narrative hints at themes of revenge, guilt, and the lasting effects of one's decisions, particularly how these choices affect family bonds and individual well-being."
9255961,"The plot centers on Elizabeth and Reinhard, whose bond is strained as Reinhard departs for Amsterdam, seeking a broader life, while Elizabeth remains in Immensee, committed to her duties. Their emotional farewell underscores their loyalty, though their futures diverge, leaving their relationship's fate uncertain."
9441557,"The plot centers on a group of individuals navigating a chaotic and tragic event—a bomb detonating in the metro, resulting in three deaths. The survivors, including Pierre, Isabelle, and Lucie, grapple with the aftermath,"
9412399,"Dalton Russell meticulously plans a bank robbery at the Manhattan Trust Bank, establishing the ""who,"" ""where,"" ""what,"" and ""when"" of his actions. The ""how"" remains the central mystery. The plot intertwines Dalton's plans with a subplot involving a missing $140,000 and a safe deposit box, while police officers, including Detectives Frazier and Mitchell, navigate the chaos to resolve the hostage situation. The outcome involves the capture of Dalton and his associates, with the fate of the money and the ring adding complexity to the narrative."
9323114,"The film centers on a group of criminals led by Joe Coughlin (played by James Remar) and Larry, who are attempting to retrieve a stolen cache of weapons. Their mission is fraught with tension as they encounter resistance from other criminals, including a police officer named Eddie, who claims to be working with the LAPD. The stakes rise when Larry is forced to kill Eddie in a violent confrontation. However, the narrative takes a peculiar turn as the characters delve into unrelated discussions about pop music and waitressing, diverting attention from the main storyline. The film concludes with a lighthearted musical interlude featuring a quirky tune about coconuts, offering a stark contrast to its dark and intense themes."
9287467,"The story revolves around a family dealing with supernatural elements and personal struggles. The protagonist, Arm, is haunted by the ghost of his ex-nanny, Sud Jai, who claims to be a demon rather than a ghost. The family dynamics are tense, with Arm's aunt, Bua, attempting to manage the situation while dealing with her own fears. The narrative becomes increasingly surreal and terrifying as Arm's mental state deteriorates, leading to a climactic confrontation where the family confronts the supernatural entity, resulting in tragic consequences. The story centers on a family coping with supernatural phenomena and personal trauma. The protagonist, Arm, faces恐怖的精神状态和家庭动态紧张。他的舅舅Bua试图管理情况，同时面对自己的恐惧。故事逐渐变得超现实和恐怖，阿姆的心理状态恶化，最终导致一个戏剧性的高潮，家庭与超自然实体展开冲突，结果造成悲剧性后果。 The story is centered on a family dealing with supernatural occurrences and personal emotional turmoil. The protagonist, Arm, grapples with恐怖的精神状态和家庭动态紧张。他的舅舅Bua试图管理情况，同时面对自己的恐惧。故事逐渐变得超现实和恐怖，阿姆的心理状态恶化，最终导致一个戏剧性的高潮，家庭与超自然实体展开冲突，结果造成悲剧性后果。 The story is centered on a family dealing with supernatural occurrences and personal emotional turmoil. The protagonist, Arm, faces恐怖的精神状态和家庭动态紧张。他的舅舅Bua试图管理情况，同时面对自己的恐惧。故事逐渐变得超现实和恐怖，阿姆的心理状态恶化，最终导致一个戏剧性的高潮，家庭与超自然实体展开冲突，结果造成悲剧性后果。 The story is centered on a family dealing with supernatural occurrences and personal emotional turmoil. The protagonist, Arm, faces恐怖的精神状态和家庭动态紧张。他的舅舅Bua试图管理情况，同时面对自己的恐惧。故事逐渐变得超现实和恐怖，阿姆的心理状态恶化，最终导致一个戏剧"
9308443,"The story centers on a high school football team, the Mustangs, from a challenging neighborhood. Under Coach Sean Porter, the team represents more than just a sport; it's a chance for players, often entangled in gangs or failing school, to rebuild their lives. Through rigorous training and teamwork, the players strive to overcome personal struggles and societal expectations. While they lose the championship game, their collective effort and growth are celebrated, highlighting the transformative power of the program."
9356920,"The plot centers on a secret organization's race against time to prevent the theft of a confidential treaty between Japan and another nation. Key figures include a shadowy antagonist referred to as ""the Enemy,"" who orchestrates schemes to achieve his objectives. The protagonist, Sonja, navigates a complex web of betrayal and moral conflict, torn between loyalty and survival. The narrative intertwines multiple subplots involving espionage, political intrigue, and high-stakes pursuits, leading to a climactic moment where the treaty's fate—and potentially Sonja's—are hanging in the balance."
9360529,"The provided subtitles present a fragmented and nonlinear conversation involving multiple characters discussing varied topics such as travel, personal relationships, and emotional struggles. While themes of absence, loss, and family dynamics emerge, the lack of a clear narrative structure and context makes it difficult to summarize cohesively. The provided subtitles present a fragmented and nonlinear conversation involving multiple characters discussing varied topics such as travel, personal relationships, and emotional struggles. While themes of absence, loss, and family dynamics emerge, the lack of a clear narrative structure and context makes it difficult to summarize cohesively."
9203994,"The transcript presents a complex narrative blending elements of a suspenseful action film and political intrigue. Key figures include ""Classic,"" ""Pete Garrison,"" and ""Montrose,"" whose roles suggest involvement in high-security operations, potentially involving counter-terrorism or political espionage. The presence of the U.S. President and other governmental officials indicates a political subplot, while references to personal relationships and career trajectories among characters add emotional layers. Despite the fragmented nature of the text, it hints at a climactic scenario involving a potential threat to the president, with various teams mobilizing to secure the situation. The transcript concludes with a sense of resolution among certain characters, though the exact plot points remain unclear without further context."
9272592,"The plot involves conflicting interactions among various characters, including Eddie, Nick, Mick, Brian, and Morgan, set against a backdrop possibly in the American West. Themes include honor, loyalty, and tension between different social groups, with references to gunfights and a mix of subcultures. Despite the fragmented nature of the subtitles, the central focus appears to be on Nick's struggles and relationships, hinting at a larger narrative that remains incomplete without further context."
9311683,"Monroe Stahr, a prominent media executive in New York City, faces numerous challenges as he navigates relationships with colleagues, deals with a writers' strike, and balances personal and professional responsibilities. His interactions with various characters, including his girlfriend Cecilia, a rival named Brimmer, and a mysterious figure known as ""The Man,"" highlight his struggle to maintain control while dealing with internal and external conflicts."
9325297,"The scene depicts James, a young advertising executive, attending a gallery opening where he encounters Edie, an artist whose work he admires. While James feels attracted to Edie, he is unsure about his feelings towards her, especially given his prior connection with Edie. Meanwhile, his colleague Morgan appears to be manipulating situations to undermine James's role in the company. The narrative leaves open the possibility of a romantic relationship between James and Edie, but also highlights the complexities and uncertainties that come with such emotions and professional rivalries."
9319905,"The play presents a dramatic conflict between Edwin Booth and his infamous brother, John Wilkes Booth, who is linked to the assassination of President Lincoln. During a performance of ""Richard III,"" John Wilkes Booth sneaks into the theater, causing chaos and tension among the actors and the audience. Edwin Booth, though conflicted due to his brother's notoriety, remains dedicated to his craft, ultimately deciding to proceed with the performance, showcasing his resolve to uphold his reputation despite the negative connotations associated with his family."
9278060,"The story centers on Nella Vago, a renowned opera singer, and Albert, her fiancé and a director at the Royal Opera in Budapest. During a live radio broadcast, Nella performs and discusses her career aspirations, revealing her desire to move to America to achieve greater success. Albert, concerned about losing her to another country, tries to convince her to stay, even offering support for her career despite their engagement. However, Nella remains determined, leading to the unraveling of their relationship. The narrative concludes as Nella leaves for America, symbolizing her unwavering commitment to her career over her personal life."
9426542,"The story follows the misadventures of a group of U.S. soldiers stationed in Korea during the Korean War. Their lives revolve around their relationships, struggles, and humorous encounters while dealing with the chaos of war. Key characters include Radar O'Reilly, a clever corporal; Hawkeye Pierce, a laid-back yet skilled surgeon; Duke Forrest, a brash colonel; and others who navigate the absurdities of war and bureaucracy. The narrative also touches on themes of camaraderie, survival, and the human condition amidst the turmoil of conflict. The story revolves around a group of U.S. soldiers in Korea during the Korean War, highlighting their chaotic and often humorous experiences. Central characters include Radar O'Reilly, a resourceful corporal; Hawkeye Pierce, a laid-back yet capable surgeon; and Duke Forrest, a hot-tempered colonel. Together, they navigate the absurdity of war, bureaucratic inefficiencies, and personal challenges, forming bonds of camaraderie while dealing with the relentless demands of their roles."
9425180,"The plot centers on Xu Xian, a herbalist entangled in a complex conflict between Fa Hai, the Abbott of Jinshan Temple, and a white snake demon named Susu, who is Fa Hai's wife. The story unfolds amidst the mystical settings of Jinshan Temple and the Lei Feng Pagoda, where a rare spirit herb resides, capable of reviving the dead. Tensions escalate as Fa Hai attempts to capture Xu Xian, whom he suspects is linked to Susu's demise. The narrative explores themes of love, sacrifice, and moral dilemmas, highlighting Xu Xian's emotional journey and the fateful choices Fa Hai faces regarding his"
9391897,"The film revolves around a group of astronauts and their families as they prepare for a groundbreaking mission. Commander Stone Hopper is lauded for his exceptional bravery and leadership, earning the Navy Cross and Silver Star. His brother, Lieutenant Commander Alex Hopper, also plays a key role. The story intertwines themes of family, sacrifice, and the complexities of such a monumental task. A lighter moment involves a mysterious, door-like object, adding humor to the otherwise tense atmosphere. The narrative underscores the power of unity and collaboration in overcoming challenges and achieving remarkable accomplishments."
9326279,"The plot revolves around Lola and Manni navigating a high-stakes scenario involving a lost bag containing 100,000 marks. Lola is desperate to recover the bag, which holds significant value, while Manni attempts to assist her despite facing complications, including potential betrayal by Ronnie. The narrative intertwines their personal struggles—Lola's marital issues and Manni's financial troubles—with the urgent quest for the lost money. The conversation highlights themes of trust, uncertainty, and the pressures of time, as Lola and Manni grapple with both their personal lives and the formidable challenge of retrieving the bag."
9224419,"The story centers on a corrupt Chief Minister, Natwar Shah, who has embezzled Rs.2500 crores. The public prosecutor seeks to remand him to expose the fraud, while the Chief Minister attempts to flee the country by offering half the money. Inspector Pyare Mohan and his team, however, manage to rescue the Chief Minister, though complications ensue with counterfeit sellers. Ultimately, the inspector is promoted, suggesting a favorable outcome."
9403636,"In the heartwarming story of *Bambi*, a young deer navigates the trials of spring, including falling victim to ""twitterpated"" feelings toward a female deer named Faline. Overcoming obstacles like avoiding humans and understanding nature, Bambi and Faline form a deep connection, embodying the timeless theme of love's enduring power, celebrated through the recurring melody of ""love's sweet music."""
9514058,"In a small Midwestern town, two hitmen, Max and Al, work at a diner awaiting their target, Ole Andreson, who has been tricked into town. Meanwhile, diner owner George gets involved after his friend, Nick Adams, is tied up by the killers alongside the cook. As tensions rise, the group confronts the inevitability of violence and grapples with the moral ambiguity of their actions. The film explores themes of fate, free will, and the tragic consequences of one's choices, contrasting the quiet town with the underlying tension of impending violence."
9257552,"The plot centers on Jason Bourne, a disaffected CIA operative whose memory has been erased, struggling to recall his identity and purpose. After escaping capture, he seeks aid from a mysterious ally, Giancarlo, who provides partial insights but conceals critical truths. Bourne"
9345447,"The story centers on Tetsuo Shima, a rebellious biker, alongside his friends Kaneda and Kei, as they navigate conflicts with rival gangs and later confront the government. The plot becomes surreal, exploring themes of power and identity, culminating in a tragic encounter with Akira, a figure linked to Tetsuo's unraveling psyche."
9242689,"The story centers on the theft of the Pink Panther diamond, a revered religious symbol and the world's most valuable gemstone. The diamond is housed in a museum and protected by advanced security measures, but it remains vulnerable to a clever thief known as the Phantom. The narrative intertwines multiple threads: the efforts of Inspector Clouseau, a renowned French detective, and Colonel Sharki of the Lugash Secret Police to"
9380900,"The plot centers on Arthur Frayn, masquerading as Zardoz, a manipulative figure who controls a society of immortal beings through a system of vortices. He uses his powers to influence their actions and beliefs, including the use of guns to eliminate brutals. The society faces internal conflicts, such as selective breeding and the ethical implications of their immortality, while Arthur's mysterious disappearance and the malfunction of the tabernacle lead to the collapse of their structured existence. Ultimately, the story explores themes of creation, destruction, and the inevitability of death."
9285144,"The plot centers on Peter and Kimani, former friends turned adversaries amidst Kenya's political turmoil. Elizabeth, pregnant, seeks peace while Jeff opposes it, believing in racial hierarchy. Kimani aligns with Mau Mau, leading to a confrontation where Peter must choose between his family and Kimani's fate."
9515309,"The story centers on Jimmy Dworski, an inmate who cleverly navigates prison life, secures his release through strategic manipulation, and upon leaving, gains employment, highlighting themes of ingenuity and personal determination."
9400425,"The plot centers around a race to acquire Dr. Wong's radioscope invention, with representatives from various companies competing to purchase it. Dr. Wong insists on demonstrating its capabilities, causing chaos as different characters interfere. The climax involves a failed attempt by foreign delegates to seize the invention, ultimately allowing Professor Quail to escort Dr. Wong and the radioscope to Shanghai, leaving the outcome uncertain."
9352504,"The town is engulfed in turmoil as two powerful gangs, led by Seibei and Ushitora, clash in a brutal struggle for dominance. Seibei, once a respected leader, attempts to preserve order but faces relentless opposition from Ushitora, who seeks to seize control. The conflict intensifies with violent confrontations, including the recruitment of mercenaries and the manipulation of a shadowy casket maker, whose motives remain ambiguous. As the chaos unfolds, the town descends into lawlessness, with the fate of key figures hanging in the balance. The narrative concludes with the town in ruins, suggesting a tragic outcome for the central characters involved."
9312229,"The story centers on a group led by Grant Murdoch, a daring pilot, alongside marine biologist Peter Bar tell and actress Jane Winters, who confront a mutant creature resulting from a failed scientific experiment. Their mission is to stop the creature threatening their community, despite facing a tropical storm, mechanical issues, and the creature's deadly nature. They eventually use electricity and their own blood to subdue the monster, facing immense risks and tension throughout."
9433056,"The conversation revolves around family dynamics, including sibling rivalry, parent-child relationships, and the importance of charity and prayer. The teenagers discuss their responsibilities, the distribution of items for charity, and the consequences of their actions. There's tension when they mismanage resources intended for charity, leading to conflict resolution through communication and understanding. The conversation centers on family interactions, highlighting themes of responsibility, charity, and conflict resolution among siblings. The teens discuss distributing donated items and money for charitable purposes, face conflicts arising from misunderstandings, and ultimately resolve their issues through dialogue."
9516430,"The story centers on Marie Allen, a woman navigating the harsh realities of a correctional facility. Her journey begins with her pregnancy and the subsequent legal complications that lead to her incarceration. Through her interactions with fellow inmates and corrections staff, Marie faces systemic injustices and the arbitrary decisions of authority figures. Despite these challenges, Marie maintains her dignity and resilience, striving to plan for her release and reconnect with her family. The narrative also highlights the camaraderie among inmates, their struggles, and the occasional moments of hope and solidarity. Ultimately, Marie's determination and the support of a few kind individuals help her rebuild her life upon her release, though the scars of her experiences remain."
9315956,"The story centers on Zebraman, a half-alien hero who struggles to protect Earth from invaders while dealing with personal issues and societal pressures."
9292939,"The plot centers on King Shahdov, a displaced monarch from Estrovia, who seeks refuge in America along with his advisor Dr. Voudel and a young boy named Rupert. Escaping a revolution, Shahdov carries a vast fortune and secret atomic blueprints. However, he faces financial struggles, press accusations, and schemes from various characters attempting to exploit his situation. Despite these challenges, Shahdov remains dedicated to preserving his atomic plans and securing his legacy. The narrative concludes with hopeful tones, undersc"
9377147,"The plot centers on Guido Contini, a celebrated director grappling with creative stagnation and personal turmoil as he prepares to begin filming his new project, *Italia*. Despite his past achievements, Guido struggles to articulate the essence of his work, leading him to question his career and relationships. His producer, Dante, and wife, Luisa, offer support, but Guido's anxiety prevents him from proceeding. The story explores themes of artistic creation, self-discovery, and the challenges of love and responsibility, ending with Guido deciding to confront his fears and commence the film."
9434986,"In the story, Tom Sawyer and his friend Huck Finn embark on an adventurous journey to uncover a hidden treasure near the Mississippi River. Their quest begins after escaping from the town orphanage, where Tom is forced to live with Aunt Polly. Along the way, they face numerous challenges, including encounters with strangers, navigating treacherous environments, and grappling with moral dilemmas. Despite these obstacles, Tom and Huck manage to locate the treasure and return safely. Throughout their odyssey, Tom showcases remarkable bravery and ingenuity, earning admiration from others and leaving a lasting impact on those he meets."
9274336,"The story centers on Genji Takiya, a driven student at Suzuran Boys' High School, who aspires to become the ""King of Suzuran."" His journey is marked by intense rivalries with the powerful Serizawa family and navigating the school's turbulent environment. Through various characters, the narrative delves into themes of loyalty, self-discovery, and personal growth. The climax features a pivotal battle between Genji and Tamao Serizawa, representing Genji's quest for dominance and self-actualization."
9272538,"The story begins with Buttercup, a young girl on a farm in Florin, who takes pleasure in bossing around Westley, the farm boy. Despite her cruelty, Westley secretly adores her. After Westley leaves to seek his fortune, he gets captured by the Dread Pirate Roberts, who kills him. Upon hearing this, Buttercup is devastated and refuses to eat or sleep, believing she'll never love again. Five years later, the king announces that Buttercup, now a princess, is to marry Prince Humperdinck. However, she doesn't love him and feels empty inside.  Meanwhile, Westley is chained in a dungeon, and Inigo Montoya, seeking revenge for his father's murder, confronts him. Through a series of events involving Fezzik, a giant, and a group of performers, Westley and Buttercup are eventually reunited. Their love story culminates in a passionate kiss that surpasses all others, leaving them to live happily ever after. Buttercup, a cruel farm girl, falls in love with Westley, a kind boy. After Westley is killed by pirates, Buttercup is heartbroken. Years later, she's betrothed to Prince Humperdinck but remains unloved. Meanwhile, Westley survives and seeks revenge against Inigo Montoya, who wrongly accuses him of killing his father. Through a series of adventures with friends, Westley rescues Buttercup, and they reunite, sharing a passionate kiss that cements their love. They live happily together, proving that true love conquers all. Wait, but according to the instructions, I should only use information supported by the subtitles. So maybe I should adjust the summary based solely on the provided text without adding any external knowledge. Let me re-examine the subtitles: The story starts with Buttercup tormenting Westley, who secretly loves her. Westley leaves, gets captured by pirates, killed. Buttercup is devastated, stops eating, etc. Later, she's engaged to a prince she doesn't love. Meanwhile, Westley is alive, being chased by Inigo Montoya (who thinks he killed his dad). With the help of Fezzik and others, Westley escapes, goes to rescue Buttercup, they meet, share a kiss, and live happily. So the key points are: 1. Buttercup and Westley's initial relationship. 2. Westley's capture and death"
9409192,"*Abraham Lincoln: A House Divided*   Washington D.C., Ford’s Theatre, and various locations across the American South during the Civil War.   - The President of the United States, whose leadership and decisions are central to the story.   - A Confederate spy operating under the alias ""Mrs. Mary Vain,"" who works closely with Major Allen Pinkerton, General McClellan’s chief of secret operations.   - A young actress and spy, known for her performances in Washington, who is manipulated by both sides of the conflict.   - A key figure in the Union’s intelligence network, who recruits and manages spies like Pauline Cushman and Gail Loveless.   - Union officers tasked with infiltrating Confederate lines and completing espionage missions.   - Supporting characters involved in the plot’s emotional and political tensions.   The story unfolds during the Civil War, focusing on the espionage activities surrounding Abraham Lincoln. Pauline Cushman, posing as a Southern sympathizer, is recruited by Major Allen Pinkerton to gather intelligence. She is paired with Gail Loveless, a naive actress who becomes entangled in the spy game. Through their efforts, crucial information is gathered, but personal emotions complicate their roles—Pauline begins to care for Gail, while Gail is manipulated by both sides. The narrative also delves into the moral complexities of war, showing how individuals are caught between loyalty and love, often leading to tragic consequences. Key events include the Battle of Drewry’s Bluff, where spies are nearly exposed, and the subsequent chase to Richmond, highlighting the tension and danger faced by spies. The story ends with a reflection on the cost of war and the loss of innocence, emphasizing the human cost of the conflict. --- The film depicts the espionage activities surrounding Abraham Lincoln during the Civil War, focusing on the lives of Pauline Cushman, a Confederate spy, and Gail Loveless, a young actress ensnared in the spy game. Central to the plot are the efforts of Major Allen Pinkerton and his team to gather critical intelligence, which often leads to personal and emotional conflicts. The narrative also explores the moral"
9342282,"Frank Serpico, a patrolman in the NYPD, becomes involved in a series of events after being shot by corrupt colleagues. He faces internal conflicts, corruption within the police department, and struggles to maintain his integrity despite facing severe consequences. Ultimately, his actions lead to reforms in the police force."
9456497,"The story centers on a group of criminals and boxers navigating a treacherous world of organized crime, betrayal, and violence. Key figures include Joseph, a Jewish scholar, and Mutti, his partner, who become entangled in a mystery involving a missing diamond and a cryptic religious text. Their journey leads them to Boris, a Russian boxer with questionable ethics, and Tommy, a former promoter turned arms dealer, who is drawn into"
9326881,"The scene begins on a train departing from New York City, with passengers including Andrew Colby, a wealthy man accompanied by his personal secretary, Miss Faraday. Their relationship appears tense, as Miss Faraday expresses frustration over Colby's absence and implies his failure to meet her upon his release from prison. Colby hints at expectations regarding Mr. Colby's presence but soon shifts focus to a legal dispute involving his friend Kroner and a man named Emilio Canepa, whose banana pushcart was damaged due to Colby's negligence. Miss Faraday mediates the situation but is intercepted by Robert Regan, an attorney representing Canepa. Their interaction reveals a larger conspiracy involving forged bonds and potential murder. Miss Faraday's knowledge of the safe combination suggests her involvement in the cover-up. Tension escalates with the discovery of Charles,"
9344664,"The story centers on Carlos Rueda, a playwright whose wife, Cecilia, mysteriously vanishes during Argentina's military dictatorship. Haunted by memories of Cecilia and the regime's atrocities, Carlos navigates a world where speaking out risks consequences, and he grapples with the weight of truth and loss."
9205535,"The plot involves John Brant, a convicted murderer, evading capture by both law enforcement and criminals. He meets Smith, whose loyalty is initially uncertain but becomes crucial. Together, they face betrayal and obstacles, leading to a climactic confrontation where Brant's innocence is revealed, though Smith's fate is uncertain."
9287099,"The story centers on a group of partisans, including Leonito and Olmo, who are actively resisting a fascist regime in Italy during World War II. The narrative intertwines moments of intense conflict with personal vignettes, highlighting their camaraderie and resilience. Themes of sacrifice and hope emerge as the characters navigate both battlefields and personal challenges. The tone oscillates between dramatic and humorous, offering insights into their lives beyond their roles as fighters, ultimately emphasizing unity and determination in the face of adversity."
9447416,"The plot centers on the acquisition of Whistler's Mother by the Grierson Gallery of California, a significant cultural event marked by the controversial figure of Mr. Bean. Initially"
9470963,"The narrative centers on Sir Basil Winterton, a wealthy yet flawed individual whose self-indulgence and neglectful parenting have led to the estrangement of his children. Among his offspring is Tony, a resilient young woman who, despite her father's erratic behavior, harbors deep affection for him. Tony embarks on a perilous transatlantic flight with a group aiming to reunite Sir Basil with his scattered family, though the journey ends tragically with the plane crashing. The story intertwines themes of family, responsibility, and love, with characters like Dr. MacDonald and Larkin critiquing Sir Basil's reckless decisions while Tony's courage and loyalty shine through. The outcome leaves her fate uncertain, leaving viewers to ponder the consequences of Sir Basil's choices and the enduring bond between parent and child."
9272124,"The movie centers on a dysfunctional family dealing with love, marriage, and societal expectations in the 1960s. Mr. Wilson, a tax consultant, is involved in an affair, while his wife Marge feels neglected and contemplates leaving. Their daughter Suzie grapples with her own identity amidst her parents' turmoil. Themes of love, fidelity, and family dynamics are central, set against the backdrop of cultural shifts of the era."
9472078,"The story centers on Buck McKay and his intellectually disabled sister Molly, detailing their escape from an institution and their struggle to adapt to a new life together. Despite facing challenges such as Molly's self-wetting and their tense relationship, they seek aid from Dr. Prentice and others, ultimately securing Molly a spot in a halfway house. Themes of family bonds, love, and resilience emerge, illustrating their journey toward acceptance and self-sufficiency."
9367788,"Katherine Grant, a renowned photographer, quits her job at ""Mirror Magazine"" after facing unfair criticism from her boss, Mr. Christley, who disapproves of her artistic choices. Despite her resignation, she remains dedicated to pursuing her passion for photography. During a conversation with Mr. Christley, he suggests she photograph the construction of the Interborough Vehicular River Tunnel Project, but she prefers focusing on artistic subjects rather than mere documentation. Later, she learns of her engagement to Henry Taylor through a call from Mr. Roger Winant, a friend, though she appears uninterested, hinting at her feelings for Mr. Ryan, another suitor. The narrative concludes with a heated exchange between Henry and Ryan, reflecting their rivalry over Katherine. Finally, Katherine leaves the party,"
9200139,"Bastian, a young boy, navigates a world where he grapples with reality and imagination. His father, a strict figure, urges him to confront his fears and responsibilities, particularly following his mother's passing. Bastian encounters a mysterious individual named Mr. Nobody, who introduces him to the concept of a magical realm known as Fantasia, where hope and imagination are crucial elements. Bastian learns that he is a part of a larger narrative, the ""Neverending Story,"" and must fulfill his role within it. Through various challenges, including meeting a wise Empress and a loyal horse named Falkor, Bastian discovers the importance of embracing his destiny. He realizes that his wishes and beliefs can shape Fantasia, preserving it against the encroaching ""Nothing."" Ultimately, Bastian overcomes his fears, finding strength in his own beliefs and the stories he creates, thus fulfilling his purpose in the Neverending Story. Bastian, a boy struggling with reality and imagination, faces pressure from his father to confront his fears and responsibilities"
9250841,"In the winter of 1942, 15 high-ranking Nazi officials gathered at a secluded estate near Berlin to discuss the ""Final Solution,"" a plan to systematically exterminate Jews. Their meeting resulted in policies that led to the deaths of millions. Afterward, some attendees, like Reinhard Heydrich, were involved in subsequent atrocities, while Eichmann oversaw the implementation of the Final Solution and later edited records of the Wannsee Conference to obscure its true nature. The narrative reflects on the profound moral consequences of these events."
9486880,"The story is set during World War II, focusing on British and American prisoners of war forced to build a bridge over the River Kwai. The prisoners endure harsh conditions, including disease and mistreatment, but secretly plan an escape. A British officer, Major Shears, leads the charge to destroy the bridge using explosives hidden in the structure. Despite the risks, the prisoners successfully sabotage the bridge, ensuring their capture is delayed until a more favorable time. The narrative also touches on themes of resilience, camaraderie, and the moral dilemmas faced by soldiers in war. The story is set during World War II, focusing on British and American prisoners of war forced to build a bridge over the River Kwai. The prisoners endure harsh conditions, including disease and mistreatment, but secretly plan an escape. A British officer, Major Shears, leads the charge to destroy the bridge using explosives hidden in the structure. Despite the risks, the prisoners successfully sabotage the bridge, ensuring their capture is delayed until a more favorable time. The narrative also touches on themes of resilience, camaraderie, and the moral dilemmas faced by soldiers in war."
9419582,"The story centers on Faith, who is conflicted between her fiancé Dwayne and her growing feelings for Larry. Larry, long harboring a crush on Faith, takes initiative to court her, leading to emotional conflicts and misunderstandings. The plot explores themes of love, destiny, and personal choices, culminating in a pivotal moment where Larry acknowledges his true feelings, altering the course of their relationship."
9343797,"The conversation centers on Christmas preparations, where Mr. Morrison and his family discuss fostering children, their financial limitations, and the emotional challenges they encounter. The narrative also explores themes of love, loss, and hope, particularly through interactions with Eli and Samuel, whose letters reveal their personal struggles and the profound impact of their passing on those who cherished them."
9210998,"The plot centers on a tangled web of intrigue involving the Ministry of Information, terrorism, and financial misconduct. Key figures include Deputy Minister Eugene Helpmann, who discusses the rise in terrorist activities and the Ministry's role in combating them. However, questions arise about the Ministry's size and practices, particularly concerning information retrieval charges. The narrative also delves into themes of corruption, betrayal, loyalty, and moral ambiguity, intertwined with festive celebrations. Characters like Mr. Buttle and Sam Lowry face personal and professional challenges as they navigate a complex series of events involving forgery, obstruction of justice, and personal sacrifice."
9230267,"The story centers on a group of scientists, including Dr. Ernest Hubbs, who investigate a mysterious phenomenon in Arizona involving ants exhibiting advanced behaviors, such as communication and decision-making. This leads to concerns about a potential biological imbalance. Dr. Hubbs proposes establishing a research station to study and control the situation, but his efforts are hindered by various challenges, including interference from external forces and the ants' rapid expansion and adaptation. The narrative becomes increasingly tense as the characters grapple with the implications of their discovery and the growing threat posed by the ants."
9254691,"Kenneth Zevo, on his deathbed, transfers control of his toy company to his estranged son Leland, who reluctantly quits the military to assume leadership. Despite their strained relationship, Leland agrees to take over, though his sister Alsatia is revealed to be a robot, and his brother Leslie struggles with assuming management. During a crisis involving a malfunctioning robot, Leland discovers Alsatia's robotic nature and tries to mend fences with his father, but Kenneth passes away. Leland inherits the company, promising to uphold his father's legacy, and"
9312368,"On Valentine's Day, Kenya McQueen, a single black professional woman, grapples with societal expectations and her quest for love. She navigates emotional challenges, humorous moments, and reflections on love, family, and personal growth, ultimately finding strength in herself and her connections."
9195602,"In the early 1990s, Jerry Stahl was a successful television writer earning $5,000 weekly while simultaneously struggling with a $6,000-a-week heroin and cocaine addiction. His darkly humorous book, *Permanent Midnight*, chronicles his descent into addiction and his eventual recovery. The film adaptation explores his double life in Hollywood, balancing his writing career with his drug use. It also delves into how he managed to hide his addiction from colleagues despite their self-absorption, allowing him to continue working while using heroin and syringes in his office during the day. After hitting rock bottom, Stahl sought treatment and rebuilt his life, eventually moving to Alaska to run a brewery with his brother. The documentary sheds light on the personal and professional struggles faced by those in the public eye dealing with addiction."
9332834,"*The Big Lebowski* (parody) A surreal, alternate reality where John Malkovich is a celebrated puppeteer, and Craig Schwartz is a failed file clerk seeking redemption. - A neurotic, self-pitying man struggling with his identity and career. - Malkovich's wife and business partner, who becomes pregnant by Craig in Malkovich's subconscious. - A mysterious figure who manipulates Craig and Maxine, aiming to possess Malkovich's body. - A chimp with health issues, whose care Craig takes on reluctantly. - A mysterious figure associated with Malkovich's alter ego. - Include various colleagues and associates, like Floris and Charlie, who exist in this strange, disjointed universe. In this bizarre world, John Malkovich is celebrated as a renowned puppeteer, while Craig Schwartz, once a promising file clerk, has fallen into a pitiful state, constantly repeating phrases like ""honey"" and ""seven and a half,"" reflecting his existential despair. Craig is invited to interview with Dr. Lester, a shadowy figure who seems to know more about Craig than he does, hinting at deeper conspiracies. Meanwhile, Malkovich's wife, Maxine, discovers Craig's pregnancy in Malkovich's subconscious, leading to tension and conflict. As Craig navigates this surreal landscape, he struggles with his identity, his relationship with Maxine, and the mysterious intentions of Dr. Lester, who appears to be manipulating events to control Malkovich's body. The narrative weaves elements of absurdity, existential dread, and dark humor, ultimately exploring themes of love, loss, and the search for purpose in a world that often feels indifferent or hostile. --- In this surreal, alternate reality, John Malkovich is celebrated as a renowned puppeteer, while Craig Schwartz, a failed file clerk, struggles with his identity and career, repeatedly muttering phrases like ""honey"" and ""seven and a half."" Craig interviews with Dr. Lester, a shadowy figure who knows more about him than he does, hinting at deeper conspiracies. Meanwhile, Malkovich's wife, Maxine, discovers Craig's pregnancy in Malkovich's subconscious, causing tension. Craig navigates this bizarre world, dealing with his existential despair, his relationship"
9286226,"The plot centers on Paden and Cobb, rivals involved in a conflict over horses, with Paden surviving an attack and later confronting Cobb. Other characters, including Sheriff Langston and Augie, face their own struggles amidst the turmoil. The story concludes with Paden leaving for California, while Cobb's fate remains uncertain."
9427482,"The movie centers on a risky experimental mission called Operation Stardust, aiming to send a spacecraft, Stardust, beyond Earth's gravitational pull. The crew includes Commander Michael Hayden, his co-pilot Larry Noble, and scientist Dr. Ellen BLANDFORD. The mission is fraught with dangers, including potential mechanical failures and the presence of a hidden bomb on the spacecraft. Despite the risks, the team is committed to achieving the historic feat. The film also explores themes of sacrifice, family, and the implications of scientific progress. The movie depicts a perilous experimental mission, Operation Stardust, aiming to surpass Earth's gravity. Commander Michael Hayden, alongside his crew, faces mechanical issues and a hidden bomb, risking their lives for science. Themes of sacrifice and family are central, highlighting the challenges of pushing human boundaries."
9327548,"The user has provided a set of subtitles from a movie or show. The task is to create a plot summary based solely on the given subtitles, without adding any extra information. The summary should be concise and capture the essence of the scene or scenes depicted."
9460190,"Samuel Ramos, a Mexican industrialist, hires John Creasy as a bodyguard following the tragic death of his previous bodyguard, Emilio, during a kidnapping incident. Creasy, a former soldier with a history of alcoholism, reluctantly accepts the job for $10,000. Throughout his tenure, he uncovers that the ransom money was embezzled by Victor Fuentes, leading to the fatal kidnapping of Samuel's daughter, Pita. Haunted by guilt, Creasy confronts Samuel, revealing the truth about the failed ransom and Pita's demise. Their encounter ends with Creasy leaving, determined to seek justice for those involved, including The Voice (Daniel Sánchez), the mastermind behind the kidnappings. The film concludes with Creasy tracking down The Voice, leading to his arrest and subsequent death, while Samuel and his wife, Lisa, find solace in their reconciliation and newfound resolve to move forward."
9472717,"After the end of the world, Sun Ra, a black musician and thinker, arrives on Earth with his intergalactic Solar Arkestra, claiming to have a plan for the salvation of the black race. He proposes establishing a colony for black people on a separate planet where they can live harmoniously without white interference. The music and vibrations of this new planet are said to"
9221981,"The story centers on the Great McGonigle, a renowned actor, and his theatrical troupe as they navigate various comedic and legal challenges while traveling from town to town. The group faces mishaps such as missing tickets, arguments among cast members, and interactions with local authorities. A mysterious telegram and the arrival of a sheriff add tension, threatening the Great McGonigle's reputation and financial interests. Despite the turmoil, the group successfully escapes, though some loose ends remain, leaving the audience with a blend of humor and unresolved drama."
9383126,"The story revolves around a group of men—Larry, Moe, and Kelly—as they navigate a series of comedic misadventures while attempting to resolve a car malfunction known as ""the squeak."" Their efforts to fix the issue lead to slapstick moments, such as one member being squeezed in a sewer pipe. The group interacts with Colonel"
9512869,"In a distant kingdom, Cinderella resides with her widowed father and two stepsisters, Anastasia and Drizella, who envy her natural beauty. Upon her father's remarriage to a cruel and envious stepmother, Cinderella faces mistreatment and is reduced to serving as a servant within her own home. Despite her hardships, Cinderella remains kind and hopeful, nurturing a belief in her eventual happiness. Her kindness draws the Prince's attention, who seeks her after discovering a glass slipper left behind at a royal ball. The slipper fits only Cinderella, confirming her as the Prince's intended bride. However, the stepsisters conspire to thwart this union, creating chaos and conflict. Through her unwavering perseverance and faith in her dreams, Cinderella overcomes adversity, securing her happily ever after."
9207983,"Christopher Isherwood, a middle-aged British novelist, faces writer's block and financial struggles, moving to Berlin in 1931 for inspiration. The city's bleakness and rising Nazi presence weigh heavily on him. He encounters Sally Bowles, an eccentric and celebrated figure, whom he admires but whose quirks and flaws he gradually notices. Despite his hesitations,"
9380272,"The conversation centers on Caleb and Gwen's relationship, with Caleb expressing his feelings for her through song lyrics, while Gwen doubts his sincerity, fearing he may be pretending to be gay to socialize rather than genuinely caring. Their discussion also reflects broader themes about societal perceptions of homosexuality and the intricacies of romantic connections."
9215333,"The story centers on the Franklin family, highlighting Maude's desire to marry despite her father's wishes, Eliza's growing independence amidst revolutionary stirrings, and Jeremy's struggle to manage his inn and guide his daughters toward responsible choices. Themes of love, duty, and societal expectations are woven throughout, culminating in a heartwarming resolution where Maude finds love and Eliza embraces her own path."
9428209,"The story revolves around Rachel Sutherland, a woman who seems to be involved in some kind of secret operation involving birds, possibly related to a Falcon. She interacts with Humphrey, a bird, and has a conversation with agents Hartz and Halsel, who are setting up a command post in her apartment. There’s also mention of a mysterious event called the ""Amanzimway Massacre,"" which appears to be a significant historical or cultural event tied to the current plot. Additionally, there are elements of an assassination plot involving political figures like the President of Moracala, and mentions of a character named McMillan, who is involved in some dangerous mission. The narrative also touches upon themes of loyalty, danger, and personal sacrifice, as Rachel considers taking risks for her safety and well-being. But wait, I need to make sure I only include info from the subtitles. Let me review the subtitles again. Looking through the subtitles, the main characters are Rachel Sutherland, Humphrey (a bird), Agents Hartz and Halsel, and others like McMillan and MKambati. The story involves Rachel allowing agents to set up a command post in her apartment, which pays her $200 a day. She has a bird named Humphrey. There's a mention of a peregrine falcon and a caracara from Central America.  There's a reference to the ""Amanzimway Massacre"" and a connection to an assassination plot involving the President of Moracala. McMillan is involved, and there's a discussion about a possible conspiracy. There's also a part where Rachel is considering helping the agents but is hesitant due to privacy concerns.  Additionally, there's a scene where Rachel is leaving for work, interacting with someone named Dave McMllan, and there's a mention of a Chinese restaurant. There's a part where she is injured, and there's a bird on her balcony, which is taken care of by a falconry expert.  So, putting this together, the key points are: - Rachel Sutherland lives with a bird named Humphrey. - She allows federal agents Hartz and Halsel to set up a command post in her apartment for $200/day. - She is cautious about privacy and doesn’t want strangers going through her things. - There's a mysterious event called the ""Amanzimway Massacre"" which seems to be a significant historical event. - The President of Mor"
9331432,"Set in the vibrant tapestry of New York City, the film explores the interconnected lives of various characters navigating their personal and professional journeys. Central to the narrative are the relationships between Sam, Deborah, Johnny, Mrs. Niotes, and Mr. Niotes, whose interactions reveal a mix of camaraderie, longing, and emotional complexities. The story intertwines their daily lives, highlighting moments of love, loss, and renewal, against the backdrop of a bustling urban environment. Key elements include the romantic subplot involving Christy and Johnny, the arrival of"
9205503,"The story centers on Raphael, Michael, and Gabriel, three powerful archangels tasked with defeating Lucifer after his rebellion against God. Raphael is deeply affected as his sister, Margaret, becomes entangled in Lucifer's influence. The narrative unfolds across various settings, including a hospital, a school, and a town plagued by supernatural occurrences. Key elements include possession, a climactic battle against Lucifer, and the angels' quest to prevent chaos and ensure the Second Coming. Personal struggles and a confrontation with Thomas Damon, potentially a Lucifer vessel, add depth. Themes of good versus evil, family sacrifice, and redemption underscore the tale."
9380899,"The narrative centers on Lili, a young girl who arrives in a small French village seeking refuge after her father's death and her family's financial collapse. Desperate and alone, she seeks aid from Mr. Godet, an old family friend who reluctantly agrees to take her in, offering her shelter and employment in his bakery"
9428595,"The provided transcript is highly fragmented and lacks a clear narrative structure, making it difficult to summarize cohesively. It features multiple scenes with varying themes, including real estate transactions, medical discussions, and references to a nuclear device. The language is informal, and the content jumps between different subjects without a clear connection. As a result, it's challenging to extract a meaningful plot summary from this material."
9252267,"The scene begins with a group of students plotting to disrupt their school, discussing plans to detonate explosives in key locations like the cafeteria, gym, and auditorium. They target areas where jocks are likely to gather, equipped with weapons such as rifles and shotguns. The leader remains composed, enjoying the thrill, noting they have sufficient supplies to last the day. As they move through the school, they encounter resistance: a teacher attempts to intervene but is dismissed. Separately, a student named Nate is caught alone, taken hostage, and threatened unless he reveals information about a potential threat. The leader, upon realizing Nate's fear, decides to release him, cautioning Nate about future conflicts between students and authorities. Simultaneously, another group, including Caroline and Eli, addresses the chaos, discussing the futility of judging someone's sexual orientation by appearance, comparing it to wearing pink or rainbow bracelets. They emphasize the importance of supporting each other despite differences. The scene concludes with the initial group departing, having caused significant destruction, while the other students process the events and prepare for the aftermath."
9344228,"The story centers on Elizabeth, a determined nurse navigating both her professional and personal lives. At work, she is supported by colleagues like Dr. Masterson and Dr. Walsh, who assist her in securing an attending position, reflecting her dedication and ambition. However, Elizabeth faces personal challenges, particularly concerning a mysterious figure named David, whose connection to her past remains ambiguous. The narrative intertwines themes of love, loss, and self-discovery with her professional successes, illustrating her struggle to balance career and emotional complexities."
9449427,"The mirror has questioned whether you've changed, noting your altered appearance and behavior. Your movements are now uncontrollable, leading you towards someone, while your heart races with fear of the overwhelming emotions you feel. However, there may be a way to find harmony through dance, teaching"
9185217,"The story centers on Cleveland Heep, a pool maintenance worker, who uncovers strange occurrences in his apartment complex, including mysterious creatures and a group known as the Guild. He becomes entangled in a conflict between humans and a water-based civilization called the Blue World, which dispatches young agents to infiltrate Earth. He interacts with various characters, including a reporter, a fitness enthusiast named Reggie, and a young woman named Story, who may play a pivotal role. Themes of bravery, purpose, and interconnectedness emerge throughout, alongside elements of danger and emotional complexity."
9353285,"The story centers on a Jewish family in Pinsk during a severe winter, where a young girl, Yitta, disappears and later returns pregnant, claiming she was saved by a demon. Despite her mysterious origins, she integrates into her family, whose lives are marked by faith, family loyalty, and personal struggles."
9199042,"Stranded in the remote Mexican village of Puerto Miguel after their boat is damaged, the group encounters Leah, a woman claiming to possess a map to a hidden gold mine. Despite warnings from a local priest advising against the venture, the group embarks on the perilous journey, driven by the promise of wealth. Tensions escalate among the members, particularly between John Hooker, a cunning gambler, and others like Fiske and Daly. Hooker's manipulative nature and insatiable greed fuel conflicts, while Leah's motives remain enigmatic. The expedition is fraught with danger from hostile natives and the unforgiving wilderness. Tragically, the quest for gold results in numerous casualties, underscoring the deadly consequences of their pursuit of wealth."
9219255,"The five friends, Jarot, Ale, Jago, Lukman, and Sadat, lived on the streets, facing various challenges and adventures. They were loyal to each other, standing up for one another despite conflicts. Their bond was tested when Jarot's actions led to tragic consequences, including the death of Aisya, Ale's sister, and the destruction of their friendship. Ultimately, the story ends with the group attempting to reconcile their past and move forward, realizing that their internal struggles and external conflicts made them their own worst enemies."
9415443,"The story centers on Jean and Einar navigating their strained relationship while searching for Jean's missing daughter, Griffin. Their journey takes them across various states, encountering challenges and moments of emotional depth, as they grapple with love, loss, and their complex bond."
9192938,"The film depicts a tense conflict between a village and the police, centered around a tragic misunderstanding and a personal vendetta. In the village, a group of individuals, including a family with a missing sister, Soni, are caught between the police, led by Inspector Sahab Singh, and a radical leader, Satyaprakash, who plans to assassinate a prominent figure on Independence Day. The police, under Sahab's command, have burned the village in a failed attempt to flush out terrorists, resulting in civilian casualties. Meanwhile, Sahab threatens to kill Soni unless he succeeds in eliminating Satyaprakash. The story intertwines themes of duty, morality, and the aftermath of"
9310280,"The movie involves astronauts on a mission to explore the moon and beyond, encountering mysterious phenomena such as a ""phantom planet"" and a giant asteroid. They face challenges including equipment malfunctions, near collisions, and unexpected discoveries. Relationships and conflicts among crew members add depth, while the narrative hints at larger cosmic mysteries and the potential consequences of their findings."
9201003,"Ben Carson, a former NYPD detective turned night watchman at the old St. Matthew's Hospital-turned-department-store, is haunted by his past, particularly his role in the deaths of colleagues during a tragic incident involving a mirror maze. His estranged wife, Amy, and their children, Michael and Daisy, live nearby. Ben's life takes a dark turn when mysterious occurrences—mirrors moving on their own, eerie voices, and missing family members—plague his home. After his sister, Angie, is attacked, Ben seeks help from Anna Esseker, an ex-patient of Dr. Kane, whose experiments with mirrors may have unleashed a malevolent entity trapping souls in the mirrors. Ben and Angie journey to a monastery to confront this entity, facing their fears and protecting their family. In a climactic moment, Michael is nearly sacrificed but escapes, leading to a tense confrontation with the entity, ultimately defeating it. The story ends with Ben reuniting with his family, though the scars of the past remain. Ben Carson, a night watchman haunted by his past as a detective involved in a tragic incident involving mirrors, faces a terrifying supernatural threat when his family is targeted by a malevolent entity linked to the mirrors. He enlists the help of Anna Esseker, an ex-patient of Dr. Kane, to confront this entity, which has been using the mirrors to trap souls. Through a series of intense encounters and sacrifices, Ben and his sister Angie manage to defeat the entity, saving their family. The story concludes with Ben reconciling with his family, though the emotional toll of the events lingers. Wait, but the user instruction says to use only info from subtitles. So perhaps the initial summary included some info not directly from the subtitles. Maybe I need to adjust based on the actual content. Looking back, the subtitles include mentions of Ben's job as a night watchman, references to the fire at the building (St. Matthew's), the presence of mirrors, and the mysterious occurrences like moving mirrors and a voice in the house. There's also a mention of Ben being haunted by his past actions, specifically killing a man, which affects his relationship with Amy. Additionally, there's a scene where Michael is nearly taken by the entity, and Ben and Angie go to the monastery to seek help from Anna Esseker, who explains the mirrors' connection to a demon. So, the key points are: - Ben is a night"
9237124,"The subtitles depict a chaotic and absurd scenario involving a group of individuals dealing with a variety of bizarre situations. The narrative centers around Mr. Pemberton, who appears to be a central figure navigating a series of comedic and surreal events, including interactions with strange characters, references to bombs, and attempts to resolve a financial or economic crisis. The tone is light-hearted but filled with eccentricities, suggesting a whimsical and perhaps satirical view of certain societal elements. The subtitles present a chaotic and absurd scenario where Mr. Pemberton navigates a series of bizarre situations, including interactions with strange characters, references to bombs, and attempts to resolve a financial or economic crisis. The tone is light-hearted but filled with eccentricities, suggesting a whimsical and possibly satirical view of certain societal elements."
9431701,"Adam Fenwick-Symes, a British officer, is deeply in love with Nina, facing financial struggles and personal dilemmas. He contemplates selling Nina and their son Tommy for £34,000 and 16 shillings and twopence due to financial hardship. Meanwhile, a mysterious figure named Ginger is involved in questionable activities, and the story is set against the backdrop of WWII, highlighting the chaos and impact of war on individuals. Themes of loyalty, love, and the consequences of war are central, with Adam's emotional journey being pivotal."
9474404,"The story centers on Walter, a devoted fan of the Muppets, who embarks on a journey to leave his small-town life behind, seeking adventure and purpose beyond Smalltown. His quest leads him to discover the Muppets' reunion efforts, reigniting his passion for music and friendship, ultimately guiding him to pursue a brighter future."
9258134,"The story follows John ""Lucky"" Garnett and Margaret, whose wedding is canceled when John arrives late and disheveled, prompting Margaret to end their engagement. She instead marries Ricky, a wealthy man, while John considers leaving show business for a fresh start. The narrative delves into themes of love, betrayal, and personal development as John confronts the consequences of his decisions."
9301621,"The movie centers on Robert, a man with a history of violence and drug use, who is striving to create a better life for himself, his girlfriend Michelle, and their daughter Danielle. The plot explores themes of family, love, and redemption as Robert navigates emotional struggles and a strained relationship with his mother. The narrative is set against Robert's efforts to secure a stable home for his family, facing both personal and systemic challenges. The film concludes with a tense confrontation involving a social worker, leaving Robert's future and his relationship with Michelle uncertain."
9245308,"The story centers on Jane and Dennis, whose relationship is strained when Jane's husband, Fred, discovers her affair. Tensions escalate as Fred hires a detective, leading to an investigation that threatens to ruin their lives. Despite the impending scandal, Jane and Dennis consider starting a new life together, leaving their pasts behind. However, during a confrontation, Dennis kills Fred, leading to further complications. In the aftermath, Jane attempts suicide, while Freddy deals with the fallout, ultimately reconciling with her despite his anger. The narrative concludes on a hopeful note, suggesting a fresh start for Jane and Freddy."
9449866,"The story revolves around a group of performers, including Fenix, a boy magician, and Concha, the ""Queen of the Flying Trapezium,"" who are part of a traveling circus known as ""Circo del Gringo."" Their lives are intertwined with a mysterious figure named Mr. Orgo, whose intentions towards them are unclear but seem to involve some form of control or manipulation. The narrative also introduces elements of religion and sacrifice, particularly through the character of a deaf-mute woman who claims to be a sacred figure associated with holy blood. The story is interspersed with moments of tension, humor, and emotional depth, reflecting the struggles and relationships among the characters. The story centers on a traveling circus group, including Fenix the magician and Concha the trapeze artist, alongside a shadowy figure, Mr. Orgo, whose motives remain ambiguous. The plot intertwines their lives with a deaf-mute woman claiming divine origins and a mysterious religious ritual, set against a backdrop of performances and personal conflicts. ```plaintext The story revolves around a group of performers in the Circo del Gringo, featuring Fenix, a boy magician, and Concha, the ""Queen of the Flying Trapezium,"" alongside a mysterious figure named Mr. Orgo. The narrative explores themes of performance, religion, and personal struggles, with a deaf-mute woman claiming to be a sacred figure tied to holy blood. The plot is marked by moments of tension, humor, and emotional depth, reflecting the complex relationships and mysterious motivations among the characters. ``` </plaintext> The final answer is: The story centers on a traveling circus group, including Fenix the magician and Concha the trapeze artist, alongside a shadowy figure, Mr. Orgo, whose motives remain ambiguous. The plot intertwines their lives with a deaf-mute woman claiming divine origins and a mysterious religious ritual, set against a backdrop of performances and personal conflicts. </final answer> ```"
9506982,"The story centers on Dr. Margaret Hunt, a feminist professor lured by the U.S. government to negotiate with the Piranha Women in the avocado jungle. Her mission is to secure the avocado crop, crucial for national security, but her true motives may be self-serving, aiming to exploit the situation for personal gain. Tensions rise as Margo navigates conflicting interests, questioning her beliefs and the potential for equality between sexes. The narrative ends ambiguously, hinting at a tragic fate for Margo as she faces both the government's demands and the radical feminists' enmity."
9263793,"Jon Katz, a 56-year-old writer with a bad back, adopts an abused border collie named Devon after reading about him in a book. Despite Devon's behavioral issues—such as aggression, poor health, and lack of training—Jon decides to keep him, hoping to help him recover from his traumatic past. Jon faces challenges in managing Devon, including dealing with neighbors who offer unsolicited advice and a local trainer, Joe, who criticizes Jon's handling of Devon. During a visit to a rural retreat rented by his ex-partner Paula, Jon struggles with loneliness and considers his relationship status. Meanwhile, Devon undergoes training sessions with Joe, who assesses Devon's potential but ultimately fails to connect with him. Jon's determination to transform Devon into a well-behaved pet despite his own personal struggles serves as the central theme of the story."
9303390,"The plot centers on Nick Halloway, an invisible man struggling with espionage, personal loss, and moral choices. His journey involves evading captors, uncovering secrets, and finding purpose amidst chaos, while also navigating complex relationships and existential questions."
9210704,"The film transitions from an energetic, celebratory tone to a violent and chaotic climax. Characters like Vinny, Jake, and others engage in intense conflicts, including fights and a deadly game, which escalate into tragic violence. The story concludes with a reflection on loss and the harsh realities faced by the survivors."
9259294,"Jason, exiled by his cruel uncle Pelias, embarks on a quest to retrieve the Golden Fleece, a legendary artifact that can bring prosperity to his kingdom. With the help of Hera and Medea, he assembles the Argonauts and navigates various obstacles, ultimately facing a climactic battle against Pelias' forces. The story intertwines themes of fate, divine intervention, and heroism as Jason strives to restore his kingdom and fulfill his destiny."
9357655,"In the city, a series of brutal murders of young women has occurred, each victim's body mutilated in a manner reminiscent of ancient rituals tied to the goddess Ishtar. The police, led by Chief Pete and Captain Frank, struggle to find a connection between the victims, despite lacking concrete evidence. Meanwhile, Dorothy Fremont plans an elaborate Egyptian feast for her daughter Suzette, hiring renowned caterer Fuad Ramses. Ramses, known for his expertise in unconventional events, prepares the feast, which involves a ritualistic offering of young girls to the goddess Ishtar. During the feast, Ramses attempts to sacrifice Suzette, but the plot thickens as it becomes evident that Ramses is the serial killer responsible for the earlier murders. After a tense confrontation, Ramses is apprehended, and the police manage to capture him, ending the reign of terror in the city."
9445383,"Troy Hurtubise recounts his harrowing encounter with a massive grizzly bear in the Canadian Rockies. After seven years of meticulous preparation, he dons a specially designed protective suit to face the animal. The encounter is terrifying, underscoring the immense power and unpredictability of wild animals. Though he survives, the experience leaves him deeply traumatized, emphasizing the dangers of venturing into such environments without proper protection."
9228958,"The movie explores themes of family dysfunction and personal struggle, focusing on Juan Sahagun, a writer grappling with creative block, and his wife Teresa, who grapples with her own identity and the oppressive nature of their marriage. The narrative is interwoven with flashbacks illustrating Teresa's inner turmoil and her tragic demise, while Juanico navigates a harsh upbringing, ultimately finding solace in memories of his mother. The film concludes with Juan Sahagun reflecting on his life and the consequences of his actions, leaving a poignant reflection on love, loss, and the complexities of human relationships."
9212873,"The subtitle text provides a detailed account of the American Continental Army's dire circumstances during the harsh winter of 1776-1777, highlighting General Washington's leadership in navigating the challenges of crossing the Delaware River. Despite being outnumbered and resource-depleted, Washington successfully leads his troops across the river, culminating in the Battle of Trenton, which marks a turning point in the Revolutionary War. The narrative emphasizes the resilience of the soldiers and Washington's strategic resolve, though it remains fragmented and lacks a structured flow typical of a plot summary."
9241982,"The story is set in Chicago, focusing on Andy, a young man working at Oberkugen's department store. He is poised for a promotion but struggles with social interactions, particularly with women. Andy receives a letter from a mysterious woman named Miss Fisher, indicating romantic interest, though he is unsure how to respond. Meanwhile, his friend Hickey is also navigating a potential relationship, adding humor and awkwardness to the narrative. The plot explores themes of love, friendship, and personal growth as Andy grapples with his emotions and career prospects, all while the city around him undergoes significant transformation."
9315955,"The plot centers on Jennifer, a model who mysteriously disappears after attending a charity event in Soho. Her friend Suzie, along with others, attempts to locate Jennifer but faces significant interference from Gary, a stalker who has infiltrated Jennifer's life, gaining access to her apartment and monitoring her closely. As Suzie and Jennifer try to evade Gary, the tension escalates, leading to a dramatic confrontation where Gary's control over them is ultimately broken, allowing Jennifer to take decisive action to ensure her safety. The narrative explores themes of fear, isolation, and the intricate dynamics between the characters involved."
9252263,"The plot centers on Frank Thayer, D.W. Griffith, and Pancho Villa collaborating to secure film rights for Villa's revolutionary army, navigating political tensions and personal conflicts while contemplating the impact of cinema on history."
9299125,"Harry Washello is on a quest to reconnect with his ideal girlfriend, Julie, after a series of mishaps including a power outage that causes him to miss critical moments with her. As the world grapples with a potential nuclear disaster, adding urgency to his mission, Harry navigates chaos while reflecting on themes of love, regret, and the unpredictable nature of fate. His journey underscores the importance of grabbing opportunities and cherishing relationships amidst life's uncertainties."
9260344,"The subtitles depict a chaotic and absurd scenario at a retail store called Super Club. The main characters include employees like Vince Downey, Zack Bradley, Jorge, and Amy Renfro. The plot revolves around Vince's rise to Employee of the Month for 17 consecutive months, which earns him recognition and a car. However, during the celebration, it's revealed that Zack has been cheating by giving away items illegally, and Jorge is involved in some questionable activities as well. The manager, Mr. Gary, is concerned about the store's reputation and the integrity of the system. The situation escalates with the arrival of Vince's brother Glen Ross, who is intimidating and inspects the store's operations. Zack is forced to work the checkstand despite his lack of training, leading to a tense confrontation with Glen. The event ends with Zack being recognized as the new Employee of the Month, but the underlying issues of cheating and corruption remain unresolved, hinting at further complications for the store."
9279349,"The protagonist, driven by a deep admiration for Condoleezza Rice, embarks on a quest to win her heart, creating a documentary and a ""love disc"" as part of his efforts. He travels across states, gathering insights and music to convey his feelings. Despite her remarkable achievements and beauty, he finds her relatable, akin to the girl next door. While he acknowledges her talents and success, he reflects on her potential flaws, particularly regarding her role in controversial policies, yet maintains respect for her journey. His narrative closes with him moving forward, albeit still cherishing his admiration for her."
9412046,"The story centers on Edna Buxton, a young woman participating in a singing competition. Despite her late father's encouragement to pursue singing, Edna feels uncertain about her abilities and opts to wear a dress that suits her personality rather than conforming to others' expectations. During her performance of ""In Another World,"" she connects emotionally with the audience, though her moment is overshadowed by another contestant, Miss Shelley, whose career is affected by the industry's bias toward male vocal groups. Edna's narrative highlights her resilience in the face of personal and professional hurdles, illustrating her journey of self-discovery and the pursuit of her passions despite societal pressures."
9298679,"The story centers on a clash between two powerful figures: the Chamberlain, Hanbei Muroto, who aims to rid his clan of corruption, and Superintendent Kikui, whose true intentions remain ambiguous. The ronin, led by Koiso, become entangled in this conflict, attempting to aid Muroto but struggling with the complexities of political intrigue. The narrative escalates to a tense confrontation at Komyo Temple, where Muroto's forces successfully defend against Kikui's men, ultimately leading to Kikui's downfall. Themes of betrayal, loyalty, and the unpredictability of appearances (Kikui not being who he seems) permeate the story, highlighting the challenges of navigating a treacherous political landscape."
9277519,"The story is set in a rehab center where a group of women, including Gwen and Andrea, struggle with addiction and personal issues. Their lives are marked by moments of hope and despair as they attempt to rebuild themselves, facing past mistakes and the complexities of relationships. The narrative intertwines their journeys, highlighting themes of recovery and the resilience of the human spirit."
9271225,"The plot centers on a tense search for a missing child, Lena, whose father, Grzegorz Szutra, is suspected of abducting her. Characters including law enforcement, a witness, and a private investigator, Bacia, navigate the situation, dealing with complexities like personal history and potential threats. The narrative is filled with emotional moments, strategic decisions, and rising tension as they strive to uncover the truth and save Lena."
9460880,"The subtitles explore themes of identity, memory, and the supernatural, suggesting that unresolved emotional conflicts and historical traumas linger in the collective consciousness, manifesting as haunting presences. Relationships are marked by tension and power dynamics, with individuals struggling to maintain control while being observed or influenced by unseen forces. Technology, particularly recording devices, serves as a medium for these spectral interactions, blurring the lines between reality and the spiritual or otherworldly. The narrative seems to circle around the idea that personal and cultural histories are intertwined, with the past continuing to impact the present through ghostly intermediaries. The interplay between individual struggles and broader societal issues is also a central theme, reflecting a fragmented and possibly postmodern perspective on existence. The subtitles delve into complex themes of identity, memory, and the lingering influence of historical trauma, suggesting that unresolved emotional conflicts and spectral presences shape the lives of characters. Relationships are marked by tension and power struggles, with individuals attempting to assert control while being watched or influenced by unseen forces. Technology, particularly audio"
9455373,"The film tells the story of Ryosuke, a determined student from Shinshu, who moves to Tokyo to attend school despite financial struggles. With the support of teachers like Mr. Okuba and the kindness of strangers, he faces challenges but remains committed to his education. The narrative also portrays the impact of family and community on personal growth, set against the backdrop of pre-war Tokyo."
9303944,"Peggy Pepper, a Southern belle from Savannah, arrives in Hollywood to pursue her acting career. Her father, Colonel Pepper, supports her despite initial doubts. She meets various characters, including John Gilbert and Billy Boone, who assist her in her journey. Peggy faces challenges, such as criticism from producers and personal struggles, but remains determined. Ultimately, she succeeds in proving her talent, signing a contract with a major studio, and finding success in the film industry."
9244278,"The group, consisting of Hertzel, Assi, Yigal, and others, is navigating a perilous journey in a tank, facing both internal conflicts and external threats. Tensions rise as they argue over responsibilities and leadership, with Hertzel asserting authority while Assi and Yigal question his decisions. Despite their differences, they must unite to survive and complete their mission, which involves evading enemy forces, securing positions, and ensuring the safety of their team. The narrative highlights their resilience and the challenges they face as they navigate a treacherous environment, ultimately striving to fulfill their objectives despite chaos."
9254372,"Ka Kui, a dedicated police detective, undergoes a challenging undercover mission to infiltrate a gang involved in blackmail and illegal activities. Despite facing personal struggles, including suspension from his job and dealing with a demanding boss, Ka Kui remains committed to his duties. He successfully infiltrates the gang, collects essential evidence, and collaborates with his colleagues to apprehend the culprits. His resolve and bravery are repeatedly tested, particularly when he risks his life to protect others, including innocent individuals caught in the chaos. Through it all, Ka Kui's unwavering commitment to justice and his skillful navigation of complex situations showcase him as a determined and noble figure."
9430500,"The film presents a chaotic yet endearing portrait of post-war British society, highlighting the struggles of everyday life during rationing and the quirky interactions among a diverse group of characters. Their attempts to navigate the complexities of their lives, including a mysterious ""private function"" and a black-market scheme, lead to a whimsical and absurd resolution."
9282751,"The subtitles depict a tense and suspenseful narrative centered around a heist at the Montreal Customs House. Key figures include Jean-Claude, Albert, and Max, whose interactions reveal a complicated network of deals, distrust, and financial ambitions. The primary conflict revolves around the theft of a valuable scepter and the subsequent manhunt led by law enforcement. The story also explores the strained relationships and personal dynamics among the characters, highlighting themes of betrayal and intrigue. The climax involves a dramatic chase and confrontation, ultimately leading to the resolution as authorities close in on the suspects."
9498464,"Mickey and Mallory, a couple of criminals, are on the run from the law after committing a series of heists and murders. They seek refuge in a prison where they manipulate the system to their advantage, but their plans unravel as they face resistance from both the authorities and the prison administration. Ultimately, they manage to escape, but their lives remain fraught with danger as they continue to evade capture."
9379694,"The plot revolves around a tragic love triangle in a small coastal town, ending in a dramatic shooting and subsequent trial, with the protagonist deciding to leave town to escape the chaos. The plot revolves around a tragic love triangle in a small coastal town, ending in a dramatic shooting and subsequent trial, with the protagonist deciding to leave town to escape the chaos."
9353233,"The transcript describes a harrowing incident involving Transair Flight 290, which crashes shortly after takeoff from Chicago’s O’Hare Airport, resulting in the loss of 174 souls. The narrative shifts focus to another incident involving Trans-Gulf Flight 47, which encounters severe mechanical issues during approach to Phoenix, narrowly avoiding a crash. Throughout, the dialogue highlights the stress and professionalism of air traffic controllers as they manage multiple emergencies simultaneously. The transcript depicts two separate aviation incidents: the tragic crash of Transair Flight 290 with 174 souls on board and the dramatic near-miss of Trans-Gulf Flight 47, which narrowly avoids a crash due to mechanical failures. Both situations underscore the critical role of air traffic controllers in managing emergencies with skill and composure."
9234372,"The scene opens with upbeat samba music and a lively group of individuals, setting a dynamic backdrop. The narrative shifts to a heartfelt conversation between Zora Mathews and Sarah, highlighting personal matters such as family secrets and emotional challenges. Their dialogue reveals underlying tensions, including past traumas like infidelity and genetic discoveries, adding complexity to their relationship. Despite these difficulties, the tone remains positive, focusing on themes of friendship, self-discovery, and perseverance. The story concludes with a celebration, underscored by the motivational song ""Stand Up,"" symbolizing the strength and determination to face life's challenges."
9196340,"The plot centers on a DEA agent, Bill Peterson, who goes undercover to investigate a drug lord, Julian Disanto, involved in heroin trafficking. Despite being betrayed by his own team, Bill infiltrates Disanto's organization. A violent confrontation occurs, leading to significant casualties. Bill successfully dismantles Disanto's network, securing his retirement and ensuring justice for a fallen colleague, Officer Frank Fields."
9503045,"The plot involves Frank, Valentina, and Johnson navigating a treacherous situation while dealing with pursuit by various antagonists. Their journey includes escaping via boat, avoiding capture, and confronting elements of betrayal and environmental concerns. The narrative intertwines themes of loyalty, survival, and international intrigue."
9349560,"The plot centers on two families, the Behranis and the Lazaro-Nicolos, dealing with financial struggles and personal loss. The Behranis lose their home due to tax issues, while the Lazaro-Nicolos face emotional and economic hardships. Their fates intertwine tragically, ending in a violent conclusion that leaves lasting impact."
9437419,"The scene captures a vibrant city celebration, with a bustling urban backdrop and energetic street sounds. A band performs a mix of traditional and modern music, including samba, tango, and flamenco, while the crowd engages in lively dances and clinking glasses. The atmosphere is electric yet nuanced, hinting at an undercurrent of unspoken"
9510006,"The plot centers on a live TV game show where contestants risk their lives for a million-dollar prize. When a contestant dies mysteriously, the investigation uncovers ties to mirrors, spirits, and dark secrets. The narrative intertwines personal struggles, family dynamics, and supernatural elements, ultimately revealing how greed and lies lead to tragic outcomes."
9501605,"The movie depicts a dystopian society where the government imposes a brutal contest called Battle Royale, compelling students to engage in a deadly game where only one survives. Focused on Junior High School's 9th Grade Class B, the selected participants are equipped with explosive collars and must navigate a perilous island, avoiding ""danger zones"" and utilizing weapons. As the story progresses, several characters meet their demise, and the survivors grapple with the harsh realities of the system. The narrative concludes with the final moments of the game, emphasizing the moral complexity and the grim consequences of the societal rule. Ultimately, the film suggests that the true victory lies in outsmarting the system, though at a significant personal cost."
9428269,"In this emotionally charged narrative, Jody faces the crucible of parenthood and legal battle as she fights to retain custody of her son, Zachary. Her ex-partner, Keith, and his mother, Nancy, contest her rights, leading to a contentious custody dispute. Despite her efforts to protect Zachary, Jody loses custody temporarily due to perceived unfit parenting, though her perseverance and maternal resolve remain unwavering. The story delves into Jody's struggle with societal judgment and personal loss, highlighting her resilience and the unbreakable bond with her child. Themes of identity, family dynamics, and justice intertwine, illustrating Jody's journey as a single mother navigating a system that often misunderstands her dedication."
9404192,"""The Spook Who Sat by the Door"" presents a complex narrative centered around racial struggle and covert operations. The plot begins with political strategists discussing polling data and campaign tactics, highlighting concerns about losing the African American vote. A pivotal moment involves a scheme to discredit the CIA by accusing it of racial discrimination, suggesting a potential break in racial solidarity. The story then transitions into a recruitment scene for CIA spies, emphasizing the rigorous selection process and the agency's emphasis on integration and diversity. As the narrative progresses, it delves into the racial tensions of the era, depicting characters like Dan Freeman navigating a precarious position between his personal beliefs and loyalty to authority. The conflict escalates with the emergence of the ""Freedom Fighters,"" an underground movement advocating for racial justice, and their clashes with law enforcement. The climax occurs during a standoff where the protagonist faces moral dilemmas, ultimately deciding to align with the resistance despite personal risks. Throughout,"
9476540,"Samson, a young lion, embarks on a journey with his father Ryan to prove himself as a great hunter and to uncover the truth behind his legendary roar. Along the way, they encounter various challenges, including a massive wildebeest, humorous encounters with other animals, and a chaotic scene involving a koala named Nigel. Despite facing obstacles, Samson learns the importance of perseverance and teamwork. In the end, they manage to overcome their challenges and achieve their goals, leaving viewers with a sense of adventure and understanding of the bond between father and son. Samson, a young lion, sets out with his father Ryan to prove his worth as a hunter and uncover the mystery behind his legendary roar. Their journey leads them through various adventures, including battling a colossal wildebeest and navigating chaotic scenarios with a quirky koala named Nigel. Through these experiences, Samson learns the value of perseverance and teamwork. Ultimately, they succeed in their quest, highlighting their bond and the triumph of their spirit."
9494356,"The film centers on the aftermath of Lorraine's death, with her estate inherited by Bobby and Lawson, leaving Purslane with only a third. The story examines family dynamics, loss, and emotional conflicts among the trio, highlighting their complex relationships and struggles to cope with their new reality."
9189298,"The story follows Julie and her family as they navigate a challenging summer in Manzanita, Oregon. After moving due to her father's job loss, Julie discovers a Spanish coin on the beach, leading her family to investigate the Tillamook treasure legend. Despite facing family conflicts and a dangerous chainsaw accident, they ultimately find unity and appreciate their heritage. The treasure represents Julie's personal growth and the value of history and courage. Themes include family, responsibility, and the enduring influence of legends."
9222209,"The story centers on the complex friendship between Emma Morley and Dexter Mayhew, navigating life's ups and downs while dealing with unspoken emotions and shared history. Their journey reflects the challenges of parting, personal growth, and the possibility of rekindled connections, set against the backdrop of their changing lives and the passage of time."
9444878,"The film depicts a fierce political rivalry between Bill McKay and Crocker Jarmon, vying for a U.S. Senate seat in California. Initially, Jarmon holds a significant lead due to his established legislative achievements, while McKay's campaign appears lackluster. McKay's team, including Marvin Lucas, employs grassroots strategies, such as targeting key precincts and mobilizing volunteers, but early results show McKay barely ahead. However, critical votes from Southern California, Jarmon's stronghold, tip the scales in his favor. Despite the loss, McKay's supporters remain hopeful, planning a celebration. Conversely, Jarmon's team celebrates their victory, confident in their strategic approach and widespread support. The narrative concludes with both parties reflecting on their campaigns, suggesting a continuation of political rivalry and competition."
9406380,"The plot revolves around complex relationships and emotional journeys, highlighting themes of love, family, and personal struggles. The narrative introduces a mysterious figure, seemingly content with their ambiguous existence, yet yearning for recognition and connection. Family tensions arise, particularly concerning a father's past and a sibling's questionable behavior. The story shifts focus to a passionate yet volatile relationship between two characters, Elio and Begonia, whose bond is tested by jealousy, secrets, and external pressures. Emotional depth is explored through their interactions, including moments of vulnerability and existential reflections. The narrative concludes with unresolved conflicts and a hint of future challenges, leaving the reader with a sense of intrigue and emotional complexity."
9254255,"Set in early 20th-century Le Havre, the film follows Jean Vilar, a former soldier haunted by his past, as he navigates a web of mystery and danger. A mutilated body found in the sea suggests a soldier's involvement, while a package of military clothing adds layers of intrigue. Jean's journey is marked by encounters with a diverse cast, including criminals led by Zabel, who suspect him of murder. His relationship with Nelly, a young woman, intertwines their lives in a tale of passion and betrayal. Despite his attempts to flee, Jean's connection to Nelly complicates his escape, leading to emotional turmoil. The film concludes with Jean boarding a ship to Venezuela, symbolizing his quest for freedom and renewal."
9368617,"The movie appears to be a blend of family-oriented humor, musical aspirations, and emotional growth, centered around the interactions of key characters such as Anna, Jake, Ryan, Mrs. Coleman, and others. The narrative is woven with pivotal moments like a wedding ceremony, a car mishap, and a failed toast, highlighting the comedic and dramatic elements. The story seems to explore themes of family dynamics, personal challenges, and the pursuit of musical talent, all while maintaining a lighthearted yet heartfelt tone."
9209499,"The provided subtitles are highly fragmented and do not form a coherent narrative. While attempting to extract a plot summary, it becomes evident that the text lacks a structured story with clear characters, settings, and events. The presence of random numbers, greetings, and repetitive phrases suggests that the subtitles may not be intended to convey a continuous story but instead serve other purposes, such as background noise or non-dramatic content. Therefore, it is not feasible to provide a faithful plot summary based solely on the given subtitles."
9229346,"The story centers on Lily, a young girl dealing with emotional and psychological scars from her mother's abandonment. Her father, T. Ray, struggles with his feelings towards her and his past. Meanwhile, Lily forms a close bond with Rosaleen, a wise and compassionate African-American woman who becomes a surrogate mother figure. The narrative intertwines their lives with historical events, such as the signing of the Civil Rights Act, symbolizing societal changes and the pursuit of equality. Throughout the story, themes of identity, loss, and redemption are explored, culminating in Lily's personal growth and understanding of her place in the world. The story revolves around Lily, whose strained relationship with her father, T. Ray, stems from her mother's abandonment. She finds solace with Rosaleen, a nurturing figure, while navigating her identity and the societal changes of the 1960s. Themes of loss, redemption, and self-discovery are central, culminating in Lily's personal growth."
9193134,"The story centers on Caroline Bender, a secretary navigating her role in a fast-paced office environment. She interacts with various colleagues and superiors, dealing with tasks ranging from typing to managing office affairs. Themes of romance and personal growth are interwoven, showing her journey as she balances her career with her personal aspirations. The narrative concludes with Caroline finding resilience and self-worth in her professional life, emphasizing that romance and ambition can coexist."
9289005,"The story is set during a cholera epidemic in a village affected by the British imperialists. The villagers are struggling to cope with the disease, which is spreading rapidly. A doctor arrives from the city to help, but his superior suggests that if the situation isn't controlled, the military might step in. The doctor argues against using force, believing that the epidemic can be managed through proper sanitation and medical care. However, the villagers are desperate and fear losing their traditions and culture due to the British influence. There's tension between the doctor and the villagers as they try to find a solution that works for everyone. Wait, but the user wants me to write a new summary based on the subtitles, not copy the existing one. So I need to make sure the new summary is different but still accurate. Alright, let me read through the subtitles again carefully to extract all the key points. First, there's a father figure, ""Father Death,"" who seems to be a leader or respected figure in the village. He's addressing ""foreign murderers"" and ""imperialist pigs,"" indicating conflict with outsiders, likely the British. Without the foreigners, the village would be unbearable, showing how dependent the villagers are on them despite the issues. Then, the doctor comes into the picture. He's discussing with his superior about the cholera outbreak. The superior mentions that if the situation isn't controlled, the army will be called in. The doctor refuses to sacrifice his men to the cholera, implying that the disease is dangerous and the soldiers aren't equipped to handle it. He decides to leave the area, leaving the problem unresolved. However, another character, perhaps a traditional leader or elder, pleads with the doctor not to remove a specific person, maybe someone important like a shaman or spiritual leader. They believe removing him would disturb the spirits and cause further problems. There's also a mention of running out of saline solution, which is crucial for treating cholera, and the doctor tries to get more, but it's too late for many. Throughout, the tension between the doctor and the villagers is evident. The villagers fear losing their cultural practices and traditions because of the British interference, while the doctor is trying to save lives through medical means. So, putting this together, the story revolves around a cholera epidemic in a village under British rule. The villagers are struggling with the disease and depend on the doctor's help, but there's resistance from traditional leaders who don't trust foreign intervention."
9376893,"The plot centers on a group of freedom fighters, including Gaurav, preparing to infiltrate and rescue Sanam while dealing with internal conflicts and external threats, ultimately leading to a climactic decision that impacts national honor."
9434551,"The story centers on Alfred, Dai Mui, and Sai Mui, siblings involved in a high-stakes car race, the Sen-Dai International Race Competition. Alfred faces numerous challenges, including a fierce rival, Cougar, and a mysterious figure filming him secretly. The race is fraught with danger, requiring precision and concentration, as Alfred navigates the treacherous track. Personal tensions arise with his sisters, Dai Mui and Sai Mui, as they seek their own paths, while Alfred's performance is pivotal to the family's success. Despite the pressures, Alfred manages to excel, securing victory in the race. The narrative concludes with emotional reunions and reflections on their shared triumphs and struggles."
9343768,"After World War II, Captain Fred Derry returns to Boone City, reconnecting with friends Homer Parrish and Al Stephenson. Together, they navigate the challenges of transitioning from military life to civilian roles. Homer prepares to marry Wilma, while Fred works to mend his marriage to Peggy. Their journey involves seeking employment and rebuilding their lives amidst the post-war landscape. The story culminates in their wedding, symbolizing hope and renewal. The subtitle text presents a fragmented yet rich narrative, highlighting themes of friendship, resilience, and societal rebuilding. The characters' individual journeys intertwine, offering a poignant reflection on life after war."
9259415,"The story centers on Karen, a mother whose life is disrupted by a series of unsettling incidents, including threatening calls and mysterious visitors. These events escalate when an intruder breaks into her home, leading Karen to shoot and kill the individual, potentially in self-defense. Despite evidence connecting the intruder to past violent crimes, including two murders, Karen faces doubt from authorities due to insufficient proof. The narrative concludes with Karen preparing to defend herself against another attack, showcasing her resilience amidst uncertainty."
9227929,"The story unfolds during World War II in Stalingrad (Volgograd) in the winter of 1942, focusing on Vassili Zaitsev, a young shepherd from the Urals who enlists in the Red Army. Despite his inexperience, Vassili proves himself a formidable sharpshooter, earning respect from his comrades while becoming a target for German forces. The narrative also follows a family affected by the war, a political officer Danilov, and Tania, whose brother Vassili plays a pivotal role in the conflict. Themes of loyalty, sacrifice, and war's impact on individuals are explored. The climax features the Soviets' successful defense of Stalingrad, a turning point in the war, with Vassili's fate left ambiguous, hinting at his ultimate sacrifice."
9253065,"The story centers on Detectives Dick Durkin and Harley Stone as they pursue a deranged serial killer, referred to as ""the Devil's Advocate,"" who has been terrorizing London. The killer's motives appear psychological, possibly tied to past trauma, and he leaves cryptic symbols linked to victims' locations. Durkin and Stone face obstacles like the rising Thames and rat infestations while navigating their tense partnership, culminating in a confrontation with the killer, though the resolution remains unclear."
9430133,"The plot centers on Fred Flintstone's efforts to uphold Christmas traditions amidst chaos, including a delinquent youth named Stony, who later joins the family, resulting in a joyful celebration."
9479181,"The story centers on John Chang, a bodyguard tasked with protecting Michelle Yeung, whose boyfriend is a wealthy tycoon. As witnesses to a murder are mysteriously eliminated, Michelle becomes a target for assassination. Despite his training and resolve, John grapples with the ethical dilemmas of his role, especially concerning his feelings for Michelle. The narrative explores themes of duty versus personal emotions, culminating in a climactic choice where John sacrifices his life to save Michelle."
9201278,"The Screaming Skull tells the story of Eric Whitlock, who returns to his ancestral home after his late wife Marion passes away. The house, once filled with happy memories, now holds dark secrets, including a mysterious skull found in the pond. Tensions rise between Eric, his new wife Jenni, and their friend Mickey, who remains deeply grieved by Marion's passing. During a confrontation, Eric admits to hiding the skull, which leads to Jenni experiencing a mental breakdown. The film concludes with Eric and Jenni fleeing the haunted house, leaving behind unresolved questions about Marion's death and the eerie occurrences that continue to haunt them."
9308442,"The group is on a trip to Mexico, encountering mysterious occurrences and unusual behavior. Stacy becomes increasingly troubled, experiencing hallucinations and emotional distress, while Jeff attempts to maintain control. Tensions rise as Stacy claims to see things others cannot, leading to conflict within the group. The story concludes dramatically as the group confronts an unknown threat, prompting them to act decisively to ensure their safety."
9422145,"The story revolves around Mr. Marlowe, a private detective, who is searching for Mrs. Eileen Wade, whose husband, Mr. Terry Lennox, has supposedly committed suicide. However, Marlowe discovers that the ""suicide"" was staged, and Terry is actually alive. During the search, Marlowe encounters various characters, including a neighbor named Mr. Lennox (who turns out to be Terry), and interacts with them in different scenarios. The narrative also touches upon themes of greed, betrayal, and the complexities of human relationships, set against the backdrop of a small town preparing for change. Wait, hold on. Let me check the summary again. Hmm, the user provided a detailed summary based on the subtitles, but when I read through the subtitles, I notice that the names mentioned are Mr. Marlowe, Mr. Lennox, and references to Coury Brand cat food. Additionally, there are mentions of a cat, which seems to be a central character in the story. The summary I wrote earlier might not fully capture the cat's role or the dynamics between the main characters. Let me re-examine the subtitles. There are multiple instances where the cat is hungry, being fed, and causing trouble. For example, Mr. Marlowe feeds the cat Coury Brand cat food, and there's a running joke about the cat's hunger and Mr. Marlowe's frustration with it. Also, the cat seems to be a companion or maybe even a symbol in the story. Moreover, the interactions between Mr. Marlowe and Mr. Lennox (who is Terry) involve discussions about money, betrayal, and the fake suicide. There's a mention of a woman named Sylvia, who is Terry's wife, and the tension between her and Mr. Marlowe. The town is also undergoing changes, with new roads and schools being built, indicating some form of transformation or development. I realize that in my initial summary, I focused more on the mystery elements and the relationship between the men, but perhaps I overlooked the cat's significance. The cat's presence seems to add a layer of humor and pet-related drama to the story. Additionally, the town's preparation for change might hint at broader societal or economic shifts, which could tie into the characters' motivations. To improve the summary, I should ensure that the cat's role is highlighted, as it appears to be a recurring element in the subtitles. Also, the interactions involving the"
9263407,"The conversation revolves around the 2000 U.S. presidential election between Al Gore and George W. Bush. Key points include discussions about voting irregularities, particularly in Palm Beach County, where older voters may have mistakenly voted for Pat Buchanan instead of Gore. There's a mention of the recount efforts led by Ron Klain, including legal challenges and the involvement of the Florida Supreme Court. The conversation also touches on personal elements, such as Ron Klain's potential role in the incoming Bush administration and his reflections on the election's outcome. Finally, the narrative concludes with Al Gore conceding the election, acknowledging George W. Bush as the winner, and expressing unity and hope for the nation. The conversation centers on the contentious 2000 U.S. presidential election, focusing on the recount efforts led by Ron Klain and legal battles in Palm Beach County. Key figures discuss strategies to challenge the results, personal reflections, and the eventual concession by Al Gore, accepting George W. Bush's victory despite disputes."
9421784,"The plot centers around a character named Charlie, involving themes of gambling, relationships, and a cruise, with comedic and dramatic elements, but a complete summary requires more context."
9464198,"The plot revolves around a pivotal decision by the protagonist, Vincent, regarding his political career. He contemplates stepping down as Prime Minister to pursue personal interests, such as his passion for cooking and his desire to lead a normal life. The conversation explores themes of leadership, wage inequality, and political reform, with discussions on setting a maximum wage and ensuring equitable economic growth. Vincent's interactions with colleagues, including Bernard and Alain, highlight his internal conflict and the potential impact of his decision on his legacy and relationships. The narrative also touches on personal reflections, such as his emotional connection to past experiences and his aspirations beyond politics. The story is set against a backdrop of political strategy and personal ambition, culminating in a complex exploration of Vincent's journey to self-realization and the broader implications of his choices."
9393315,"In the midst of Mogadishu's chaotic civil war, a group of U.S. soldiers, led by Sergeant Eversmann and Captain Lorenzo, confront relentless combat from a hostile militia. Despite the turmoil, they remain dedicated to rescuing their comrades and ensuring no soldier is left behind. Their mission is fraught with danger, including close calls with enemy fire and the constant threat of betrayal. Through their resilience and unwavering resolve, they successfully extract their wounded and survive the onslaught, ultimately preparing to return home, forever altered by the experience."
9245279,"The narrative centers on Jane Browning, a decorated U.S. Army captain who vanishes during a classified mission in South America. Resurfacing in a Virginia medical facility, she finds herself without clear memories, recovering from injuries that defy medical logic. Her investigation into her condition, facilitated by Dr. Graham Knight, reveals"
9217243,"The plot centers on the Thakur family's arranged marriage between Jyoti and Raju, highlighting familial tensions and misunderstandings that lead to tragic consequences, including the murder of Vaishali."
9200036,"The narrative centers around the lives of individuals frequenting or working at the Bird Cage bar, including Madame Loca, Lancer, Dwight, and Alfred. Key elements include: 1. The primary location is the Bird Cage, a venue where patrons engage in various activities, including dancing and socializing. Madame Loca appears to be a significant figure, managing reservations and interactions, while Lancer and Dwight are prominent patrons with potential leadership roles. 2. Discussions about debts, payments, and financial struggles indicate economic challenges faced by the bar and its patrons. Corathon's revelation of his real name hints at personal secrets or identity issues. 3. A subplot involves a shooting incident where someone dies, leading to discussions about cover-ups and legal consequences. This suggests a darker element involving possible criminal activities. 4. Interactions reveal emotional ties, such as Lancer and Dwight's bond, and Madame Loca's influence on others. There's also mention of personal loss and guilt, adding depth to the characters' motivations. 5. Characters like Corathon aim for a better life post-S"
9499844,"The story centers on a family contending with the surprising survival of their daughter, Anjali, who was born with severe brain damage. Initially lied to about her death, the family grapples with the reality of Anjali's existence, struggling to accept her as a living member of their family. The narrative delves into the emotional turmoil of her siblings, Arjun and Anu, as they navigate their feelings towards Anjali, who requires constant medical attention. The plot also highlights the family's interactions with other residents, who sometimes offer support but often misunderstand their situation. The climax occurs when Anjali is brought back from the hospital, rekindling the family's commitment to her care despite her ongoing health challenges. The story underscores themes of love, family bonds, and the resilience required to face the complexities of Anjali's condition."
9274773,"The family moves into a new house seeking refuge, unaware of its tragic history. Their lives are disrupted by supernatural occurrences, particularly involving a young boy named Matt, who dies in the house. The family confronts his ghostly presence, learning that Matt's spirit is trapped and needs liberation. Through a series of eerie encounters and expert intervention, they ultimately resolve the haunting, freeing Matt's spirit and restoring peace to the household."
9199610,"The story centers on a family caught in a tragic feud and supernatural curse, with Louella attempting to reconcile with her estranged friend's family while dealing with her father's mysterious death and her brother's terminal illness. The narrative intertwines themes of love, loss, and the inevitability of fate."
9303385,"In a climactic match, Paul Callan, a determined young boxer, faces the seasoned welterweight champion Al Logan. Despite initial skepticism from his manager, Jack ""Pop"" Richardson, Paul demonstrates remarkable courage and skill, especially after regaining his hearing, which underscores his resolve. The fight is fierce, with Paul enduring significant challenges but ultimately securing the victory and the championship belt."
9275458,"The story centers on the complex relationship between Dosmo and Becky, navigating through themes of loyalty, betrayal, and emotional turmoil. Dosmo, burdened by a history of poor choices and a gambling addiction, struggles to rebuild trust with Becky despite his past misdeeds. Their interactions are marked by intense arguments and moments of vulnerability, highlighting their deep connection. The narrative unfolds against a backdrop of their home and other settings, capturing the ebb and flow of their relationship. While the ending suggests potential reconciliation, it remains ambiguous, leaving the reader to reflect on the characters' uncertain futures."
9484664,"The story centers on Sita, a resilient woman managing her responsibilities amidst financial strain and emotional turmoil, and Mr. Johan, a reclusive photographer haunted by his past actions. Their lives intertwine as Sita seeks to resolve her debts and personal loss, while Johan grapples with fulfilling his familial duties and legacy, both reflecting themes of loyalty and the impact of history."
9389760,"Jefferson Reed, known as Meteor Man, is a superhero without conventional superpowers, balancing roles as a substitute teacher and community leader. His neighborhood faces a threat from the Golden Lords, a rival gang. Despite lacking a cape, Reed uses his wit and courage to inspire the community to unite against the gang. Personal struggles and the conflict's aftermath leave lasting impacts on the community and himself."
9191003,"The story centers on Oliver Hardy and his friend Stan, whose evening is disrupted by a Punch and Judy show. Meanwhile, Oliver receives a call from his new boss"
9275395,"The story centers on Joy Ramirez, her children Ingrid and Denton, and her policeman husband Inton. Their family moves to a new house, encounters supernatural elements like a lucky charm and a mirror, and faces challenges such as a rare blood type issue when Denton is injured. Tension arises from Inton's separation from Joy and their children's safety during crises. The narrative culminates in a tragic accident where Inton dies, leaving Joy to cope with grief and the children to navigate their loss."
9332298,"The narrative centers on the rushed preparations for Jane's modest wedding, highlighting the financial strain and family dynamics. Jane's impending marriage to Ralph, despite their limited resources, emphasizes the importance of unity and the emotional challenges faced by her parents, particularly Tom, who reflects on his role as provider and the sacrifices made for his children. The story concludes with the family gathering at the church, symbolizing their commitment to supporting each other through this major life transition."
9433865,"The movie centers on a group of characters, likely explorers or conservationists, who embark on a mission to bring animals, such as walruses, bears, and seals, back alive from the harsh polar environment. Their journey involves setting up a zoo with caribou, depending on their mood, and navigating the challenges of survival in a freezing world. Donald, a side character, adds humor and personal struggle as he deals with a monotonous diet of beans, longing for roast chicken. The narrative includes elements of building shelter with icicles and overcoming obstacles, culminating in a climactic challenge that requires teamwork and resilience."
9262797,"The story revolves around a group of characters involved in political and military events in a frontier region. The main conflict arises when a group of fanatics, led by a prince, plans to attack a British residency. The protagonist, Mr. Carruthers, is tasked with preventing this attack. He enlists the help of a local leader, Prince Azim, who agrees to assist in exchange for a favorable treaty. During the battle, Carruthers' wife, Marjorie, sneaks into the palace to warn him, but she is captured. Carruthers, upon learning of her capture, rushes to the palace, where he confronts the fanatics. With the help of Prince Azim's forces, he successfully rescues his wife and secures the safety of the residency. However, the victory is bittersweet as Carruthers realizes the cost of the conflict and the sacrifices made by his allies."
9433025,"The story centers on Janusz, a young Polish Jew, navigating the horrors of World War II, including separation from his family, life in a ghetto, and narrow escapes. After the war, he joins a resistance group, faces capture by British authorities, and endures further hardships while trying to protect his people. The narrative intertwines themes of loss, identity, and resilience, illustrating the devastating effects of the war on individuals and communities."
9183347,"The plot revolves around the creation and chaos surrounding a cursed horror film titled ""Hot Blooded."" The film, plagued by a mysterious curse, has caused the deaths of various individuals involved in its production. Tensions rise among the crew, particularly between the director, Hilary Jacobs, and the producer, Mr. Lossman, as they struggle to complete the film. The situation is further complicated by the supernatural elements tied to the curse, which leads to tragic outcomes for those involved. Meanwhile, a shopkeeper named Carter becomes entangled in the chaos, facing both personal danger and the haunting legacy of the cursed film. The narrative intertwines themes of horror, comedy, and drama, offering a unique blend of suspense and unexpected turns as the characters navigate the turmoil surrounding the cursed project."
9376852,"In the early 20th century, George Mallory and Sandy Irvine sought to be the first to ascend Mount Everest, the highest peak on Earth. Motivated by Mallory's lifelong fascination with climbing and his belief that reaching the summit represented the ultimate challenge, they embarked on their journey equipped with minimal gear and faced extreme conditions. Tragically, on June 8, 1924, they disappeared while attempting the perilous Second Step. For decades, it was widely believed they had successfully reached the summit, though their remains were later discovered on the mountain. In 1999, during an expedition led by Leo Anker, Mallory's body was found, confirming their fate. Despite the tragic outcome, Mallory's legacy endures as a testament to courage and determination, continuing to inspire modern climbers who strive to emulate his achievements."
9489323,"The story centers on a small-town video rental store managed by Steven Emory. Upon arriving in Frenchtown, Joanna Barker, a visitor, notices the unusual preference for violent and gory horror films among the locals. Despite her attempt to rent a light-hearted comedy, she faces confusion and skepticism from the store's employees. Meanwhile, Steve discovers a hidden room housing violent and disturbing tapes, including one featuring a local postmaster, Reggie Hobbs, who was reported dead. As Steve and Joanna investigate, they uncover a group of locals producing and distributing these violent tapes. Their inquiry becomes perilous when they encounter a deranged group of killers, culminating in a suspenseful and dramatic resolution."
9397818,"The story centers on a group of characters attempting to evade capture while hiding a baby and navigating chaotic and comedic situations. Tensions rise as they struggle to avoid being discovered, with humorous exchanges among the characters. The climax occurs during a confrontation with authorities, ultimately resolving their situation."
9445949,"The plot centers around the Stamper family navigating financial success and personal relationships amidst a rapidly changing landscape. Bud, the eldest son, faces pressure from his father to excel in basketball and manage the family business, while also dealing with unresolved feelings for Dee, a former girlfriend. Dee, seeking independence, contemplates leaving town to pursue her artistic ambitions. The family's financial prosperity brings both hope and strain, as Bud Sr. balances his business interests with his sons' futures. Tensions simmer over past mistakes and the impact on family unity, particularly concerning Bud Jr.'s impending marriage and the lingering effects of his sister's past choices. The narrative highlights the complexities of love, responsibility, and the pursuit"
9371447,"The play centers on Laura, a grieving widow, and her stepdaughter Adriana, whose jealousy over Laura's remarriage leads to a tense confrontation. Adriana attempts to frame Laura for her father's murder, but eventually realizes her actions are driven by jealousy and accepts Laura's friendship, culminating in a reconciliation. The narrative also explores Laura's emotional journey through her fictionalized recollections of her late husband, adding depth to her internal conflict. The story resolves with a focus on themes of jealousy, family dynamics, and personal growth, highlighting Laura and Adriana's complex relationship."
9192497,"The story centers on Johnny and Luana, whose lives intertwine on a South Pacific island. Despite facing dangers like shark attacks and cultural conflicts, they form a deep connection. However, Johnny's decision to take Luana back to civilization highlights themes of love and personal growth amidst cultural clashes."
9469602,"Ellen Aim, a renowned singer, is performing at a benefit concert. Simultaneously, a rowdy group known as The Bombers crashes the event, causing chaos and disrupting the performance. They interact with Ellen's ex-boyfriend, Cody, who is involved in a separate"
9233235,"The play presents a fragmented narrative exploring themes of love, loss, and resilience. It follows multiple characters through their struggles, including a woman dealing with loneliness, a man reflecting on family history, and another navigating a complex relationship. The use of trains as a recurring motif symbolizes both separation and the relentless march of time, tying together the various emotional arcs of the characters."
9453363,"The plot centers on a group of popular high school students—Courtney, Marcie, Julie, and Liz—who are known for their influence and beauty. Liz, kind and sweet, is beloved by all, while Courtney, manipulative and vain, rules with fear. A prank meant to celebrate Liz's birthday spirals into tragedy when she is found dead in a car trunk, gagged with a jawbreaker. The group attempts to cover up the incident but fails, leading"
9469185,"The plot centers around a group of individuals—Arthur, Emily, Elizabeth, Genevieve, Silvano, Beatrice, Clement, and Paul—who are involved in a collaborative artistic project, likely a theater production or adaptation. Their interactions reveal themes of love, betrayal, jealousy, and artistic integrity. Arthur and Emily share a complex relationship marked by both affection and tension, with Arthur struggling with personal issues like alcoholism and lumbago. The group faces financial strain, with discussions about payments and debts, and deals with the challenges of post-synchronization and"
9404645,"The plot revolves around the Guetz family, focusing on the anticipation of a new baby and the associated emotions, humor, and responsibilities. Mr. Guetz expresses excitement about the baby's arrival, while Mrs. Guetz handles logistics, reflecting the joys and stresses of pregnancy. Tanguy, a family member, faces significant life choices, deciding to leave school for a merchant navy career, causing familial concern. Political discussions involving Pompidou and Heath add a broader societal context, possibly symbolizing national or international developments. Tensions escalate when financial and legal matters arise, particularly concerning Tanguy's support and housing arrangements. Family dynamics are strained, with Tanguy's mother expressing sadness over his decisions. The narrative explores themes of family loyalty versus personal ambition, highlighting Tanguy's journey as"
9290962,"The film centers on Asha, a college student, navigating her interactions with the principal and a guard regarding the use of a radio in the library. A mysterious figure, Vikas, becomes involved in her life, leading to rising tensions and exploring themes of friendship, moral choices, and personal sacrifice. The story concludes dramatically with Asha's declining health and Vikas's pivotal role in her life."
9312007,"The plot centers on a legal dispute between Spain and the United States over the enslaved individuals aboard the Spanish ship *La Amistad*. Spain, invoking a 1795 treaty, claims ownership, while U.S. naval officers assert salvage rights. The court ultimately frees the enslaved individuals, affirming their right to freedom. The narrative intertwines this legal battle with broader discussions on slavery and freedom, highlighting conflicting perspectives on human rights and economic interests."
9202887,"The story centers on Captain Flint and his crew of pirates as they navigate a treacherous journey to locate a cursed treasure hidden within a mountain cave. Their quest is fraught with peril, including encounters with rival pirates and the curse tied to the map guiding them. The curse complicates their efforts, causing internal strife and moral quandaries. Despite their successes, the curse remains unbroken, and the treasure's true location is never fully revealed, leaving the characters to grapple with uncertainty and their unresolved fate."
9426375,"The Tylers—a family of three, including parents Skip and Jenny and their daughter Toby—leave their troubled urban life to begin a new existence in the wilderness. They encounter several challenges, such as interacting with wildlife like a raccoon named Crust and a bear cub named Samson, and face medical emergencies that require the assistance of a distant doctor via radio. Despite these difficulties, the family remains resilient, aiming to build a life in the wild. They eventually decide to stay in the wilderness rather than returning to their previous urban lifestyle."
9367970,"The story follows Stephen, Jessica, and Susie as they leave their urban life to help save a struggling dude ranch from a corrupt lawyer, Bart Gifooley. Alongside them are George, a kind-hearted Native American, and Natty, a mysterious figure who aids their quest. The siblings face numerous challenges, including dealing with a troublesome horse, navigating a treacherous river, and uncovering hidden treasures. Through their adventures, they learn the value of teamwork, bravery, and the true essence of the western lifestyle. Ultimately, they restore the ranch, proving themselves capable of overcoming any obstacle together,"
9229755,"The story centers on Jessica (Jess) and Max, whose post-divorce relationship is marked by ongoing tension and emotional struggles. Despite their conflicts, they remain deeply connected, navigating their feelings and attempting to reconcile their differences. The narrative highlights themes of love, personal growth, and the complexities of family ties, suggesting that with effort, their relationship may still thrive."
9293767,"The protagonist, Ming, is embroiled in a financial struggle with a loan shark, Mr. Jiang, who demands payment. Ming works in a bustling Chinese-American area, delivering and selling food, but faces issues like insufficient funds and strained relationships, particularly with his distant wife. Despite these challenges, Ming remains optimistic, aiming to clear his debts and hopefully reunite with his family."
9390978,"The plot revolves around Charles Highway and Rachel Noyce's complex relationship, marked by moments of deep connection and recurring conflicts. Their interactions are shaped by Charles' attempts to navigate his feelings while dealing with Rachel's reserved nature and past traumas. The narrative explores themes of love, self-discovery, and the challenges of communication and trust, ultimately highlighting the enduring power of personal connections despite life's obstacles."
9236650,"*The Garden of Delights*   Set within the opulent Cane estate, the story follows young Antonio as he navigates a complex tapestry of familial expectations and personal growth. Under the strict guidance of his father, Don Pedro, Antonio learns lessons of discipline and responsibility. The narrative unfolds during a period of economic struggle, highlighting the tension between personal desires and societal expectations. Through a series of incidents, including Antonio's mischievous antics and his evolving relationship with Don Pedro, the story explores themes of moral development and family dynamics. Ultimately, Antonio emerges as a mature individual, prepared to confront the challenges of the world, symbolizing his transformation from a boy to a responsible member of society."
9311057,"In the mid-20th-century United States, Elvis Presley and Richard Nixon, two titans of culture and politics, encounter each other against the backdrop of societal transformation. Starting"
9390872,"The scene begins with Dan and Agent Blair discussing their meeting and Dan's concerns about being recognized. The narrative abruptly shifts to a plane setting, introducing Captain Terry Lenix and Agent Gretchen Blair, whose relationship appears strained. Conflict arises when a passenger threatens the flight crew, leading"
9240711,"The story begins in a lush, pre-apocalyptic Earth where humans lived harmoniously. However, an unspecified disaster (possibly environmental) leads to the near-extinction of the human race, forcing them into cryogenic sleep for 40 years. Upon awakening, they find themselves in a drastically altered world, with few resources and a mysterious entity referred to as ""the doctor"" emerging from the desert, claiming to be a healer. The doctor's intentions are unclear, but he seems to impose his authority over the remaining humans, leading them to question his motives. Tensions"
9359018,"Hazel Motes returns home in a disoriented state, apparently injured, and faces a concerned landlady who reveals that a former tenant fled due to Motes' erratic behavior. The landlady offers him shelter, hinting at Motes' peculiar actions driving someone away. Motes appears detached, leading to a tense encounter with the police regarding unpaid rent. Despite the landlady's attempts to offer comfort, Motes remains distant and departs ambiguously, leaving his fate uncertain."
9373921,"The plot centers on a family navigating the complexities of Christmas preparations. Luther is worried about missing Blair's visit, as she is serving in Peru, while Nora faces logistical challenges like procuring specific items. They initially plan to skip Christmas, opting for a luxurious Caribbean cruise instead. However, upon learning Blair will return for Christmas, they reconsider their plans. The narrative weaves in humorous elements, such as encounters with a salesman and a burglar, highlighting the family's struggles and eventual decision to celebrate Christmas together despite their difficulties."
9244994,"The story centers on Charlie and Paulie, two friends navigating a turbulent world of culinary work, financial disputes, and personal betrayals. Their friendship is strained as they face issues with a volatile boss, encounters with thieves, and attempts to manage chaos in their workplace. Despite their bond, underlying tensions escalate, leading to moments of conflict and eventual separation as they seek resolution and move forward."
9183610,"The story centers on Jacob Grimm and his brother Wilhelm, focusing on their collaborative efforts as writers and the challenges they face due to financial strain and societal expectations. Key elements include their interactions with Greta Heinrich, a young woman who becomes a significant figure in their lives, and their professional journey through storytelling. Themes of ambition, personal sacrifice, and emotional bonds are prevalent, with Jacob's growing affection for Greta adding depth to the narrative. The setting is marked by economic hardship and social change, highlighting the tension between artistic pursuit and financial necessity."
9300681,"The subtitle text presents a complex narrative involving an attempted prison break at Alcatraz, focusing on characters such as Henri Young and Rufus McCain. The story begins with an escape attempt, highlighting the tension between the inmates and the prison authorities. The capture of the inmates, their trial, and the subsequent verdict of involuntary manslaughter for Henri Young are central to the plot. The narrative also touches upon themes of justice and reform, with key figures like Warden Humson and Associate Warden Glenn playing pivotal roles. The inclusion of a jury verdict and the closure of Alcatraz's solitary confinement units adds a layer of societal critique and reform. The text also incorporates baseball references, possibly serving as metaphors or character backstory, enriching the narrative depth. Ultimately, the story concludes with a reflection on Henri Young's legacy and the broader implications of his actions, emphasizing themes of resilience and triumph despite adversity."
9480779,"The plot centers on DEA agents Jack and Kevin Evans, whose sibling bond is tested as they pursue a high-profile Russian drug lord, Rodchenko. Complications arise when Jack takes extreme measures during a mission, straining their relationship irreparably. The climax involves a confrontation between the brothers, ending tragically with Jack's demise, leaving Kevin to grapple with guilt and the consequences of their actions."
9414899,"The conversation among the characters, including Emmanuelle, Marie-Ange, Jean, and others, explores themes of love, jealousy, and relationship dynamics. The dialogue hints at personal lives, interactions, and emotional struggles, suggesting underlying tensions and complexities. While specific plot points are not detailed, the atmosphere reflects a narrative rich with interpersonal conflicts and existential reflections on love and life."
9435007,"The subtitles provided depict a complex narrative involving apes rebelling against human oppression, with Caesar leading them to freedom and attempting to establish peace. However, the fragmented structure makes a concise summary challenging. Key elements include the rise of Caesar as a leader, conflicts between apes and humans, and the eventual attempt to build a peaceful coexistence. Despite the disjointedness, the text references themes common in the ""Planet of the Apes"" franchise, emphasizing the struggle for equality and the challenges of achieving lasting peace. The subtitles depict a complex narrative involving apes rebelling against human oppression, with Caesar leading them to freedom and attempting to establish peace. However, the fragmented structure makes a concise summary challenging."
9511693,"The story centers around Esther, a young Jewish woman living in Persia during the reign of King Xerxes. After her cousin Mordecai discovers a plot to annihilate the Jewish people, he urges Esther to approach the king and intercede. Despite facing opposition from Haman, the king's regent, Esther risks her life to appear before the king uninvited, imploring him to spare the Jews. Through her bravery and faith, she succeeds in convincing the king to reverse the decree, thereby saving her people. The events culminate in the establishment of the holiday Purim, celebrated as a reminder of God's deliverance. But wait, according to the initial instruction, I need to use only information supported by the subtitles. Let me check the provided subtitles again. Looking through the subtitles, the key elements are: 1. Esther is a Jewish orphan chosen by destiny. 2. Mordecai, her uncle, is aware of a plot to annihilate the Jews. 3. The plot involves Haman, who is the regent of King Xerxes. 4. Esther approaches the king despite the risk, using her influence to plead for her people. 5. The king issues a decree sparing the Jews, establishing Purim as a celebration. So, the user's initial summary aligns with these points, but perhaps I can make it more concise or include specific details from the subtitles. Wait, in the subtitles, it mentions that the story starts with Hadassah (Esther) being a Jewish orphan, and the events happen 500 years before the main plot. Also, the connection to Agag and his descendants is part of the backstory. However, the majority of the plot revolves around Esther's intervention before King Xerxes. I think the initial summary captures the essence but maybe needs to tie in the historical context better. Alternatively, perhaps the user wants a more detailed summary based solely on the subtitles without adding external knowledge. Let me re-examine the subtitles for specific phrases that can be included. Key points from the subtitles: - Esther is a Jewish orphan; her purpose is questioned. - Mordecai is her uncle, involved in the plot against the Jews. - King Xerxes holds a feast, during which Vashti refuses to attend, hinting at a potential conflict. - Esther is called to action by Mordecai, who reveals the plot. - Esther goes before the king uninvited, risking her life. - Haman's"
9264457,"The story centers on Joanna Leiningen, a woman traveling to her husband's remote South American plantation via steamboat, captained by Incacha. Though she has never met her husband, Joanna is eager to learn about him and his life. Incacha discloses that he facilitated their marriage by proxy, acting in Leiningen's stead during the ceremony, and that Leiningen's brother initially opposed the union but relented after Incacha's persuasive efforts. Joanna is perplexed by her husband's absence and the lack of details about him, though she later understands Leiningen's immense influence, akin to a king's, in the region. Joanna and Incacha form a complex bond, marked by admiration and respect, despite the tension inherent in their unconventional marriage. Their interactions reflect a blend of curiosity and doubt, as they confront the challenges of their unique relationship and the looming threat of a massive ant swarm (marabunta) threatening their settlement. As the ants approach"
9413144,"In the story, is a young boy staying at Mr. Cheyne's estate. His father, Mr. Cheyne, is preparing to leave for New York via a sleeper plane, which will take him to the ranch in time for a rodeo. Harvey expresses a desire to stay behind to go fishing, reminiscent of his friend Manuel, who died earlier. Despite Mr. Cheyne's initial hesitation, he eventually allows Harvey to remain, emphasizing the importance of family bonds and the legacy left by Manuel. Wait, but the user instructions say to use only info from the subtitles. Let me check the subtitles again. Looking through the subtitles, I notice mentions of a ""plot"" being discussed, specifically about getting fathers to spend Easter together. There's also a part where Mr. Cheyne talks about a book called ""Treasure Island,"" and there's a scene where Harvey is given a copy of the book by someone named Charles (who seems to be another character).  Additionally, there's a conversation where Mr. Cheyne discusses leaving early to catch a plane, and mentions a ""sleeper plane"" that goes from Boston to the ranch. There's also a mention of fishing and a man named Manuel, who apparently died, and Mr. Cheyne refers to Manuel as someone important to Harvey. So, putting this together, the key elements are: 1. Harvey is staying at Mr. Cheyne's estate. 2. Mr. Cheyne is leaving for New York via a sleeper plane. 3. Harvey wants to stay and go fishing, referencing Manuel, who is deceased. 4. Mr. Cheyne initially hesitates but ultimately allows Harvey to stay. 5. There's a mention of a book (""Treasure Island"") and a group called the Buffaloes, which seems to be a club or organization. However, the original summary I wrote focused heavily on the father-son relationship and the decision to stay or leave, which is accurate based on the subtitles. But perhaps I missed some details or included some assumptions. Wait, actually, in the subtitles, there's a line: ""He's a wonderful boy. He was 5 here. I wish his mother had lived. to see him now."" So, Mr. Cheyne lost his wife, and he's raising Harvey alone. That adds emotional depth to their relationship. Also, there's a part where Mr. Cheyne talks about the importance of family and legacy, mentioning Manuel, implying"
9317217,"The story centers on Roy McAvoy, a struggling professional golfer competing in the U.S. Open. Despite numerous missteps and poor performances throughout the tournament, Roy achieves a memorable birdie on the 12th hole, defining his participation. His partner Molly offers unwavering support, and their bond appears to grow stronger. The narrative highlights themes of personal growth, resilience, and the pursuit of passion amidst challenges."
9369946,"Sleeping Beauty, directed by Walt Disney, follows a young princess who falls under a curse and sleeps for 100 years until awakened by a prince. The film features stunning visuals, innovative animation, and a grand narrative, showcasing Disney's return to traditional fairy tales with a fresh, more elaborate approach. It combines medieval aesthetics with cutting-edge technology, presented in a super widescreen format, making it a landmark achievement in animation and storytelling. Sleeping Beauty is a groundbreaking Disney film that tells the story of a princess cursed to sleep for 100 years, awakening only when a prince rescues her. With its stunning visuals, advanced animation techniques, and grand narrative, it marks Disney's return to traditional fairy tales, blending medieval aesthetics with technological innovation. The film's unique widescreen format and intricate details make it a cinematic masterpiece."
9503643,"The story centers on Bea, a devoted housekeeper and caregiver to Jessie, whose father, Stephen, leaves her heartbroken after departing to sea. While managing her duties, Bea becomes Peola's guardian, dealing with the girl's behavioral issues. Stephen's return reignites Bea's feelings for him, but Jessie's growing affection for him complicates their dynamic. The plot explores themes of love, loss, and the challenges of balancing familial responsibilities with romantic desires."
9431745,"In the village of Anatevka, traditions are integral to maintaining harmony and balance. Tevye, along with his family and neighbors, must leave their cherished home due to an imperial decree. Though they are deeply rooted in their traditions and community, they reluctantly prepare to depart, seeking a new life elsewhere. The story highlights the significance of family bonds, collective resilience, and the unyielding influence of tradition amidst significant change."
9431572,"The subtitles depict a complex narrative centered around Michael Lander, a former U.S. military officer turned mercenary, who collaborates with Vietnamese rebels to obtain a tape containing critical information about upcoming American military operations. The group intends to use this tape to disrupt the war effort. The story also involves internal conflicts, such as Dahlia and Nageeb's strategic discussions and mistrust, and external threats from competing factions, including Jewish militants aiming to acquire or destroy the tape. Additionally, the narrative references a Super Bowl game, which might serve as a distraction or cover for their activities. Themes of guilt and the moral complexities of war are explored, particularly through Lander's expressions of remorse. The climax hints at a confrontation where the tape is used to expose American plans, potentially"
9197468,"The story centers on , an ordinary British soldier who becomes resourceful and determined after being captured and subjected to brutal treatment by the Germans. Alongside his friend, he escapes from a concentration camp and navigates through dangerous territory to reach Allied lines. Despite facing numerous challenges, including betrayal and harsh conditions, Charlie and his companions manage to survive and eventually reach safety. The narrative highlights their resilience and the brutality of war, culminating in their eventual liberation."
9508818,"The conversation appears to center on a tense interaction between Tom and his mother, highlighting a strained family dynamic. Tom seems to be in a volatile emotional state, referring to himself as ""sick"" and expressing frustration, while his mother attempts to address his behavior with concern and clarity. The discussion touches on Tom's past issues, such as trouble at school,"
9374179,"Oliver Twist, an orphan, endures harsh treatment in the workhouse under Mr. Bumble's strict rule. After escaping severe neglect, he finds shelter with Fagin, a thief who plans to use Oliver's inheritance for personal gain. Meanwhile, Mr. Bumble discovers that Oliver might be the son of Agnes, a wealthy woman he met earlier. Mr. Bumble and his wife falsely accuse Oliver of theft, aiming to seize a locket Agnes left behind. Despite their schemes, Oliver remains innocent. Later, Mr. Brownlow reveals himself as Oliver's real father, uncovering the truth about his lineage and the mysterious fate of his biological parents."
9494373,"The story centers on a vibrant anniversary party filled with dancing, humor, and emotional reflections. Percy struggles with his job and relationship while Simon, despite being broke, wins Theresa's heart. The celebration highlights family bonds and the complexities of love."
9292210,"The plot centers on a daring rescue mission orchestrated by Major Latham and General Olson to liberate two WAC officers and Martha Grossman from a Nazi women's camp. Complicating the operation is a senior German officer who becomes infatuated with the women. Despite challenges, including a failed escape attempt, the women successfully flee with vital intelligence. Post-war, their lives reflect the lasting impact of their experiences."
9251546,"The subtitles present a fragmented narrative involving various characters, primarily focusing on themes of love, loss, and survival. The story hints at historical contexts like World War II, with references to a soldier's fate and a will, suggesting legal and financial complexities surrounding inheritance. The mention of a soccer match adds a cultural layer, possibly reflecting societal shifts post-war. Despite these elements, the lack of a cohesive structure makes it difficult to form a comprehensive plot without further context."
9505541,"The story centers on Bill Keller, a World War II veteran, navigating the challenges of post-war life in New York City. He encounters Patricia ""Alabama"" Brent, a Southern belle with aspirations to become a renowned writer. Their relationship unfolds through a series of humorous and tumultuous events, including financial struggles, encounters with gangsters, and brushes with corruption. Despite their conflicting personalities and the obstacles they face, Bill and Alabama develop a strong emotional connection. The narrative concludes with Bill rejoining the military, leaving Alabama to grapple with her feelings and future decisions."
9218232,"In the year 2026, archaeologists in Nevada discover a portal to an ancient Martian city known as the Ark. Twenty years later, the purpose and origin of the Ark remain unclear. Dr. Carmack, leading a research team at Olduvai Facility, reports a Level 5 breach, prompting immediate quarantine measures. The RRTS (Rapid Response Tactical Squad) is deployed to investigate and contain the threat. The team discovers a mysterious entity, referred to as ""the thing,"" which breaches the Ark, threatening to infect the entire facility. The soldiers are tasked with securing the Ark and preventing contamination, facing intense combat and moral dilemmas. Tensions escalate as they battle the infected, with some questioning orders and the nature of the threat. Loyalty and sacrifice are central themes as the soldiers grapple with their roles in the chaos, ultimately striving to contain the threat and maintain quarantine."
9432333,"This film tells the story of a group of mischievous triplets whose playful antics inadvertently disrupt a gangster's scheme. The narrative intertwines their adventures with the challenges faced by cyclists in the Tour de France, highlighting their journey through the grueling race, including encounters with the Ventoux mountain and a mysterious insurance scheme. The triplets' influence on the gangster's plot and their interactions with their grandmother add elements of humor and family dynamics, culminating in a resolution where the cyclists overcome adversity to achieve victory."
9443273,"The story centers on Tony Valdez, a renowned skateboarder, navigating his relationships with loved ones while confronting ethical dilemmas and existential threats. When a scientist, Nigel, seeks to exploit advanced nanotechnology derived from Tony's father's DNA, Tony must decide between protecting his family and stopping Nigel's potential global catastrophe. Themes of loyalty, family, and personal growth emerge as Tony faces moral choices and a climactic battle, ultimately reflecting his strength and resolve."
9465240,"The story centers on Troy and Gabriella, two high school students navigating New Year's Eve preparations while managing personal family issues. At a talent show during the celebrations, they showcase their musical skills, fostering a deeper connection. Their shared challenges and triumphs in a championship basketball game symbolize their growing friendship and collective success, ultimately celebrating themes of unity and achievement."
9224597,"The story centers on a group of martial artists seeking shelter at the Shaolin Temple after escaping the Qing authorities. Despite the temple's strict policies, they are admitted as students. However, the temple faces a looming threat from a conspiracy by Qing generals aiming to destroy it. The climax involves the temple under siege, leading the protagonists to retreat and regroup to overthrow the Qing. The story revolves around a group of martial artists seeking refuge at the Shaolin Temple after fleeing from the Qing authorities. Despite initial resistance from the temple's strict rules, they are eventually accepted as students. However, external forces, particularly a conspiracy by the Qing generals to annihilate the temple, threaten their existence. The narrative concludes with the temple under siege, and the protagonists deciding to retreat to regroup and plan their next move against the Qing regime."
9225700,"The film centers on a pivotal Stanley Cup final game where the Pittsburgh Penguins, led by Luc Robitaille, execute a dramatic comeback against the Chicago Blackhawks. Despite being down by a goal late in the third period, the Penguins tie the game in the final seconds, forcing sudden-death overtime. The tension is palpable as both teams battle for supremacy, with the outcome hinging on crucial plays and the resolve of their players. The narrative also introduces personal elements, such as Darren McCord's struggles as a firefighter and his relationship with his family, adding emotional depth to the story."
9415021,"The story centers on Inspector Krishna, a dedicated police officer whose integrity is questioned due to his association with the controversial figure, JP Shetty. Krishna is suspected in the murder of Mr. Madhavrao, a man connected to the rival group led by Shankarnarayan. Despite his innocence, public opinion and internal pressures from his department and the special branch weigh heavily on him. Additionally, Krishna's younger sister, Bhavna, discovers his secret relationship with Shekar, a sales officer linked to Shetty's illegal activities, causing familial tensions and further strain on his reputation. The narrative explores themes of loyalty, duty, and the consequences of unfounded accusations, ultimately highlighting the challenges faced by Krishna in navigating his professional and personal life."
9385436,"The story begins with Gyeon-woo and Auntie burying a time capsule two years earlier, promising to reunite at the same spot in two years. Auntie fails to appear, leaving Gyeon-woo to wait patiently. Over the subsequent two years, Gyeon-woo reflects on their relationship, writes extensively about their experiences online, and transforms his writings into a movie script. Meanwhile, Auntie faces a tragic loss, her boyfriend's death, leaving her heartbroken but hopeful about reconnecting with Gyeon-woo. The narrative intertwines their individual journeys, exploring their unresolved connection and the bittersweet emotions tied to their unfulfilled reunion. Ultimately, the story serves as a poignant reflection on love, loss, and the uncertain nature of destiny."
9407049,"The transcript provided is a fragmented narrative, appearing to blend elements from various films or fanfictions. It begins with a tense scenario involving Rachel and Callahan, suggesting a protective moment for children. The story shifts to Miss Fairchild discussing recruitment into Project Genesis, approached by Special Agent Parker. Historical figures like Julius Caesar and Alexa are introduced, hinting at time travel or alternate storytelling. References to genetic experiments (""Gen 12"" and ""Gen 13"") and superhuman projects emerge, indicating a theme of governmental intrigue and betrayal. Characters like Roxy, Grunge, Ivana, and Matthew are involved in training or combat, with Matthew's dark history tied to experiments and family loss. The narrative hints at themes of revenge and power struggles, with Matthew's role as a central antagonist. Despite its disjointed nature, the transcript suggests a story of genetic potential, power dynamics, and redemption, though it remains incomplete and non-cohesive."
9431782,"The plot involves a group of young individuals navigating both personal relationships and political turmoil. Set against a backdrop of everyday activities and moments of intense conflict, the story highlights the interplay between love, loss, and resilience."
9490624,"The story follows Lisa, renamed Linda, as she navigates her feelings after a breakup. She interacts with various characters, including Henry ""Harry"" Paratesticles/Roth, Nick, Sue, Doug, and Lucy Whitmore, who is an artist. The narrative is filled with humor, emotional moments, and references to strange occurrences involving sharks and other creatures. The tone shifts between lightheartedness and seriousness, often highlighting the absurdity of situations. Throughout, themes of love, loss, and moving on are explored, culminating in a touching and somewhat bizarre wedding scene. The story revolves around Lisa's journey of self-discovery and coping with heartbreak, set against a backdrop of quirky characters and humorous, sometimes surreal events. It concludes with a whimsical wedding ceremony, blending elements of love, loss, and unexpected happiness."
9191893,"A man, presumed dead after being frozen in a cryogenic experiment, awakens in a strange facility surrounded by other frozen individuals. Questioned by a woman named Ann, who suspects him of being a thief due to items found near his frozen form, they form an alliance to escape the facility. They encounter challenges such as a shifting landscape and a mysterious virus threatening their lives. Their journey leads them to a beach where they confront their pasts and prepare for an uncertain future, ultimately deciding to face whatever comes next together."
9203321,"The story revolves around a group of individuals, including Gloria, her brother Rudy, and others, who venture into the Amazonian jungle near Paraguay in search of a village called Manyoca. Their primary goal is to disprove the existence of cannibalistic practices among indigenous peoples, which Gloria is researching for her PhD thesis. Along the way, they encounter various dangers such as wild animals, harsh terrain, and encounters with other groups. Eventually, they face a group of cannibals (referred to as ""cannibal ferox"") who capture them. The group is subjected to brutal treatment, and there's tension as they try to escape. Ultimately, they manage to survive and return to Paraguay, though the experience leaves a lasting impact on them. Wait, but according to the subtitles, the main focus is on Gloria and her quest to prove cannibalism doesn't exist, but the actual events seem more like a typical survival story with elements of danger and conflict. However, the key element is Gloria's research and the discovery of supposed cannibalistic incidents. The ending suggests that Gloria successfully disproves the myth, but the journey itself is fraught with peril. But in the initial summary, I focused on the group being captured by cannibals, but perhaps the subtitles indicate that the main threat isn't cannibals but rather other people or external forces. Wait, re-reading the subtitles, the main conflict seems to be between different groups in the jungle, possibly competing for resources or territory, and the presence of the village of Manyoca, which is tied to the reported cannibalism. The group is trying to reach Manyoca to investigate, but they meet with resistance from both the jungle environment and other people. Additionally, the mention of Mike Logan and Joseph Castellani indicates that there might be a larger conspiracy or that they are part of a group that has been exploiting the situation for their own gain, possibly involving the stolen money and dope. The interaction with the Janitor and the discussion about the missing money suggest that there's a subplot involving theft and betrayal. Moreover, the scene where Gloria is forced to take a shower and the subsequent dialogue hints at possible exploitation or unwanted advances, adding layers to the story beyond just the cannibalism narrative. So, perhaps the accurate summary should incorporate both the research aspect and the survival elements, as well as the internal conflicts within the group, such as mistrust or personal issues, and the external threats like rival groups and"
9336068,"The subtitles depict a complex narrative involving multiple characters and settings. The story appears to revolve around a group involved in some sort of illegal or questionable activities, possibly related to drug trafficking or organized crime, given references to ""cartel"" and ""tigers"" (likely metaphorical). There are elements of tension, including a ""cloud over us"" and a need to resolve issues, suggesting a conflict or crisis. The presence of Marianne and her interactions with other characters, such as Rick and Joe, indicate relationships marked by betrayal, emotional struggles, and moments of levity amidst the chaos. The narrative also touches upon themes of loyalty, greed, and redemption, as well as the consequences of one's actions. The setting shifts between various locations, including Detroit, a tropical rainforest, and a party atmosphere, adding layers of complexity to the plot. While the exact nature of the conflict and the resolution remain unclear, the subtitles suggest a climactic moment where key figures confront each other, potentially leading to a decisive outcome. The subtitles describe a complex and multifaceted story involving characters entangled in a tense situation, likely related"
9440948,"The story centers on a family navigating the aftermath of World War II, focusing on Josephina (Josie) and her strained relationship with her father, Martin. Josie marries a soldier, Jack McKenna, and they plan to rebuild their life together at the church in San Luis Rey. Martin disapproves strongly, causing familial tension. Despite initial conflict, Martin later softens, allowing Josie to leave with Jack. The narrative intertwines themes of love, loss, and resilience, highlighting the challenges faced during wartime and the eventual healing of familial bonds."
9285894,"The provided subtitles describe a complex scenario involving high-stakes suspense, including a plane with malfunctioning systems, a group of individuals trying to survive or apprehend criminals, and references to FBI agents and a prominent figure named Eddie Kim. While the narrative is fragmented, it suggests a conflict between law enforcement and a criminal element, set against a backdrop of chaos and urgency."
9449028,"The narrative centers on Father O'Reilly, a priest who ventures into the Amazon Rainforest following the disappearance of his friend, Father Mahoney. During his journey, he learns of a local legend about a ""Dolphin Boy,"" a figure believed to possess spiritual power and protect the Wai-Kai people. Meanwhile, back in the city, O'Reilly faces moral dilemmas with a corrupt mine owner, Santos, who is implicated in the abduction of two orphaned boys, Lazaro and Segundo. The boys, escaping captivity, find their way to the jungle and encounter the enigmatic Dolphin Boy, who aids them in navigating the forest's dangers. Guided"
9434540,"The story centers on Jake McQueen, a reformed smuggler aiding pilgrims crossing the border, and his sister Maria, a U.S. Marshal tracking him. Their journey intertwines with a corrupt mechanic, Dean, and a mysterious holographic projection of Maria, Hannah. Set in a dystopian landscape with a luminous ""Dome"" symbolizing hope, the narrative explores themes of family, redemption, and moral conflict, ending with a climactic showdown."
9231019,"The plot centers on the lives of Cary Grant, Doris Day, and their extended family, highlighting Alim's wedding preparations and the strained relationship with his mother, Nuru. The narrative intertwines themes of family, love, and personal growth, with moments of humor and emotional depth, ultimately celebrating the enduring power of love and family ties."
9200491,"The subtitle script presents a narrative where Pluto is in distress, with Mickey attempting to help amidst a race against time. The story involves a mysterious experiment with a chicken and a puppy, hinting at a tricky task. Diabolical laughter suggests a villainous presence, while the chase and urgency of the ticking clock add tension. Ultimately, it's a tale of Pluto's peril, Mickey's efforts to aid, and a race to resolve the situation before it's too late."
9356752,"The scene presented a mix of family concerns and business dealings, highlighting humor and tension as Maury struggled with a daughter's birthday and Dave faced challenges in selling premium meats. Maury was seen trying to acquire a swing set for his daughter, leading to humorous interactions with others. Meanwhile, Dave was involved in a business deal involving selling meat products, resulting in tense moments as he navigated negotiations with potential clients. The story also touched upon themes of family, relationships, and the importance of quality in products, all while maintaining a light-hearted tone through comedic elements."
9240859,"The film tells the true story of the Tuskegee Airmen, African American pilots trained during World War II, who overcome racial discrimination and prove their skills in combat, earning respect despite facing skepticism and challenges."
9199334,"The provided subtitles suggest a complex narrative centered around conflicts among various characters, including Raja Sir, his family, and figures like Durga and Ajay. The story appears to revolve around themes of betrayal, revenge, and moral struggles, with mentions of curses and family feuds. However, the fragmented nature of the text makes it difficult to construct a coherent plot without additional context or a complete script."
9236404,"The story revolves around Bernadette Soubirous, a resilient young girl in a modest French village, navigating her education and aiding her struggling family through odd jobs. Her sister Marie suffers from severe asthma, and the family endures financial hardship and harsh living conditions, frequently lacking adequate food and shelter. Despite these challenges, Bernadette remains dedicated to her faith, attending church services alongside her sister. Her efforts to earn income at a bakery fail, adding to the family's burdens. The narrative highlights themes of poverty, illness, and the enduring strength of faith amidst adversity, showing Bernadette's unwavering commitment to supporting her family and maintaining her spiritual beliefs despite life's difficulties."
9277231,"The plot centers on a group of individuals, including Leah, Will Smythe, and various families, navigating a challenging journey marked by supernatural elements and internal conflicts. They seek refuge in a new settlement, facing external threats like a valley inhabited by a ""devil witch"" and internal struggles, such as accusations of polygamy and adultery. Will Smythe emerges as a pivotal leader, experiencing a near-miracle when a rope breaks during an execution, hint"
9399562,"The plot centers on a cursed box that has ensnared Frank Cotton, a man haunted by his violent past and a family legacy tied to the box. His daughter, Kirsty, attempts to protect him, but their relationship becomes strained as they confront the supernatural forces and each other. The narrative ends with a chilling standoff, hinting at Frank's demise and Kirsty's resolve to seek help, leaving the outcome uncertain."
9403349,"The story centers on Tod and Copper, two dogs, alongside their human friend Chief, as they embark on a series of adventures filled with humor and camaraderie. They navigate challenges such as losing a rabbit, encountering a troublesome fox named Amos Slade, and preparing for a county fair. Alongside these trials, they also organize a talent show featuring themselves and other animals, where their harmonious performances captivate audiences. Despite moments of confusion and minor conflicts, their unwavering loyalty and teamwork enable them to overcome obstacles. The narrative concludes with a triumphant performance at the Grand Ole Opry, symbolizing their unbreakable bond and shared joy."
9382926,"The film centers on Mr. Sherwood Nash, a witty and resourceful character navigating various schemes and deals, interacting with Glenda and Snap among others. His efforts involve resolving conflicts, preventing scams, and maintaining his business interests, frequently resulting in humorous and chaotic situations."
9369764,"The story centers on a group of individuals, including a family named Flodder, who relocate from a toxic waste dump to a villa in a prestigious neighborhood. Initially met with skepticism by their neighbors, the group attempts to integrate into their new surroundings by hosting a party. However, the celebration turns chaotic when authorities interrupt it, leading to a tense confrontation. In the end, the characters decide to leave the villa, seeking a fresh start in a warmer location, reflecting on their journey with gratitude."
9462967,"In a high-stakes situation, Sinclair, commanding the Storm Division, leads the charge to secure the rocket and repel attackers. Despite a malfunctioning rudder complicating their efforts, Sinclair remains focused on retrieving the rocket. Tensions escalate when a young lady interferes, prompting Sinclair to silence her. The team works swiftly but faces challenges as they race against time to complete their mission."
9386221,"The subtitle begins by mentioning the Arab Spring Revolutions of 2011, highlighting the impact of nonviolent resistance in regions like Tunisia, Egypt, Bahrain, and Syria. It introduces Gene Sharp, a quiet American scholar who has been instrumental in promoting nonviolent revolutions for over 50 years. His strategies and theories are utilized in various countries, including Syria, as shown in the current events. The summary should encapsulate Sharp's influence, his methodologies (such as the 198 nonviolent methods), the establishment of the Albert Einstein Institution, and his interactions with figures like Colonel Bob Helvey and Ausama Monajed. Additionally, it should reflect his belief in the effectiveness of nonviolent struggle against dictatorships and his optimistic vision for global change."
9270640,"The story centers on the mysterious disappearance of Professor Montel, a renowned nuclear physicist, who vanishes while en route to a conference in Vienna. The authorities suspect he may have defected to the Soviet Union. Concurrently, a group of scientists and former military personnel investigates North Pacific islands believed to be part of a secret atomic arsenal. Their mission is fraught with challenges, including the discovery of a counterfeit American bomber, potential espionage, and internal conflicts. The narrative culminates in a high-stakes operation to destroy the bomber, which leads to chaos and the subsequent departure of the submarine crew."
9415642,"In the heart of colonial Sarawak, John Truscott, a young British officer, embarks on a mission to introduce Western education to the Iban people, despite the disapproval of the region's Governor, Henry Bullard. Truscott's efforts are hindered by cultural clashes, as the Iban cling to their traditional ways, including heavy drinking, sports, and practical jokes. His encounters with the Iban, particularly during a feast honoring the war god, highlight the challenges of"
9386631,"The plot revolves around Mr. Kenyon's frantic search for an anniversary gift, which spirals into a series of comedic and chaotic events. A salesman, Mr. Gorell, inadvertently adds to the confusion, while Mr. Casavarna from the Havana Travel Agency eventually resolves the situation, ensuring everyone finds their way despite the absurdity. The story underscores the unpredictability of life through its humorous and bizarre twists."
9293899,"The group finds themselves stranded in the woods, grappling with an uncertain fate as they encounter mysterious creatures and unresolved tensions. Despite their efforts to navigate the forest and manage their resources, fear and conflict threaten their survival. In the end, they successfully escape the woods, though the ordeal leaves them traumatized and resolved to avoid similar adventures in the future."
9303400,"The film presents a complex narrative blending a political trial with a tailor's personal journey. Andrew Johnson, a tailor turned president, faces impeachment while teaching himself to read and sew. The story also explores a small town's efforts to rebuild after a difficult period, ultimately concluding with Johnson's exoneration, symbolizing national unity."
9229344,"The group discovers the Scroll of Life in Ananka's tomb, risking divine wrath, while John's leg heals improperly, and his father's mental state deteriorates."
9502507,"The story centers on Veronica Franco, a prominent Venetian courtesan, who is accused of witchcraft by the Inquisition. Despite her profound love for Marco Venier, she undergoes intense interrogation by the Church. Her resistance to societal control and pursuit of independence is evident as she refuses to conform to men's authority, choosing instead to live freely. This defiance leads to a confrontation between the Church and Venetian authorities. In the end, Venice decides to handle the situation within its own jurisdiction, avoiding submission to the Church's demands. Consequently, Veronica continues to shelter those seeking refuge, symbolizing her unyielding opposition to religious authority while maintaining her own principles."
9309323,"The story centers on a group of individuals whose lives are interconnected through their experiences during World War II, highlighting themes of friendship, loss, and survival. The narrative weaves together several subplots involving key characters: Joe, a pilot; Rachel, a mechanic; Tommy, a dancer; and others affected by the war. Central events include a plane crash, a daring rescue, and the emotional toll faced by survivors. The story also explores themes of love, duty, and the war's impact on families. Through their interactions and sacrifices, the characters demonstrate resilience and the bonds forged in adversity."
9452560,"Dr. Axel Bomasch, a scientist working on a cutting-edge defensive weapon, escapes Czechoslovakia with his daughter Anna as the Nazis begin their invasion. Guided by a covert network, they navigate treacherous routes to reach England, encountering a mix of allies and adversaries. The narrative weaves their perilous journey with stories of others impacted by the regime, illustrating themes of resistance and moral complexity. Despite facing betrayal, danger, and relentless Nazi pursuit, Axel and Anna ultimately succeed in reaching England, their odyssey marked by sacrifice and the thin line between survival and defiance."
9433347,"The conversation oscillates between lighthearted exchanges and intense moments, revealing the camaraderie and stress faced by officers Hoyt and Debbie. Their discussion touches on a recent DUI stop involving a suspect linked to a potential murder, underscoring the dangers of their profession."
9296824,"The conversation centers on a photography project where participants must create self-portraits reflecting their personality or surroundings. They discuss purchasing an analog camera, share concerns about a friend's disappearance, and touch on personal issues like alcoholism. Light-hearted moments about relationships and a humorous attempt to sidestep a potential inappropriate situation are also included."
9290723,"The scene depicts a family gathering at a hospital, where Dwayne has taken a vow of silence due to past trauma, while Olive prepares for a beauty pageant despite her parents' worries. The story intertwines themes of personal resilience, family support, and the pursuit of individual goals."
9271946,"The story unfolds in a village where a wedding celebration is interrupted by a band of pirates led by a renegade ""captain"" seeking to kidnap the bride-to-be, Blanka, for their leader, Balthazar. The villagers, including Don Emilio, Blanka's betrothed, and his loyal subjects, prepare to defend themselves. With the aid of Pamfilo, a former military officer, they successfully repel the pirates, saving the village. Despite the interruption, the story concludes with the promise of a future wedding once peace is restored."
9326561,"The provided subtitles depict a fragmented narrative involving multiple characters and settings, making it difficult to construct a coherent plot summary. Key elements include: - Jackie visits Dr. Bickman, a dentist, likely regarding her health or appearance, though the specifics are unclear.    - These individuals are involved in what appears to be illicit activities, possibly related to a young woman named Rizzo. Their actions suggest involvement in activities that may connect to organized crime or vice operations. - There is reference to a heart condition, which adds complexity to the storyline, potentially tying into a larger plot involving deception and betrayal. - The narrative hints at legal issues, moral dilemmas, and personal motivations, suggesting a story filled with tension and intrigue. Despite these elements, the lack of a consistent narrative thread and disjointed scenes prevent a comprehensive understanding of the plot."
9282344,"The story centers on a group led by Cary, Shelley, and Uncle Ive, who are guests at a remote location managed by Ms. Camden. Tensions rise as Ms. Camden becomes increasingly concerned about their presence, particularly following the arrival of Thorn, whose suspicious activities escalate into dangerous behavior. The group discovers cryptic symbols and an ancient artifact, triggering a supernatural conflict with a mysterious entity known as the ""Nonspectas,"" which seems to be a vengeful force tied to the artifact. As they navigate this malevolent threat, the narrative culminates in a tense ritualistic burial attempt to appease the entity, ending with a dramatic confrontation. The story underscores the powerful and ominous influence of the artifact, compelling the characters to confront their fears and take bold action to neutralize the threat."
9303396,"The plot primarily revolves around Helen's emotional struggles, including her pregnancy and the loss of her baby, alongside her separated relationship with Gerry, who is involved with another woman, Anna. The narrative is fragmented, making it difficult to present a coherent summary."
9231253,"The story revolves around a group of criminals ensnared in a violent, betrayal-ridden world, with the focus on Vincent, a morally conflicted figure torn between his loyalty to a crime syndicate and his personal struggle with guilt and redemption. Central events include a failed assassination attempt, a tense confrontation with a rival gangster, and the uncovering of a devastating truth about Vincent's past, connecting his present predicament to his late father's criminal history. Themes of honor, betrayal, and the repercussions of one's actions dominate the narrative, as characters navigate a treacherous terrain of violence and deceit."
9447716,"The plot centers on Chen Zhen, a skilled martial artist seeking vengeance after his mentor, Master Wa, is slain by the Noguchi clan. He unites with other fighters to face the Noguchi, culminating in a decisive battle. Themes of loyalty, honor, and national pride are explored, with Chen's journey reflecting both personal growth and broader geopolitical tensions. Ultimately, Chen remains committed to his cause, ready to continue fighting for justice and freedom despite the obstacles ahead."
9239621,"The story centers on Mitsuko Ozawa, a young girl growing up in a dark, violent household where her parents' executions leave her feeling isolated and trapped. Her father, a convicted murderer, and her mother, who becomes increasingly possessive and abusive, create a chaotic environment. Mitsuko begins to identify with her mother, leading to a complex and tumultuous relationship marked by emotional and psychological struggles. Through her alter ego, Sayuri, Mitsuko attempts to confront her traumatic past and seek redemption, culminating in a tragic conclusion where her true identity is revealed, altering her family dynamics irrevocably. The narrative explores themes of identity, abuse, repression, and the lasting impact of trauma."
9489767,"The story begins with political tensions between the Federation and the Romulan Empire, as the Romulans propose an alliance with Shinzon of Remus, which the Federation rejects. The Enterprise is called to investigate strange positronic signatures near the Kolarin system, leading to encounters with hostile Romulans. A tense standoff ensues, with both sides prepared for combat. However, through diplomacy and strategic maneuvering, the situation de-escalates, allowing for potential future talks between the opposing factions. The narrative also touches on personal relationships and growth among the crew members, particularly highlighting Captain Picard's reflections on his role and the legacy of his former first officer, Data. The story revolves around political tensions between the Federation and the Romulans, with the Enterprise investigating mysterious signals. They face a hostile encounter, but through diplomacy, the situation de-escalates, hinting at possible future talks. Personal growth among the crew, especially Captain Picard reflecting on Data's legacy, is also explored."
9245964,"Albert Brooks, a renowned comedian and director, embarks on a unique project titled ""Reality,"" aiming to create a film that captures genuine, unscripted moments from everyday people. The project centers around the Yeager family, a regular family with no prior acting experience, and involves psychological experts to guide the process. Initially envisioned as a lighthearted and uplifting endeavor, the film documents the Yeagers' daily lives, interactions, and experiences. However, as the project progresses, Brooks encounters unexpected challenges, including a failed experiment and personal struggles, leading to a tragic turn of events where the Yeagers' house burns down. This unexpected tragedy leaves the family displaced and Brooks feeling responsible, questioning his approach and the impact of the project. Despite the intended positive outcome, the film ends on a somber note, highlighting the unpredictability of real-life experiences and the emotional toll such an experiment can have."
9230593,"Ahmed Ibn Fahdlan, an Arabic poet and later an ambassador, is exiled after falling in love with a woman whose jealous husband complains to the Caliph. He journeys through various northern lands, encountering barbarians, murderous bandits (Tartars), and Northmen preparing for their king's funeral. He meets Buliwyf, a Northman chieftain, who asks for his help against an ancient evil threatening his people. After several trials and battles, including a climactic fight against the Wendols, Ahmed succeeds in aiding Buliwyf, learning about their cultures, and finding redemption. The story concludes with Ahmed reflecting on his journey and the impact of his actions. Ahmed Ibn Fahdlan, an Arabic poet turned ambassador, faces exile after falling for a woman whose jealous husband seeks his banishment. He travels north, encountering various threats and meeting Buliwyf, a Northman chieftain whose people are menaced by an ancient evil. Through their alliance, they overcome these challenges, with Ahmed learning about their culture and finding redemption. The story ends with Ahmed reflecting on his journey and the impact of his actions."
9397062,"The narrative revolves around a complex relationship between Jane and the speaker, marked by moments of emotional intensity and tension. The speaker, who appears to be a friend or acquaintance, expresses deep affection for Jane, referencing her as a ""mother"" and reflecting on a past where she was ""special"" and ""innocent."" However, their connection is strained by misunderstandings and financial disputes, particularly regarding a home theater system and a credit card debt.  Key elements include the significance of a wooden box, which seems to symbolize shared history or a family heirloom, and the speaker's frustration with Jane's absence and apparent neglect. The relationship is further complicated by the mention of a breakup and the speaker's fear of losing Jane permanently, leading to emotional appeals and even threats of violence when the box is involved. The setting shifts between various locations in Bangkok, including a flea market and a house, highlighting the speaker's efforts to reconcile their feelings for Jane despite the"
9248465,"The plot centers on a tense confrontation in Caxton between whites and African Americans, with a young Black man accused of rape. Whites, including Mr. Cramer, intend to lynch him, while others seek to prevent violence. The outcome remains uncertain, leaving the future of Joey and the town's relations hanging in the balance."
9406187,"The plot centers on Joey Faust, an escaped convict and mastermind behind a daring heist at a secret facility storing atomic materials. Betrayed by Major Krenner, a corrupt official, Faust and his team face a deadly confrontation. After a dramatic escape, the story concludes with a tragic ending as both Faust and Krenner perish, leaving the fate of the atomic secrets hanging in the balance."
9233895,"The subtitles depict a chaotic and dramatic scenario involving multiple characters, including Emilio, Rosario, Antonio, and others. The narrative centers around Rosario, who is seriously injured after being shot, undergoing surgery, and her relationship with Emilio, who seems to be a key figure in her life. There are mentions of past events, such as Rosario's connection to Pedro and Jonhefe, and her interactions with various individuals, some of whom seem to be friends or acquaintances. The dialogue suggests tension, emotional struggles, and moments of vulnerability, particularly regarding Rosario's health and her feelings for Emilio. The setting appears to be a hospital, with references to operations and medical conditions. The conversation also touches upon themes of loyalty, betrayal, and the complexities of human relationships. The subtitles present a complex and tense narrative involving characters like Emilio, Rosario, and Antonio, focusing on Rosario's critical condition after being shot and her emotional bond with Emilio. The story is set in a hospital environment, highlighting her surgery and the interpersonal conflicts surrounding her fate."
9308308,"The plot centers on a mission led by Bill Parker and Jake Sutter to rescue Dr. Ivan Stein's wife and recover crucial scientific data stolen from a remote Amazon outpost. Complicating the task are mysterious disappearances, a potential werewolf threat, and the group's strained relationships. The mission's success hinges on uncovering the truth behind the missing scientists and protecting the ozone layer from destruction."
9191001,"The narrative centers on Marc Pease, a member of the high school drama club known as Meridian 8, who feels overshadowed by the renowned Dorothy and Mr. Gribble. Struggling with his role in the play, Marc quits the group, leading to the disbandment of Meridian 8. Despite initial doubts, he later reconciles with his friends and decides to stay, eventually thriving as a successful singer. Meanwhile, Mr. Wiz, the director, grapples with personal challenges, including a malfunctioning balloon symbolizing his desire to return home to Kansas. The film concludes with Marc performing an emotional song dedicated to himself, suggesting his future success."
9200979,"The subtitle text provides a script-like narrative centered around Galileo Galilei and his interactions with a pupil named Andrea, set against the backdrop of 16th-century Padua. Galileo, known for his contributions to astronomy, engages in debates with religious authorities and discusses his scientific findings, particularly the heliocentric model, which challenges traditional geocentrism. The scene highlights the tension between old beliefs and emerging scientific truths, with Galileo's pupil showing potential to carry forward his ideas despite opposition. Financial aspects, such as payment for lessons, add practicality to their relationship. Overall, the text captures a moment of intellectual struggle and transition, emphasizing the clash between faith and reason."
9428736,"Jack Reed, a Portland-born journalist and political activist, is remembered by his widow, Louise Bryant, as a man of firm beliefs. Despite once aiming to become a class president and a millionaire, Reed focused on journalism and revolutionary causes. He worked alongside figures like Mabel Dodge and Emma Goldman before forming a close relationship with Bryant. Known for his passionate defense of socialist and communist ideals, Reed often faced conflicts with authorities. His death in Russia during the revolution left a lasting legacy, as he remains a symbol of dedication to justice and progress."
9218416,"The speaker discusses the concept of the Law of Attraction, explaining how positive thoughts and desires can attract favorable outcomes. They emphasize the importance of focusing on what one wants rather than fears, noting that thoughts have frequencies that draw corresponding experiences. By maintaining positive intentions and embracing joy, individuals can overcome challenges and achieve their goals. The message encourages listeners to pursue their passions, believing that such actions will lead to success and fulfillment."
9474713,"The narrative centers on Edward Foster, who inherits Marr's Grove, a haunted estate, following the death of Andrew Marr, whose insanity was attributed to the murder of his wife and children. Edward moves into the house, aiming to restore it, but faces supernatural disturbances linked to Alta Lynchman, a figure believed dead but seen by Edward. Additionally, Sarah Mandeville emerges as a complicating factor, potentially involved in the estate's inheritance. As Edward navigates spectral haunting and mysterious forces, he seeks to secure Marr's Grove's future while unraveling the tragic past."
9431523,"The movie revolves around the lives of several characters navigating cultural differences, family dynamics, and personal growth in a diverse educational setting. Teachers and students from various backgrounds interact, facing challenges such as language barriers, differing traditions, and societal expectations. Key moments involve relationships, traditions (like wearing hijabs), career decisions, and cultural misunderstandings, culminating in a hopeful exploration of identity and belonging. The movie explores themes of cultural adaptation, family interactions, and personal growth within a diverse educational environment. Characters navigate challenges related to language, traditions, and societal expectations, while forming meaningful connections and making significant life decisions."
9283293,"The narrative centers on Frank and Malcolm, two unemployed friends grappling with financial instability and emotional turmoil. Living in Malcolm's late mother's house, which holds her ashes, Frank feels a sense of responsibility toward Malcolm, despite Malcolm's harsh demeanor. Malcolm, known for his strictness, frequently terminates employees, including Frank, though he later re-hires him.  To alleviate their financial burdens, Frank enlists Judith, a friend, in a heist scheme targeting a heavily guarded vault containing $250,000. Despite their meticulous planning, the heist repeatedly fails due to police interventions and unforeseen obstacles. Through their various attempts, the trio faces challenges that test their resolve and loyalty. Themes of loyalty, financial struggles, and coping with loss permeate the story, highlighting the complexities of their relationships and their quest for stability amidst constant adversity."
9298029,"Joe Bell, after serving time in prison for crimes he didn’t commit, is released and encounters a group of young men on a train heading north. Despite their antagonistic behavior, he assists them. Upon arrival in a new town, they're involved in a robbery and shootout, leading to their capture. Joe is mistakenly suspected of murder. During his trial, his true nature as a resilient individual seeking belonging is revealed. His stepmother testifies he's not a murderer, and the jury acquits him. Finally, Joe and Mabel find hope in a fresh start, symbolized by their determination to ""hang their hats"" somewhere. Joe Bell, after being wrongfully convicted and serving time for crimes he didn't commit, is released and encounters a group of young men on a train. Despite their antagonism, he assists them. Upon arrival in a new town, they're involved in a robbery and shootout, leading to their capture. Joe is mistakenly suspected of"
9447723,"The story centers on Qin Fen, an inventor who creates the Conflict Resolution Terminal (CRT2008), designed to fairly resolve disputes using principles from rock-paper-scissors, eliminating flaws like cheating and bias. He faces skepticism from investors but eventually secures a deal. Concurrently, Qin reflects on his personal life, dealing with a strained friendship and contemplating feelings for a woman he saved, while also confronting his own emotional struggles. The narrative intertwines his professional journey with personal emotions, emphasizing themes of peace and human connection."
9311141,"The story begins with elves explaining their unique roles, including making shoes, baking cookies in a treacherous oak tree, and working at Santa's Workshop. Intruduced is Buddy, a human baby who sneaks into Santa's sack at an orphanage, leading Santa to adopt him as his son. Despite his human traits, Buddy grows close to his elf family, becoming Santa's apprentice. However, Buddy feels outcast due to his differences, struggling with elf tasks like toy-making and singing. Meanwhile, Santa's reindeer face a technical challenge—a malfunctioning engine preventing the sleigh from flying. Additionally, mysterious carolers in Central Park add suspense. Through his perseverance, Buddy saves Christmas, proving himself capable and bridging the gap between worlds. The story concludes with Christmas saved, highlighting themes"
9295850,"The soldiers are trapped in a bunker, surrounded by enemy forces, with limited ammunition and uncertain circumstances. Tensions escalate as the group grapples with fear and mistrust, debating whether to surrender or resist. A young private steps forward, attempting a daring escape, but chaos unfolds as accusations of betrayal arise. Desperate and divided, the soldiers face a perilous future, unsure of their survival chances."
9332045,"Samia and her family are caught in the midst of the harsh realities of living under Israeli occupation. They face the daunting decision of whether to stay or leave their home, which is occupied by the Israeli military. The family struggles with fear, uncertainty, and the moral dilemmas of their situation. Jamal, driven by a sense of duty and resistance, is determined to fight for their rights, while Samia prioritizes her children's safety, reflecting the family's emotional turmoil and their collective struggle for survival. The tension escalates as they navigate their precarious circumstances, balancing hope for a better future with the immediate dangers of staying."
9489880,"The story begins with a cursed princess who awaits her true love's kiss to break the enchantment. Many knights fail to rescue her, leaving her trapped in a tower guarded by a dragon. Shrek and his talking donkey companion encounter the dragon, overcoming it to free the princess. Their bond evolves into romance, but Shrek's actions inadvertently cause friction with Fiona and the community. Despite these challenges, Shrek and Fiona reconcile, finding happiness together."
9373313,"The plot centers on a high-stakes confrontation between Carlos, a notorious terrorist known as ""the Jackal,"" and intelligence officers from the CIA and KGB. Set across international locations like Israel and Paris, the story intertwines efforts to identify and apprehend Carlos with personal struggles among the characters. Emotions run high as individuals confront their roles in the conflict, affecting their relationships and mental health. Themes of betrayal, loyalty, and the moral ambiguities of war and espionage are explored, culminating in a tragic event where an officer's family is lost, underscoring the heavy toll of their duties."
9498749,"The scene introduces Liam Liu, a young man in Los Angeles dealing with car troubles and reflecting on his career path, as he encounters Georgia, a woman whose interest in him is tinged with uncertainty. Their conversation delves into their respective lives, touching on topics like career choices, personal aspirations, and mutual attractions. Underlying tensions emerge, hinting at unresolved emotional conflicts and past mistakes. The dialogue reveals a complex dynamic, with both characters revealing vulnerabilities and longing for connection despite their imperfections. The scene concludes with a sense of ambiguity, leaving room for potential future interactions."
9479787,"The story centers on Richard the Lionhearted, a powerful English king, who embarks on a Crusade to the Holy Land after being betrayed by his brother, Philip of France. Along the journey, Richard encounters Saladin, the Sultan of Egypt, who proves to be a formidable adversary. Through a series of battles and negotiations, Richard secures the release of Christian captives and ultimately reaches Jerusalem. However, despite achieving his goal, Richard grapples with unrequited love for Berengaria, his betrothed, and finds peace in the Holy City. The film concludes with Richard making a heartfelt plea to God for forgiveness and finding solace in the Holy City. Final Answer: Richard the Lionhearted embarks on a Crusade, facing betrayal by his brother Philip and encountering the cunning Saladin. Despite securing the release of Christian captives and reaching Jerusalem, Richard struggles with unrequited love and finds peace in the Holy City."
9433374,"The conversation explores various themes, primarily focusing on family interactions and concerns regarding the yeshiva's finances. Michal discusses her father's potential legal issues stemming from his involvement with Rabbi Gabai and the yeshiva, expressing worries about his innocence and the possibility of legal consequences. Personal matters include Michal's need to find a new place to live and her strained relationship with her partner, as well as moments of emotional support and family bonding. The dialogue also touches upon moments of tension and conflict, particularly involving interactions with others from the yeshiva, highlighting the complexities of their relationships."
9428440,"The plot revolves around Inspector Winship and Dr. Tart, two bumbling private detectives, investigating the suspicious deaths of Lord and Lady Morley. After initially believing it to be an accident, they later uncover that it was a meticulously planned murder orchestrated by a shadowy figure known as ""the killer,"" who targets the Morleys due to financial motives involving their daughter, Phyllis. The duo faces various challenges, including a malfunctioning time-gun, escaping from traps, and dealing with bizarre occurrences, all while trying to solve the case and clear their names. Eventually, they succeed in apprehending the killer, though not without considerable tension and humor. But wait, the user provided a detailed summary based on the subtitles, but then added a note saying ""However, upon closer examination, the subtitles provided don't actually contain any coherent scenes or dialogue that would allow for such a plot."" So, the initial summary is incorrect because the subtitles don't support it. So, the task is to create a new, accurate summary using only the given subtitles. Alright, let's analyze the subtitles step by step. First, the subtitles mention several characters: Inspector Winship, Dr. Tart, Lord Morley, Lady Morley, Phyllis, and others like Governor, etc. Looking at the conversation snippets: - Discussions about a time-gun that goes off every hour. - References to solving the ""Morley case."" - Mention of getting autographs (""You two gents could make my place famous""). - Phrases like ""Beastly night"" and hopes about Bradford's not sending mutton again. - Talk about a project (organizing something right in life). - Victoria being scolded for dozing before dinner. - Pigeon-related jokes and messages. - A mention of a gun that goes off every hour (time-gun) and its near 3 o'clock. - Someone mentions being the death of me yet. - Chief's reaction when called in to solve the Morley case. - Reference to Inspector Winship and Dr. Tart being called in. - Gas prices mentioned (almost 10 cents a gallon). - Mention of the Duke of Norton smoking cigars. - Destination is Morley Manor; discussion about whether they're on the right road. - Phyllis sneaking up on someone, causing a scare. - A meat chopper incident, someone cutting a rope, and a snake in a box. - Discussion about a reward from Lord Morley, an"
9244493,"The movie follows Kei and Yuki as they navigate a world threatened by giant monsters, dealing with a mysterious transforming creature and their own strained relationship. Their interactions hint at deeper secrets and a strategic game of survival, set against the backdrop of a dangerous and uncertain environment."
9491349,"The story centers on a historian named Howard Hallenbeck and his companion Declan O'Brien as they investigate strange occurrences in a rural Irish church. These occurrences include mysterious disappearances, sightings of a shadowy figure linked to ancient pagan rituals, and cryptic symbols tied to pre-Christian sites. Tensions rise as they uncover disturbing evidence suggesting a malevolent force is at play, possibly tied to local folklore and historical artifacts. The climax involves a violent confrontation between the protagonists and this entity, which has both supernatural and ritualistic elements. The immediate threat is resolved, but the narrative hints at deeper, darker truths hidden within the church's history, leaving unresolved questions about its dark past."
9309371,"The story centers on Ryan and her grandfather participating in a dog sled race while dealing with Buck's wild instincts, culminating in a bittersweet victory and Buck's return to the wilderness."
9318026,"The plot centers on Jack, an alien from Star 147X, navigating a dystopian Earth dominated by the Triple M media monopoly. He initially collaborates with Triple M but later joins a resistance movement opposing its consumerist control. The story examines themes of identity, loyalty, and moral ambiguity, concluding with Jack's struggle to protect Cecile and his internal conflict between his alien nature and emerging humanity."
9397640,"Perseus, a demigod, leads the people of Argos in rebellion against the gods after Zeus, betraying their trust, unleashes the Kraken—a monstrous sea beast—to dominate humanity. Despite his divine lineage, Perseus chooses to side with the populace, utilizing his exceptional abilities and wisdom to organize resistance. His odyssey takes him to the underworld, where he confronts Hades, and eventually faces Medusa, whose mere glance can petrify mortals. With the support of his allies, Perseus triumphs over Medusa, safeguarding Andromeda from sacrifice and revitalizing hope for humanity. However, the cost is significant, as the gods' authority is challenged, and Perseus must decide whether to fulfill his destiny as a god or remain a mortal, answering the call to guide his people toward a brighter future."
9294531,"The plot revolves around the lives of David, Jean, and their neighbor Herm in the community of Sunrise Hills. David, a scientist, struggles with balancing his career and family life, while Herm, a salesman, contemplates his future as he moves into a new neighborhood. Their dynamics are influenced by their interactions with neighbors like Betty and her children, and the arrival of Troy, a former soldier running a service station, whose controlling nature complicates relationships. A pivotal moment occurs when Troy, intoxicated, intrudes on David's property, leading to a confrontation that tests the Martins' resolve. The narrative explores themes of trust, personal growth, and the challenges of rebuilding relationships amidst conflict."
9359140,"The story revolves around Ford, caught in a legal predicament following the accidental death of Mr. Rabinowitz, whom he claims to have no involvement in. Despite his protestations of innocence, Ford is detained and interrogated, hinting at potential deeper connections with influential figures like Damon Dash and Count Tommaso Lupo. Simultaneously, Ford navigates a turbulent personal life, expressing deep feelings for Vera, though their relationship is marked by misunderstandings and financial disputes, notably regarding $9,300 he claims she owes him. The narrative intertwines themes of crime, romance, and financial conflict, painting Ford as a figure entangled in both personal and professional struggles, ultimately reflecting his vulnerability and complexity."
9262454,"The story revolves around the conflict between the Sioux tribe and the U.S. government over land rights and cultural preservation. Set during the late 19th century, the narrative centers on key figures like Sitting Bull, Red Cloud, and Agent Charles Eastman. The tension escalates as the government imposes harsh policies, leading to violent confrontations such as the Battle of Little Bighorn and the Wounded Knee Massacre. Despite efforts by some government officials to broker peace and understanding, the Sioux resist assimilation, culminating in tragic violence. The story concludes with the aftermath of these events, showing the lasting impact on both sides. The story depicts the tragic conflict between the Sioux and the U.S. government over land rights, highlighting the resilience of the Sioux despite brutal enforcement of assimilation policies. Key events include the Battle of Little Bighorn and the Wounded Knee Massacre, with characters like Sitting Bull and Agent Charles Eastman representing opposing views. The narrative concludes with the enduring consequences of these violent encounters."
9328992,"*The Last Day*   In a bustling city, Truce, a middle-aged man, works as a manager in a large company. His life seems routine until he reconnects with an old flame, Laura Avellaneda, whom he hadn't seen since her marriage. Their rekindled relationship leads to moments of emotional depth, but complications arise when Laura reveals she has terminal cancer. Determined to spend her final days joyfully, Laura plans a celebration with her family, including Truce, despite his hesitation. However, their happiness is overshadowed by the sudden death of Laura, leaving Truce devastated and questioning his choices. The story concludes with Truce coping with grief while reflecting on the brief but meaningful time he shared with Laura. --- In a bustling urban setting, Truce, a middle-aged manager, encounters Laura, an old flame he hadn’t seen since her marriage. Their reconnection sparks emotional moments, though complications emerge when Laura discloses her terminal illness. Determined to enjoy her final days, Laura plans a celebration with her family, including Truce, whose hesitations are overshadowed by her sudden passing. Devastated, Truce reflects on their brief but significant connection, grappling with loss and the bittersweet memories they share."
9394820,"*Non Sequitur Series: Episode 1 - The Unquenched Thirst* In a world where time moves backwards, a young man named Aiden struggles with his feelings towards a mysterious woman named Elara. Aiden finds himself caught between his duty as a guardian and his growing affection for Elara. He attempts to express his emotions through poetic metaphors, but Elara remains distant, leaving him in suspense about her intentions. Despite his internal turmoil, Aiden tries to maintain a hopeful outlook, fearing that without her, he might lose himself in the chaos of the world. Meanwhile, Elara seems to hold a special place in his heart, though she continues to keep him at a distance. The narrative is filled with poetic imagery and emotional depth, exploring themes of love, duty, and existential longing. ---"
9418141,"The movie depicts a priest's heroic efforts to save a young woman from demonic possession, culminating in a climactic battle where good prevails, though the threat of the devil's return looms."
9371109,"The movie centers on Daniel (Danny) and Harry Finley, two friends involved in a secret government project during World War II aimed at freezing a person to prevent aging using a device called the ""freeze gun."" Complications arise when the experiment goes awry, resulting in unexpected consequences. After the war, Harry is seemingly killed in a chemical accident while attempting to rescue his friend, Daniel. Decades later, Daniel, now elderly, discovers that Harry survived and has been working on reversing the effects of freezing. Their reunion unfolds as they race against time to perfect the process before it's too late. The film also explores themes of friendship, love, and the ethical implications of scientific advancements."
9258119,"The plot centers around Steve Liggett and Gloria Wandrous, whose passionate yet tumultuous relationship begins at summer camp and evolves into a life filled with emotional turmoil. As Steve's controlling and manipulative nature surfaces, Gloria contemplates leaving him, while he faces personal failures and a strained marriage. Their paths eventually diverge, leading to a fatal car accident involving Gloria. The story explores themes of love, betrayal, and personal struggle, ultimately concluding with Gloria's tragic end."
9406493,"The film centers on Peppino Impastato, a young Sicilian political activist involved in the separatist group ""The Red Hand,"" which aims to establish an independent Sicilian state. His family and friends gather for a celebration, but tension arises due to his political views conflicting with traditional values. During the event, Peppino disappears, leading to speculation that he has committed suicide or been killed. The story concludes with the revelation that Peppino was actually murdered by members of the Mafia, who opposed his political activities. The film serves as a tribute to Peppino and highlights the tragic consequences of his beliefs and actions. It also portrays the grief of his family and the broader societal tensions between traditional values and political activism."
9212526,"The story centers on Jake Shuttlesworth, a former basketball coach and father to Jesus Shuttlesworth, a highly skilled high school basketball player. Imprisoned for his role in a scheme orchestrated by Governor Pernell, a passionate basketball supporter, Jake is hopeful to influence his son's college choice through Big State University, where the Governor once played. Despite his circumstances, Jake remains committed to mentoring Jesus, aiming to instill values he lacked as a young athlete. The narrative introduces themes of music and resilience via songs by Flavor Flav and Chuck D, symbolizing friendship and perseverance. On the court, Jesus's exceptional talent hints at his future success. The story concludes ambigu"
9327097,"Shane, a self-centered and pampered movie star, lives in a luxurious paradise, forgetting the harsh realities of life. His world begins to collapse when his prized hairpiece falls out during a mishap, leading to a series of humorous and chaotic events as he navigates the chaos while attempting to maintain his image. Throughout the story, Rexxx, his loyal dog, remains a steadfast companion, symbolizing loyalty and friendship amidst the turmoil. The narrative concludes with Shane finding unexpected solace, learning valuable lessons about life and relationships."
9395764,"The plot centers on Captain Johnny Angel, whose father's mysterious death after losing control of the *John Ellis* raises suspicions of foul play. Searching the abandoned ship, Captain Angel uncovers evidence pointing to his father's intentional demise. He seeks assistance from various characters, including Lilah Drumm, who claims knowledge of his father's fate but demands a costly reward—a cache of gold hidden on the derelict *The Dolphin*. Reluctantly agreeing, Captain Angel is ambushed by Lilah and her associates, leading to a tense confrontation. Lilah reveals her complicity in his father's murder, admitting her involvement without remorse. The climax sees Captain Angel confronting Lilah, ending in a dramatic resolution where Lilah acknowledges her guilt, while Captain Angel processes the shocking truth."
9419521,"*The One Who Came in the Dream* A man is deeply infatuated with a woman named ""Bubbling,"" whose presence in his life fills him with both affection and impatience. He appears in her dreams, expressing his unwavering devotion and making promises to keep her as his own, even in his thoughts. Despite moments of confusion and apologies, he remains committed to his feelings, going to great lengths to prevent her from becoming interested in others. The narrative is charged with emotional tension as he navigates his obsessive longing and the challenges of maintaining this relationship. The subtitles reveal a complex dynamic between the male and female characters. The term ""bubbling"" suggests a significant aspect of the female character's personality. The male character's self-deprecation as ""your slave"" highlights his passionate yet subordinate nature. Actions like keeping her phone engaged reflect his impatience and desperation. References to the construction site and prison certificate hint at potential conflicts or misunderstandings that could drive further plot development. This appears to be a nuanced romance"
9266391,"The story centers on Gabe, a young boy dealing with his parents' divorce and his evolving feelings for his childhood friend Rosemary. Through his experiences, he navigates the complexities of love, family, and growing up in New York City."
9183661,"The story centers on two siblings, Wei Shen (Big Boo) and Jia Wu (Little Boo), who attempt to cheat their uncle out of a significant amount of gold through the use of counterfeit coins. Their scheme is initially successful, but it unravels when Captain realizes the counterfeit nature of the coins. Meanwhile, the siblings engage in physical confrontations and witty exchanges, highlighting their martial arts skills and playful rivalry. Despite their efforts to evade capture, they ultimately manage to escape with part of the loot, navigating a series of humorous and chaotic situations along the way."
9299117,"The story centers on a group of outcasts, including a deaf mute named Silence, hiding in the mountains and targeted by bounty killers. They seek refuge in Snow Hill, Utah, where tensions rise as they attempt to coexist with townsfolk. The mute's actions escalate the conflict, leading to a tragic massacre and public condemnation of the bounty killers."
9432617,"The plot revolves around Kyle Kingson, a rich, attractive, and popular student running for Green Committee President at Buckston High School. Despite his charm, Kyle struggles with personal issues, including his strained relationship with his father after his mother's death and feelings of inadequacy stemming from comparisons to his father's success. During his campaign, Kyle encounters Lindy Taylor, a less popular but intelligent and kind-hearted student, who becomes a significant figure in his life. Their interactions evolve into mutual affection, but Kyle's insecurities and fear of not measuring up to societal standards hinder his ability to reciprocate Lindy's feelings. Meanwhile, Kyle's manipulative friend, Josh Black, attempts to undermine Lindy's chances in the election, further complicating Kyle's emotional state. As the election approaches, Kyle faces a moral dilemma regarding his feelings for Lindy and his responsibility towards his friend, leading to a climactic moment where he realizes the true value of love and accepts Lindy's worth despite his fears. Ultimately, Kyle learns to embrace his inner self and acknowledges Lindy's importance, paving the way for a hopeful resolution in their relationship. Kyle Kingson, a wealthy and attractive student, runs for Green Committee President at Buckston High School. Despite his popularity, he grapples with personal issues, such as his father's absence following his mother's death and feelings of inadequacy compared to his father's success. During his campaign, he meets Lindy Taylor, a less prominent but intelligent and kind student. Their connection deepens, but Kyle's insecurities and fear of not meeting societal standards prevent him from fully embracing Lindy's feelings. His manipulative friend, Josh, tries to sabotage Lindy's candidacy, adding to Kyle's emotional turmoil. As the election nears, Kyle confronts a moral conflict between his feelings for Lindy and his loyalty to Josh. Through this struggle, Kyle realizes the true worth of love and accepts Lindy's value, ultimately learning to embrace himself and acknowledge Lindy's importance, leading to a hopeful resolution in their relationship. ---"
9271234,"The narrative centers on Mr. Zeller, navigating professional challenges within a governmental or organizational framework, alongside emotional tensions with his wife, Giuliana. The story intertwines with Valerio's journey, whose tale adds depth and complexity. Set against vibrant locales like Sardinia and Bologna, the plot explores themes of longing, uncertainty, and existential doubt, particularly through Giuliana's health struggles and identity crisis. The enigmatic presence of a mysterious sailing ship and Valerio's unique connection to nature introduce elements of the supernatural, suggesting a broader symbolic meaning. The narrative weaves together threads of love, loss, professional striving, and mental health, offering a multifaceted exploration of human experience."
9255705,"The story centers on Velu, the determined captain of the GHILLlls Kabaddi team, as they prepare for a crucial match. Velu faces opposition from rivals and personal challenges, including a disapproving father and the kidnapping of his girlfriend. Despite these obstacles, Velu's resolve and his team's unity drive them to victory, securing their success while also addressing personal conflicts and ensuring safety."
9303391,"The plot revolves around Thomas Quick, a man with a dark history of arson and violence, whose actions have caused significant harm to others. The story explores his interactions with journalists, legal proceedings, and the fallout from his crimes, including the deaths of numerous individuals, such as children and teenagers. The narrative also delves into the emotional impact on survivors and their families, as well as the broader societal implications of his behavior. The subtitles hint at a legal scandal surrounding Quick, who later retracts his confessions and claims innocence, leaving the truth uncertain. The story is interwoven with themes of justice, media influence, and the psychological complexities of a serial killer."
9422265,"In a city silenced by a malevolent machine that controls THE VOICE, the inhabitants lose their"
9431687,"Paul Kersey, a former police officer turned vigilante, is wrongly accused of murder and turns himself in, though exonerated due to insufficient evidence. Despite his release, he remains a target for criminals and gang members. The police struggle to maintain order in the chaotic streets of East New York, and Kersey offers assistance to help take down the criminals, though with certain conditions. Reflecting on his violent past, Kersey contemplates leaving the city, considering a potential fresh start, as he grapples with the aftermath of his actions and the city's deteriorating condition."
9304201,"The story centers on a university role-playing game called ""Mazes and Monsters"" that becomes increasingly intense, leading to the disappearance of a participant named Robbie. The game, designed to help players confront their fears, instead overwhelms Robbie, revealing his fragility. His friends embark on a quest to find him, encountering challenges and discovering the thin line between reality and fantasy. The narrative explores themes of friendship, mental health, and the consequences of losing oneself in a game. Ultimately, Robbie is found alive, and the group learns to move forward, though the game's impact remains significant."
9276301,"The plot revolves around a group of individuals entangled in a complex web of relationships, financial dealings, and personal betrayals. Key figures include Dazzle, a vibrant yet enigmatic character; Ray, whose obsession with his appearance and interactions hint at deeper insecurities; Cody, a"
9304630,"The film centers on Marisa Ventura, a determined housemaid at the posh Beresford Hotel, who secretly yearns to become a manager. Her son Ty is preparing a pivotal speech that might transform their lives, yet Marisa grapples with juggling her maternal duties and career goals. Concurrently, Chris Marshall, a prominent political figure, becomes involved with Marisa, leading to a scandal that threatens his Senate bid. The narrative delves into themes of ambition, family, and the intricate dynamics of human connections within the high-pressure environment of a luxury hotel."
9302549,"The scene begins with David, preoccupied and pacing, contemplating his responsibilities like shaving and attending class, while also dealing with a mysterious phone call from Xan. Despite his anxiety, he prioritizes writing over immediate grooming, hinting at creative blocks and his preference for humor as a fallback. His thoughts briefly stray to Amanda, whom he misses, and whose absence he notices through the lingering presence of a phone call. Transitioning to a group setting, David, Courtney, and Amanda engage in light-hearted banter, sharing their professions—Amanda's writing and Courtney's culinary background. Their conversation shifts to potential collaborations, suggesting a dynamic friendship rooted in mutual respect and shared interests. However, underlying tensions emerge when Amanda discloses her feelings for Kevin, leading to a tense exchange with David. This exchange highlights the ambiguities in their relationship, with David expressing uncertainty and Amanda questioning his intentions. Despite the growing emotional charge, the trio decides to leave together, heading to a bakery for dessert, symbolizing their enduring camaraderie amidst the complexities of their personal dynamics."
9204955,"The plot centers on a hitman known as Blackbird seeking revenge against a former employer, the Degas brothers, one of whom was killed, and another doing life in prison. The narrative intertwines multiple characters, including a banker, a woman named Linda, and others, each with their own motivations and conflicts. The story is nonlinear, spanning various settings, and touches on themes of betrayal, violence, and personal redemption."
9342283,"The story centers on a violent conflict between two factions: the Central Plains' six major sects, including Shaolin, and the mysterious Ming Cult, known as the demonic cult. The six major sects, led by their Grandmaster, clash with the Ming Cult, whose members possess extraordinary martial arts skills under four Guardian Kings.  Chang San-fung, a Wudang hero, defies the sects' rigid rules, befriends Yan So-so, a Ming Cult member, and forms a bond with Tse Shun, a Golden-Haired Lion King disciple. However, Tse Shun betrays them, seeking revenge by acquiring the Dragon Slaying Saber. This leads to a series of confrontations, including the abduction of Chang San-fung's son, Mo-gei, by the Ming Cult. As Chang San-fung navigates this treacherous world to protect his son, the narrative builds toward a climactic battle that shapes the future of the martial arts community, testing loyalties and principles."
9267601,"The story revolves around a group of friends and family preparing for a wedding in the small town of Wabasha. Central to the narrative is the quest to catch a massive catfish known as Catfish Hunter, which has eluded local fishermen for years. Tensions rise between two rival fishers, John and Max, who are determined to claim the fish for themselves. Their rivalry is both competitive and comically intense, filled with witty insults and playful taunts. Meanwhile, the group navigates the chaos of wedding planning, facing absurd challenges like a malfunctioning car and a priest's inability to pronounce vows correctly. The humor is laced with references to a potential mob takeover of a local bait shop, adding layers of comedic absurdity. Ultimately, the story concludes with the successful capture of Catfish Hunter and the timely"
9294134,"The plot involves Petty Officers Buddusky and Mulhall navigating a military assignment where they must transport a prisoner, Meadows, to Portsmouth Naval Prison. Their journey is filled with humorous banter, references to their duties, and hints of underlying tension as they deal with orders and potential consequences. The narrative also touches on personal elements, such as Meadows' past and the officers' interactions, while maintaining a light-hearted tone despite the seriousness of their mission."
9341157,"The story centers on Mark Sabre, a kind and honest man, whose life is disrupted by the return of his former lover, Nona Tybar, who is now wealthy and married to Tony. Nona discloses that she was secretly engaged to Mark's employee, Harold Twyning, who later dies, leading Mark to suffer a heart attack. Despite his illness, Mark remains loyal to his wife, Sarah, and attempts to manage his household. Nona manipulates Mark into questioning Sarah's suitability, causing him to doubt his marriage. With support from friends and family, Mark recovers and reaffirms his commitment to Sarah, deciding to remain loyal to her despite Nona's schemes."
9310646,"The plot centers on Rick Blaine, a cafe owner in Casablanca, who navigates a web of intrigue involving refugees, a German officer, and a mysterious young woman. As the tension escalates, Rick helps a key figure escape, culminating in a dramatic departure from Casablanca."
9209311,"The narrative centers on twin sisters Anju and Manju, born into a wealthy household but separated when Manju is abducted by a mentally unstable maid. Her parents, overwhelmed by their loss, summon their younger brother Tribhuvan, who harbors a secret desire to seize control of"
9345128,"Alex Gardner, a prodigious young man with telekinetic abilities, disappears after causing a stir with his gifts. Decades later, he resurfaces, involved in a high-stakes conspiracy involving the U.S. President, a renegade scientist, and a secret organization. His journey leads him to confront his past, navigate complex relationships, and face mortal dangers as he unravels the mystery surrounding his existence and the shadowy forces manipulating him."
9490193,"The story follows Mike, a young boy from a working-class family, as he navigates a life of crime in a New York City neighborhood. Despite his parents' disapproval, Mike finds purpose and identity within the criminal underworld, working alongside local mob figures like Paul ""Tuddy"" Cicero. His journey leads to complications, including confrontations with law enforcement and internal strife among criminals. Ultimately, Mike's actions force him to flee, seeking refuge in the witness protection program, where he contemplates the irrevocable changes"
9503735,"The subtitles depict a intricate narrative centered around the lives of Anders Wikner and Dagmar Brink, unraveling a tragic tale of love, loss, and misunderstanding. The story begins at a party where Dagmar, a musician, performs, and her presence captivates both Anders and a mysterious red-headed girl named Alex. However, the mood shifts when Dagmar is found dead, hinting at her possible suicide. Through their conversations, it becomes evident that Dagmar's actions were influenced by her unrequited love for Anders, who seems oblivious to her feelings. Their history reveals a past divorce and moments of betrayal, such as Dagmar discovering Anders' infidelity, which led her to take her life. The subplot involving Alex adds complexity, suggesting a potential connection that may have impacted Dagmar's decision. The narrative explores themes of heartbreak, self-realization, and the fragile nature of human relationships, leaving viewers with a poignant reflection on love and loss."
9442510,"The film *Apocalypse Now* is set during the Vietnam War and follows Captain Willard (played by Martin Sheen) as he embarks on a dangerous mission deep into the jungles of Cambodia. His goal is to locate and terminate Colonel Walter E. Kurtz, a former U.S. Special Forces officer who has gone insane and is leading a group of Montagnard tribesmen. The journey is fraught with peril, including encounters with hostile natives, the psychological toll of the harsh environment, and Willard's struggle to maintain his sanity. Along the way, Willard interacts with various characters, including a French colonial officer and a U.S. military representative, who provide him with critical information about Kurtz's location and the severity of the situation. As Willard delves deeper into the jungle, he becomes increasingly isolated and begins to question his own resolve and the morality of his mission. The film concludes with Willard confronting Kurtz, leading to a tragic and morally ambiguous ending where Will"
9450613,"The story centers on a group of criminals attempting to convert a numbers racket into a legal lottery, with Joe Morse and Ben Tucker as key players. Their scheme involves manipulating the system to ensure a winning number, 776, which would bankrupt rival bankers. Complications arise when Joe's brother, Leo, becomes involved, leading to tragic outcomes. Themes of loyalty, greed, and moral conflict are central as the characters navigate their roles in this dangerous venture."
9299099,"The story centers on Doug Abbott, exploring themes of family dynamics, secrets, and societal expectations in a Midwestern town during the mid-20th century. Key events involve Doug's strained relationship with his brother Jacey, the mysterious absence of Pam, and the uncovering of his mother's role in perpetuating family lies. Ultimately, Doug learns about the consequences of his family's deceit and the importance of truth, while also dealing with his feelings towards Pam and his evolving understanding of his mother's influence."
