movie_id,generated_summary
9249578,"**Plot Summary:**

*Castle in the Sky* follows the adventures of Sheeta, a young girl with a mysterious crystal necklace, and Pazu, a brave and determined boy. Sheeta is pursued by both the government and the pirate captain Dola, who seek the crystal for its immense power. The crystal is linked to Laputa, a legendary floating city said to hold ancient secrets and treasures.

Pazu, whose father believed in Laputa's existence, joins Sheeta on a quest to uncover the truth about the city. Along the way, they face numerous challenges, including battles with pirates and soldiers led by the ruthless Colonel Muska, who is determined to seize Laputa's power for himself.

Sheeta discovers she has the ability to activate the crystal's power through an ancient spell, which becomes crucial in their journey. The duo, aided by Dola and her pirates, ultimately confronts Muska in Laputa. In a climactic battle, Sheeta uses the spell to destroy the city, preventing its power from falling into the wrong hands.

In the end, Sheeta and Pazu escape, and Laputa is saved from those who would misuse its power. The film concludes on a hopeful note, emphasizing themes of friendship, adventure, and the responsible use of power."
9226114,"**Plot Summary:**

Set against the vibrant backdrop of a bustling market, the story delves into the lives of vendors navigating financial struggles, personal relationships, and ambition. Central to the narrative is Miu, a determined and resilient character who aspires to transcend her market life. Her journey is intertwined with that of Fishman, a key figure in the market, as they confront debts, romantic entanglements, and illegal activities that draw the attention of authorities.

The narrative explores themes of perseverance and transformation, highlighting Miu's evolution from a market vendor to the founder of a successful makeup school. Along the way, she faces challenges that test her resolve, including financial setbacks and personal conflicts, yet she emerges with a newfound understanding of her place in the world.

The story weaves together elements of drama, romance, and hope, culminating in a redemptive arc where Miu reflects on her journey, symbolizing the triumph of resilience and the pursuit of a better life."
9395989,"**Plot Summary:**

The movie opens with a ominous narrative about the San Andreas fault, setting the stage for a catastrophic earthquake. The story follows Stewart Graff, a top engineer grappling with marital issues and guilt over a past tragedy involving his friend Brian Marshall. Stewart's wife, Remy, is aware of his infidelity with Brian's widow, Denise, adding tension to their relationship.

As the plot unfolds, a series of earthquakes strikes Los Angeles, escalating from minor tremors to a devastating 9.9 magnitude quake. The disaster causes widespread destruction, including the collapse of the supposedly earthquake-proof Wilson Plaza and the breach of the Hollywood reservoir dam, threatening the city with floods.

Amidst the chaos, Stewart embarks on a perilous rescue mission to save those trapped in the rubble, including Remy and Denise. The film interweaves personal dramas with the collective struggle for survival, highlighting heroism and the breakdown of social order, as looting and chaos erupt.

The climax features a race against time as Stewart and others attempt to rescue survivors before the dam collapses. The movie concludes with the devastating aftermath, personal losses, and a glimmer of hope for rebuilding, emphasizing themes of guilt, heroism, and resilience."
9447919,"The movie follows the journey of P.C. Simpson, a dynamic and innovative character who navigates both his professional and personal life with passion and determination. In his career, P.C. works in a fast-paced office environment, where he presents ideas like the ""Surf-o-rama,"" an indoor surf stadium, showcasing his creativity and entrepreneurial spirit. However, his focus on such projects sometimes clashes with his job responsibilities, leading to tension with his colleagues, particularly Miss Dodge.

Outside of work, P.C. is deeply involved in competitive sports, particularly surfing or windsurfing, where he aims to excel. His personal life is marked by a close relationship with Jade, with whom he shares playful and emotional moments. The story takes a dramatic turn when P.C. faces a significant setback—he misses his heat in the World Classic competition and is disqualified. Despite this, he makes a triumphant comeback, performing an impressive three-sixty maneuver, which highlights his skill and resilience.

Throughout the film, P.C. balances his professional ambitions with his passion for sports, dealing with challenges in both areas. His journey is one of overcoming adversity, showcasing his determination and talent, ultimately leading to a climactic moment of redemption and success. The movie explores themes of balancing life's different aspects, innovation, and personal growth."
9224567,"**Plot Summary:**

The movie follows Michael Dorsey, a struggling and unemployed actor known for his difficult reputation, who adopts the persona of Dorothy Michaels to secure a role on the soap opera 'Southwest General.' As Dorothy, Michael gains significant attention and acclaim, but maintaining the deception becomes increasingly complicated. 

Dorothy's impact on the show and her interactions with colleagues, including Julie Nichols and director Ron Carlysle, lead to personal and professional entanglements. Michael develops romantic feelings for Julie, complicating his disguise. 

A dramatic twist occurs when Dorothy's true identity is revealed, exposing Michael's ruse. This revelation leads to a turning point where Michael confronts his duplicity and the consequences of his actions. Ultimately, the story concludes with Michael embracing honesty, shedding his disguise, and pursuing a genuine relationship with Julie, symbolizing personal growth and redemption."
9242316,"**Plot Summary:**

The story centers around Myrl Redding, a determined horse trader in the Wyoming territory, who finds himself entangled in a bitter conflict with the wealthy and influential Henry Ballard. Ballard's oppressive tactics, including the erection of a toll gate and the mistreatment of Myrl's horses, spark a deep-seated feud. Myrl's quest for justice is complicated by personal tragedy when his wife, Cora, dies in the ensuing violence.

As the conflict escalates, Myrl is put on trial, facing charges of murder and insurrection. Despite his efforts to seek justice through legal means, he is found guilty and sentenced to death. The narrative highlights themes of corruption and the failure of the legal system, as Myrl confronts a corrupt judge who symbolizes the systemic oppression he battles.

Ultimately, Myrl's demise serves as a catalyst for potential change, with hints of future accountability for the corrupt judge. His legacy lives on through his son, Cage, who is left to navigate a world where standing up against injustice is both a burden and a necessity. The story underscores the enduring struggle for justice, the resilience of the human spirit, and the profound impact of one man's stand against corruption."
9500071,"**Princess Mononoke: A Tale of Harmony and Conflict**

In a world where ancient forests teem with spirits, humanity's expansion disrupts the delicate balance with nature. The story begins with Ashitaka, a young prince from the Emishi tribe, who defends his village against a demon-possessed boar. This encounter curses his arm, setting him on a journey to find a cure and understand the forces of hatred affecting the land.

Ashitaka's travels lead him to the west, where he encounters a clash between humans and animal spirits. Lady Eboshi, the leader of Iron Town, is determined to exploit the forest's resources, believing progress justifies the destruction of the natural world. Opposing her is Princess Mononoke, a human raised by wolves, who fiercely defends the forest and its inhabitants.

The conflict escalates as Lady Eboshi seeks to kill the Great Forest Spirit, believing its blood will grant immortality. Ashitaka mediates between humans and spirits, advocating for coexistence. The story reaches its climax in a final battle where the Forest Spirit is beheaded, unleashing a dark force. Ashitaka's intervention restores balance, returning the spirit's head and allowing the forest to heal.

Ultimately, the film resolves with a message of hope. Ashitaka and San (Princess Mononoke) agree to work towards peace, with Ashitaka aiding the reconstruction of Iron Town and San protecting the forest. The tale concludes with the possibility of harmony, emphasizing themes of environmentalism, the dangers of hatred, and the enduring power of life and forgiveness."
9511814,"""Three the Hard Way"" is a 1974 Blaxploitation film that follows three martial-arts specialists as they thwart a sinister plot by white supremacists to poison the U.S. water supply with a toxin that exclusively targets black people. The story centers around Jimmy, a determined hero driven by the murder of his friend House and the kidnapping of his girlfriend Wendy by the villains. Led by the ruthless Mr. Feather, the antagonists aim to commit genocide through this toxin, which is designed to mimic the effects of sickle-cell anemia, affecting only African Americans. 

Jimmy joins forces with two other skilled martial artists, and together they embark on a dangerous mission to sabotage Feather's plan. The trio faces numerous challenges as they battle against time and the villains' henchmen. The film culminates in a climactic showdown where the heroes use their martial arts prowess to defeat the antagonists, save Wendy, and prevent the toxin from being released in major cities like Washington, L.A., and Detroit. Ultimately, the trio succeeds in their mission, saving countless lives and upholding justice."
9507853,"The plot revolves around British agents tasked with retrieving a stolen formula, Stark's formula, from the clutches of the villainous Dr. Crow, who leads the subversive organization STENCH (Society for Total Extinction of Non-Conforming Humans). The agents, including trainees Harold Crump and Daphne Honeybutt, face numerous challenges as they navigate through espionage, traps, and confrontations with STENCH agents. After being captured and subjected to various interrogation methods, the agents manage to escape, recover the formula, and ultimately destroy it to prevent its misuse. They successfully outsmart Dr. Crow, leading to the defeat of the STENCH organization."
9323016,"The plot of the movie revolves around Dwayne Hoover, a car dealer in Midland City, who is experiencing a midlife crisis. He is struggling with feelings of emptiness and disconnection from his family and society. The story intertwines his personal struggles with the arrival of Kilgore Trout, a washed-up science fiction writer invited to the city's arts festival. Trout's presence challenges the superficiality of the town and forces Dwayne to confront the meaninglessness of his life. As Dwayne's mental state deteriorates, he begins to question his identity and purpose, leading to a dramatic and introspective climax. The film explores themes of existential crisis, the search for truth, and the illusion of happiness in modern life."
9274336,"The subtitles provided appear to be from the movie ""Crows Zero"" (also known as ""Kurozu Zero""), a Japanese action film directed by Takashi Miike. The plot revolves around Genji Takiya, a transfer student at Suzuran Boys' High School, known for its delinquent students and hierarchical structure. Genji aims to become the ""King of Suzuran"" by defeating the current ruler, Tamao Serizawa.

Key plot points include:

1. **Genji's Arrival**: Genji transfers to Suzuran and quickly makes a name for himself by challenging the existing hierarchy.
2. **Rivalry with Serizawa**: Genji's main goal is to dethrone Tamao Serizawa, who is the strongest student at the school.
3. **Alliances and Conflicts**: Genji forms alliances with other students, including Ken Katagiri, a yakuza-related figure, and faces various challenges and rivalries.
4. **Climactic Battle**: The story builds up to a final showdown between Genji and Serizawa, which determines the new ""King of Suzuran.""

The movie explores themes of ambition, loyalty, and the struggles of adolescence in a violent and competitive environment."
9272538,"**The Princess Bride: A Timeless Tale of True Love and Adventure**

In the charming story of ""The Princess Bride,"" we embark on a journey through a tale of true love, high adventure, and the triumph of good over evil. The narrative centers around the beautiful Buttercup and her beloved Westley, a poor farm boy whose love for her endures even the most daunting challenges.

The story begins on a farm in Florin, where Buttercup and Westley's deep affection for each other is evident. However, their happiness is short-lived as Westley sets out to seek his fortune, only to be presumed dead after his ship is attacked by the Dread Pirate Roberts. Unbeknownst to Buttercup, Westley survives and adopts the pirate's identity, biding his time until he can reclaim his true love.

Five years later, Buttercup is betrothed to the sinister Prince Humperdinck, who seeks to start a war with neighboring Guilder. Her engagement is a ruse, as Buttercup's heart remains with Westley. The prince's plan involves kidnapping Buttercup, setting off a chain of events that brings together a cast of colorful characters, including the revenge-seeking Spanish swordsman Inigo Montoya, the giant Fezzik, and the cunning Vizzini.

As the story unfolds, we witness Inigo's relentless pursuit of the six-fingered Count Rugen, who murdered his father. Fezzik's loyalty and strength play a crucial role in the adventure, while Vizzini's intellectual arrogance leads to his downfall in a battle of wits with the mysterious Man in Black, who is later revealed to be Westley.

The tale is filled with memorable moments: the perilous journey through the Fire Swamp, the terror of the ROUSes (Rodents of Unusual Size), and the heart-wrenching stay in the Pit of Despair. Miracle Max's intervention brings Westley back from the brink of death, enabling him to continue his quest to save Buttercup.

In the climax, Westley and his allies storm the castle, overcoming numerous obstacles. Inigo confronts Count Rugen, fulfilling his lifelong vow of revenge, while Westley faces off against Prince Humperdinck, exposing his cowardice and ensuring the prince's downfall.

Ultimately, true love prevails as Westley and Buttercup are reunited, their bond stronger than ever. The story concludes on a hopeful note, with the characters finding peace and the promise of future adventures, leaving the reader with a sense of joy and satisfaction.

""The Princess Bride"" is a captivating blend of romance, humor, and adventure, reminding us that true love can conquer all, even in the face of overwhelming adversity."
9409192,"The movie is a Civil War espionage drama that centers around Union spies, particularly female operatives, as they navigate the dangers of gathering intelligence behind Confederate lines. The story begins with a performance at Ford's Theatre, hinting at historical significance, and introduces key characters involved in espionage, including Pauline Cushman (Operator 13) and Ann Clayburn, who is later revealed as an undercover Union spy.

The plot delves into the challenges faced by these operatives, showcasing their bravery and the risks they take. Operator 13 is captured and sentenced to death, but a daring rescue attempt underscores the Union's efforts to protect their agents. Ann Clayburn's storyline highlights her infiltration of a Southern household and her role in uncovering crucial military information, such as the construction of a battery at Drewry's Bluff.

The narrative also explores a romantic subplot involving Captain Gailliard, a Confederate spy, which adds depth to the story by illustrating the personal and emotional conflicts arising from the war. The climax features a battle at Drewry's Bluff, resulting in loss and the exposure of Ann's true identity. Her escape, aided by the conflicted Gailliard, emphasizes the human cost of war and espionage.

Ultimately, the film portrays the moral dilemmas and sacrifices made by individuals caught in the turmoil of war, blending elements of romance, betrayal, and historical conflict to create a compelling drama."
9342282,"The movie follows the story of Frank Serpico, an honest and dedicated police officer in the New York Police Department, who discovers and confronts widespread corruption within the force. Serpico's integrity and refusal to participate in or ignore the corruption lead to his isolation and danger. Despite facing internal resistance, intimidation, and personal risks, he persists in exposing the corruption, even testifying in front of a grand jury and speaking at public hearings. His efforts ultimately lead to a public commission, where he advocates for systemic change and accountability. The film highlights Serpico's bravery, personal sacrifices, and his unwavering commitment to justice, as he challenges the corrupt system and seeks to bring about reform."
9456497,"**Snatch (2000) - Plot Summary**

In the gritty crime comedy *Snatch*, Turkish (Jason Statham), an English boxing promoter, and his volatile partner, Tommy (Stephen Graham), find themselves entangled in a chaotic web of crime when they venture into the diamond trade. The story centers around an 84-carat diamond, stolen by Franky Four Fingers (Benicio del Toro), which becomes the focal point of a series of conflicts involving a cast of colorful characters.

Turkish and Tommy's lives take a turn for the worse when they cross paths with the ruthless gangster Brick Top (Alan Ford), who runs an illegal bookmaking empire and is notorious for his brutal methods, including feeding adversaries to pigs. The duo's attempt to replace a boxer in one of Brick Top's fights leads them to Mickey O'Neil (Brad Pitt), a gypsy boxer with a penchant for bare-knuckle fighting and a troubled past. Mickey's involvement deepens the conflict, especially after his mother's caravan is destroyed, sparking a gypsy vendetta.

The plot thickens with the introduction of Boris ""The Blade"" Yurinov (Rade Šerbedžija), a cunning Russian gangster, and Bullet Tooth Tony (Vinnie Jones), a formidable figure with a penchant for violence. The diamond's journey from heists to hiding places, including a memorable stint inside a dog, adds layers of dark humor and unexpected twists.

Throughout the film, themes of loyalty, betrayal, and the consequences of crime are explored. Turkish and Tommy's partnership is tested as they navigate a world of gangsters, bookmakers, and gypsies, leading to a climax marked by violence and resolution. The film's intricate plot, rich characters, and blend of action and humor make it a compelling tale of crime and redemption."
9326881,"**Plot Summary:**

The film centers around the complex web of events surrounding Andrew Colby, a wealthy and influential businessman, and Robert Regan, a determined lawyer. The story begins with Colby's former associate, Leopold Kroner, who is released from prison after serving a five-year sentence for embezzlement. Kroner, embittered and mentally unstable, threatens Colby's life, leading Colby to hire Regan as a bodyguard for $5,000.

Regan, known for his loyalty and aggressiveness, accepts the job but soon finds himself entangled in a murder plot. Kroner is found dead, and Regan becomes the prime suspect, with evidence suggesting he acted in self-defense. However, Lieutenant Damico, a sharp and skeptical detective, suspects foul play and investigates further.

As the story unfolds, Regan delves deeper into the mystery, uncovering connections to Victor Bruno, an engraver involved in the counterfeit bond scheme that led to Kroner's imprisonment. Bruno's involvement adds layers of intrigue, suggesting a larger conspiracy.

Noel Faraday, Colby's loyal and intelligent secretary, becomes entangled in the plot. Her involvement leads to her arrest alongside Regan for murder and grand theft, as they attempt to flee to Mexico City. The film's climax reveals a twist where Colby's own guilt is hinted at, with implications of a carefully orchestrated frame-up.

The unresolved threads, including the whereabouts of Kroner's missing million dollars, leave the audience questioning the true extent of Colby's involvement and the fate of Regan and Noel. The film concludes with a tense standoff, highlighting the cat-and-mouse game between Regan, Colby, and the relentless Lieutenant Damico."
9344664,"The subtitles provided depict a powerful and haunting narrative set against the backdrop of Argentina's tumultuous history, particularly the aftermath of the military dictatorship that fell in 1983. The story intertwines mythological themes with political oppression, personal loss, and the struggle for truth.

The plot centers around Carlos Rueda, a playwright and journalist, whose wife, Cecilia, a journalist as well, is taken by the regime. Carlos embarks on a desperate search for her, navigating a world of state-sponsored disappearance, torture, and repression. His journey is marked by visions and premonitions, hinting at a supernatural or intuitive ability to foresee events, which he uses to help others find their disappeared loved ones.

The story also delves into the broader context of Argentina's ""Dirty War,"" where thousands were disappeared by the regime. The subtitles reveal the systematic erasure of dissent, the manipulation of language, and the psychological toll on those left behind. Carlos's work in the theater becomes a metaphor for resistance, as he uses his art to challenge the oppressive regime.

Ultimately, the narrative is one of resilience and hope. Despite the horrors of the past and the ongoing threats, Carlos and others find strength in their collective memory and their determination to expose the truth. The story concludes with a sense of renewal, as Carlos decides to rewrite the myth of Orpheus with a happy ending, symbolizing his belief in the possibility of redemption and justice."
9205535,"**Plot Summary of ""Sagebrush Trail"":**

In the Western film ""Sagebrush Trail,"" John Brant, a man wrongly accused of murdering George Wagner, escapes custody and goes on the run. With a $1,000 reward on his head, Brant flees west, seeking to clear his name. He encounters a gang led by Jones, where he meets a mysterious figure named Smith, whose true loyalties are questionable, adding tension to the group dynamics.

The gang plans a daring heist to rob a stagecoach carrying miners' pay, which Brant reluctantly joins. As the story unfolds, it is revealed that Brant's troubles stem from a betrayal by Conlon, who allowed Brant to be framed for the murder. This backstory drives Brant's quest for justice and redemption.

The plot thickens as the gang's internal suspicions and conflicts come to a head. In a climactic confrontation with the sheriff, the truth finally emerges: Conlon is the real murderer, and Brant is innocent. In a tragic yet redemptive turn, Brant sacrifices himself to save others, securing his redemption and revealing the truth before his demise.

The film explores themes of mistaken identity, betrayal, and redemption, weaving a tale of suspense and emotional depth."
9287099,"The subtitles depict a complex and sprawling narrative that spans war, social upheaval, and personal drama, set against the backdrop of Italy's turbulent 20th century. The story begins with the end of a war, as partisans celebrate the liberation of Milan and reflect on the sacrifices made to end fascist rule. The narrative then shifts to the personal and political struggles of characters in a rural setting, where the padrone (landowner) Giovanni Berlinghieri rules over his estate with an iron fist, while the peasants and workers, led by figures like Olmo and Leo, organize and resist exploitation through strikes and the formation of the Workers' League.

The story intertwines themes of class conflict, family dynamics, and historical change. Key characters include Alfredo, Giovanni's son, who grapples with his identity and the legacy of his family's wealth and power; Olmo, a young man with a socialist ideals; and Anita, a schoolteacher who becomes a symbol of resistance and solidarity. The narrative also explores the rise of fascism and its violent suppression of dissent, as well as the personal costs of revolution and resistance.

Throughout the subtitles, there are moments of hope, tragedy, and transformation, as characters navigate love, loss, and the shifting political landscape. The story culminates in a dramatic confrontation between the oppressed workers and the landowners, symbolized by the burning of the community house, a powerful metaphor for the destruction of hope and the enduring struggle for justice. Ultimately, the subtitles suggest a tale of resilience, sacrifice, and the enduring fight for a better world."
9447416,"**Plot Summary:**

The story revolves around the misadventures of the eccentric and somewhat mysterious Dr. Bean, who is sent to the Grierson Gallery in California to preside over the unveiling of Whistler's Mother, a historic painting purchased for $50 million. Despite his unorthodox methods and comedic antics, Dr. Bean is hailed as a genius by his peers, though his true knowledge of art is questionable.

Upon his arrival in Los Angeles, Dr. Bean causes chaos at the airport and later at the gallery, where he accidentally damages the painting. His stay with the curator, David Langley, and his family leads to further comedic misunderstandings and conflicts, particularly as Bean's eccentricities disrupt their lives.

However, Bean's peculiar skills unexpectedly shine during a medical emergency, where he saves a life, redeeming himself in the eyes of the Langley family. Despite the mayhem he causes, Bean's charm and uniqueness leave a lasting impression, and he departs as a memorable, albeit chaotic, figure."
9470963,"**Plot Summary:**

Sir Basil Winterton, a gruff and self-indulgent aristocrat, is faced with the task of reconnecting with his scattered children from past relationships. His lawyer, John Ashley, is charged with tracking down these children, including Antoinette ""Tony"" Flagg, an American performer who believes she is Sir Basil's daughter. Tony travels to England, bonding with Sir Basil despite initial misunderstandings and a revelation that she might not be his biological child. As their relationship deepens, Tony decides to return to America, leading to a dramatic plane crash. Surviving, she reunites with Sir Basil, who ultimately adopts her, embracing her as his daughter. The story explores themes of family, identity, and redemption as Sir Basil transforms from isolation to accepting his role as a father."
9272124,"The movie revolves around the complex and intertwining lives of its characters, primarily focusing on Mary and Fred Wilson, a couple facing significant marital challenges. The narrative delves into themes of love, infidelity, and personal identity against a backdrop of societal expectations. Mary's journey includes a tumultuous relationship with Fred, marked by emotional distance and extramarital encounters, notably with Marcello, a charming figure who represents a departure from her current life. The story explores the disillusionment of marriage and the pursuit of happiness, highlighting the struggles of maintaining relationships in a rapidly changing world. Through various characters and subplots, the film examines the complexities of human connections, the search for meaning beyond superficiality, and the resilience required to navigate emotional and societal challenges."
9472078,"**Plot Summary:**

The film centers around Molly McKay, a woman with significant developmental challenges, including autism and intellectual disabilities, who is released from an institution into the care of her brother, Buck McKay. Buck, initially unprepared for the responsibilities of caring for Molly, navigates the complexities of her needs, routines, and unique abilities, which include savant-like talents.

Molly's story takes a dramatic turn when she undergoes an experimental medical procedure aimed at enhancing her cognitive abilities. This intervention, led by Dr. Brookes, results in remarkable improvements in Molly's awareness and emotional expression. She begins to experience life more fully, forming connections and even romantic feelings for a character named Sam.

However, Molly's newfound consciousness is short-lived. The procedure's risks manifest, leading to severe health complications, including seizures and a decline in her condition. The film explores themes of medical ethics, the challenges of caregiving, and the profound bond between Molly and Buck.

As Molly's health deteriorates, the story delves into her personal growth and the emotional struggles of those around her, ultimately highlighting the fragility of life and the complexities of human identity. The narrative raises poignant questions about the consequences of medical intervention and the enduring impact of love and connection."
9367788,"**Plot Summary:**

The movie follows the story of Katherine Grant, a spirited and artistic photographer working for ""Mirror Magazine."" Her resignation and subsequent return to the job set the stage for her professional and personal journey. Katherine is assigned to photograph the men working on the challenging Interborough Vehicular River Tunnel Project, where she meets Ryan, a rugged sandhog with a hidden talent for engineering.

Initially, Katherine and Ryan clash due to their contrasting personalities and the superstitions of the tunnel workers, who believe women bring bad luck. However, after Katherine saves Ryan during an accident, she gains his respect, and they begin to develop feelings for each other.

Katherine's attempts to maintain a professional distance and prove her independence lead to comedic and tense situations, including trying to set Ryan up with another woman. Meanwhile, Ryan works on an innovative machine to save the tunnel project from cave-ins, facing initial failure but ultimately succeeding with Katherine's crucial evidence from her photographs.

The story concludes at a party celebrating Katherine's engagement to her publisher, Henry. Ryan's unexpected arrival leads to a confrontation, revealing Katherine's true feelings. She realizes her engagement was a misguided attempt to suppress her emotions and chooses Ryan, highlighting the triumph of genuine connection over societal expectations.

The film is a blend of romance, comedy, and drama, exploring themes of love, ambition, and overcoming adversity."
9200139,"**Plot Summary of ""The NeverEnding Story"":**

In a world where imagination and reality intertwine, ""The NeverEnding Story"" follows the journey of Bastian Balthazar Bux, a shy and bullied young boy struggling to cope with the loss of his mother. Escaping his troubles, Bastian discovers a mysterious book in a dusty bookstore, which transports him to the fantastical world of Fantasia.

In Fantasia, the land is imperiled by a dark force known as the Nothing, which consumes everything in its path. The ruler of Fantasia, the Childlike Empress, lies ill, and the world's survival depends on finding a cure for her. Atreyu, a brave young warrior from the Plains People, is tasked with this quest. Guided by the AURYN, a symbol of the Empress's power, Atreyu faces numerous perils, including treacherous landscapes like the Swamps of Sadness and encounters with enigmatic creatures such as Morla, Engywook, and Urgl.

Aided by Falkor, a majestic luckdragon, Atreyu's journey leads him to the Southern Oracle, where he learns that the Empress's salvation—and Fantasia's—lies in the hands of a human child. This revelation intertwines Atreyu's fate with Bastian's, who, through his reading, becomes an integral part of the story.

As the Nothing threatens to engulf Fantasia, Bastian must confront his own fears and doubts. In a climactic moment, he summons the courage to call out the name ""Moon Child,"" revitalizing the Empress and restoring Fantasia. This act of faith and imagination not only saves the fantasy world but also empowers Bastian to face his real-life challenges with renewed confidence.

""The NeverEnding Story"" is a testament to the transformative power of imagination, highlighting the eternal connection between the worlds of reality and fantasy. Through Bastian and Atreyu's parallel journeys, the story underscores the importance of courage, belief, and the enduring magic of storytelling."
9250841,"The subtitles describe a meeting of high-ranking Nazi officials at a lakeside villa in Wannsee, Berlin, during World War II. The meeting, known as the Wannsee Conference, was convened by General Reinhard Heydrich, SS Chief of Reich Security, to discuss the ""Final Solution"" to the Jewish question. The officials present included representatives from various ministries, the SS, and other government agencies.

The meeting focused on the systematic eradication of Jews across Europe. Heydrich outlined the plan to evacuate Jews to concentration camps in the east, where they would be subjected to forced labor and eventual extermination. The officials discussed the logistics of the plan, including the use of gas chambers, sterilization, and other methods to eliminate the Jewish population. They also debated the legal and bureaucratic details of defining who was Jewish, particularly in cases of mixed marriages and partial Jewish ancestry.

The subtitles reveal the chilling and methodical nature of the discussions, as the officials justified their actions as necessary to achieve a ""Jew-free"" Europe. The meeting concluded with a consensus to proceed with the plan, and Colonel Adolf Eichmann was tasked with coordinating the logistics of the operation.

The narrator later reflects on the consequences of the conference, noting that Heydrich was assassinated a few months later, and Eichmann took over as the key figure in implementing the Final Solution. The subtitles end with a somber tone, emphasizing the horror of the plans discussed and the devastating impact they would have on millions of lives."
9486880,"The subtitles describe the plot of the classic film *The Bridge on the River Kwai*. The story takes place in a Japanese prisoner-of-war camp during World War II, where British prisoners are forced to build a bridge across the River Kwai for their captors. The central conflict revolves around Colonel Nicholson, a British officer who insists on building a proper bridge as a matter of pride and principle, even though it will aid the enemy. Nicholson's stubbornness leads to clashes with the Japanese commander, Colonel Saito, who eventually relents and allows Nicholson to lead the construction effort.

Meanwhile, an American prisoner, Commander Shears, escapes from the camp and joins a British commando team tasked with destroying the bridge. As the bridge nears completion, Shears and his team embark on a dangerous mission to sabotage it. In a tragic twist, Colonel Nicholson, who has become obsessed with the bridge, ultimately sacrifices himself to prevent the commandos from blowing it up, realizing too late the futility of his actions. The bridge is destroyed, but at great cost, leaving behind a haunting reflection on the nature of duty, honor, and the madness of war."
9419582,"The movie follows Faith, a woman who believes in destiny and soul mates. From a young age, she is convinced that Damon Bradley is her destined partner after his name appears on a board game. As her wedding to another man, Dwayne, approaches, Faith becomes increasingly unsettled, feeling she should be with Damon. 

Faith and her friend Kate embark on a journey to Italy to find Damon, encountering various challenges and meeting a man named Peter who initially helps but later complicates things by pretending to be Damon. 

Back home, Faith's fiancé and friends deal with their own relationship issues, highlighting the complexities of love and destiny. Ultimately, Faith meets the real Damon Bradley, and they realize their connection, affirming their belief in destiny and true love. The film explores themes of belief, perseverance, and the power of love, concluding on a hopeful note as Faith finds her soul mate."
9343797,"**Movie Plot Summary:**

The film follows a couple, Alec and Zooey Morrison, who are struggling with infertility and the emotional scars from the loss of their young son, Samuel. After exploring options like IVF and fostering, their lives take an unexpected turn with the arrival of Eli, a precocious and wise foster child who appears at their doorstep without prior notice. Despite initial confusion and verification issues with the foster agency, Eli quickly integrates into their family, bringing joy and inspiration.

Eli's presence helps Alec's struggling toy company through innovative ideas, notably the ""Mystery Box"" concept, which becomes a huge success. As the story unfolds, subtle hints suggest Eli may not be an ordinary child. The couple discovers they are expecting a child, symbolizing new hope and healing.

In a poignant conclusion, Eli departs, leaving behind a heartfelt letter revealing his purpose: to help the couple heal and cherish the upcoming arrival of their new child. His true nature, hinted to be otherworldly, leaves a lasting impact, emphasizing themes of loss, healing, and divine intervention."
9210998,"The subtitles provided appear to be from the 1985 film *Brazil*, directed by Terry Gilliam. The story is set in a dystopian, highly bureaucratic society where the government exercises total control over its citizens. The plot follows the protagonist, Sam Lowry (played by Jonathan Pryce), a low-ranking clerk at the Ministry of Information, who becomes embroiled in a series of events when a man named Archibald Buttle is mistakenly arrested and killed due to a clerical error.

Sam, who works in the mundane Records Department, is promoted to the more powerful Information Retrieval section, but he becomes increasingly disillusioned with the oppressive and inefficient system. His life takes a dramatic turn when he meets Jill Layton (played by Kim Greist), a woman who is connected to the mysterious Harry Tuttle (played by Robert De Niro), a rogue heating engineer who works outside the government's oppressive regulations.

As Sam tries to help Jill, who is wrongly accused of subversive activities, he uncovers the extent of the government's corruption and the dangers of its unchecked power. The film explores themes of bureaucracy, individual freedom, and the dehumanizing effects of a highly controlled society. Ultimately, Sam's attempts to challenge the system lead to tragic consequences, and the film ends on a surreal and haunting note, suggesting Sam's complete mental breakdown and escape into a fantasy world.

The subtitles highlight the film's dark humor, its critique of bureaucratic systems, and its exploration of the tension between individuality and oppressive authority."
9230267,"**Summary:**

The story begins with a mysterious event in space that subtly impacts Earth, causing ants to behave unusually—cooperating across species and communicating effectively. Biologist Ernest Hubbs investigates, recognizing a potential biological threat as natural predators of ants disappear. He proposes an experiment station to study and control the situation, recruiting James Lesko, an expert in game theory and cryptography.

As the ants' behavior becomes more aggressive and organized, Lesko deciphers their complex communication, revealing their ability to adapt and counter human defenses. The situation escalates with the ants attacking structures and causing casualties. The team realizes the ants are testing them, possibly to communicate or assert dominance.

In a final attempt to resolve the crisis, the team uses mathematics to send messages to the ants, who respond enigmatically. Hubbs confronts the queen ant, understanding the existential threat these intelligent ants pose to humanity. The story concludes with the realization of the ants' potential to overrun the planet, highlighting the conflict between human ingenuity and the ants' advanced social organization."
9254691,"The plot revolves around the Zevo Toy Company, founded by Kenneth Zevo, who passes away, leaving his brother General Leland Zevo to take over. Leland, a military man, shifts the company's focus from innocent toys to war toys, causing tension with Kenneth's children, Leslie and Alsatia, who want to preserve their father's legacy of whimsy and joy. Leslie opposes Leland's direction and eventually confronts him, leading to a showdown. In the end, Leslie succeeds in stopping Leland, restoring the company's tradition of creating fun and innocent toys. The story explores themes of family, legacy, and the clash between tradition and modernization."
9312368,"**Plot Summary:**

The movie revolves around Kenya McQueen, a successful black woman navigating her career and personal life in Los Angeles. Set on Valentine's Day, the story begins with Kenya's hectic morning and transitions into her professional and social engagements. She works as a senior manager at a prestigious firm, where she faces challenges related to race and gender, often feeling the need to prove herself in a predominantly white environment.

Kenya's personal life is a central focus, as she deals with societal pressures and her own list of criteria for an ideal partner. Her friends encourage her to be more open and let go of her rigid expectations, leading to a blind date with Brian, a white landscaper. Despite initial hesitations and misunderstandings, Kenya and Brian develop a connection, challenging her prejudices and societal norms.

The film explores themes of love, identity, and overcoming biases. Kenya's journey involves self-discovery, embracing her feelings, and choosing a relationship with Brian, despite external pressures. The story concludes on a hopeful note, emphasizing the importance of following one's heart and finding love beyond expectations."
9195602,"The subtitles depict the story of a man named Jerry, a writer struggling with heroin addiction, as he navigates his career, personal relationships, and the consequences of his drug use. The story begins with Jerry reflecting on his past, including his experiences with addiction and his career as a writer for a puppet show called ""Mr. Chompers."" He discusses his struggles with a woman, highlighting his relapses and attempts at recovery.

Jerry's journey is marked by his professional successes, such as writing for a TV show and earning a significant income, which he often squanders on drugs. His personal life is fraught with challenges, including a romantic relationship with a woman named Kitty and the birth of his daughter, Nina. Despite his efforts to stay clean and be a responsible parent, Jerry frequently relapses, leading to conflicts and missed opportunities.

Throughout the subtitles, Jerry's struggles with addiction are juxtaposed with his creative ambitions and the pressures of his career. The story explores themes of redemption, personal growth, and the cyclical nature of addiction, ultimately leaving Jerry in a state of reflection and uncertainty about his future.

The subtitles conclude with Jerry seemingly attempting to turn his life around, acknowledging the damage his addiction has caused and expressing a desire to change, though the outcome remains ambiguous."
9332834,"The movie revolves around Craig Schwartz, a struggling puppeteer working at Lestercorp on the 7.5 floor of the Mertin Flemmer Building. His mundane job and financial struggles lead him to discover a portal into John Malkovich's mind, which he and his co-worker Maxine exploit for profit. As people experience life through Malkovich's eyes, existential themes emerge. The plot thickens with Dr. Lester's revelation of using vessels for immortality and a confrontation with Malkovich. The story concludes with the portal's closure, leaving characters to navigate love, identity, and consequences, ending on a note of reconciliation and new beginnings."
9286226,"**Silverado: A Tale of Redemption and Justice**

In the gripping Western drama *Silverado*, the plot unfolds through a tapestry of redemption, family loyalty, and the relentless pursuit of justice. The story centers around Paden, a man with a troubled past, and his friend Emmett, who together navigate a world of outlaws, corrupt lawmen, and personal vendettas.

The narrative begins with Paden's quest to clear his name after being wrongfully accused, showcasing his resilience and integrity. His journey intersects with Emmett, who seeks revenge for the murder of their father, Ezra Johnson, at the hands of the ruthless McKendrick clan. This quest for vengeance drives Emmett's actions, while Paden's calm demeanor provides a counterbalance to Emmett's fiery determination.

Key locations such as Turley and Silverado serve as backdrops for pivotal events. Turley, with its corrupt sheriff and volatile saloons, is where Paden and Emmett face numerous challenges, including run-ins with the law and confrontations with adversaries. Silverado emerges as a symbol of hope and resolution, where the story reaches its climax.

The plot is enriched with secondary characters who add depth and complexity. Stella, the enigmatic saloon owner, and Sheriff Cobb, with his hidden agendas, play crucial roles in the unfolding drama. Their interactions with Paden and Emmett highlight themes of trust, betrayal, and loyalty.

Family ties are a central theme, particularly through Emmett's sister Rae, who joins the quest for justice, adding an emotional layer to the narrative. The characters' motivations are deeply personal, driven by a desire to protect loved ones and seek redemption for past wrongs.

The story builds towards a climactic showdown in Silverado, where Paden and Emmett confront their enemies in a bid for justice and closure. The final act is marked by a stampede and a farewell, symbolizing the end of an era and the beginning of new journeys.

*Silverado* is a poignant exploration of redemption, set against the harsh yet majestic backdrop of the Wild West. The film weaves together action, emotion, and moral dilemmas, leaving a lasting impression on the power of justice and the human spirit."
9427482,"The subtitles depict the story of a high-stakes mission called ""Operation Stardust,"" which involves launching a spaceship named *Stardust* to test a new, highly powerful atomic bomb called the T-1. The mission is led by Commander Hayden, a seasoned test pilot, and his crew, including Larry Noble, his navigator, and Professor Merrity, a scientist responsible for the bomb. The T-1 is designed to be detonated in space to demonstrate its destructive power and serve as a deterrent against future wars. However, the mission faces unexpected complications when a determined reporter, Kim Hamilton, secretly boards the ship, adding an extra layer of tension.

As the crew reaches orbit, they discover that the bomb has become magnetically stuck to the ship due to the lack of gravity and air resistance. Despite their efforts to dislodge it, the bomb remains attached, putting the entire mission—and the lives of everyone on Earth—at risk. The crew debates whether to attempt a risky landing or remain in space, knowing that the bomb is set to detonate at a specific time.

The story also explores personal conflicts, such as Larry's strained relationship with his wife, Barbara, who feels neglected due to his dedication to the mission. Meanwhile, the crew grapples with the ethical implications of their work, questioning whether the pursuit of scientific progress justifies the risks involved.

Ultimately, the subtitles suggest a tragic outcome, as the crew accepts their fate and the bomb's detonation looms. The mission highlights the tension between humanity's ambition to explore space and the unintended consequences of scientific and military advancements."
9327548,"The subtitles provided appear to be fragmented and out of context, making it difficult to piece together a coherent plot. However, based on the snippets of dialogue, it seems to involve themes of cultural identity, family, and possibly separation or departure. There are mentions of different nationalities (Japanese, English, Russian, Indian) and a reference to Swahili, suggesting a multicultural setting or a character with a diverse background. 

A character, possibly a young girl, is urged to ""be a good girl"" and look after her parents, indicating a focus on family and responsibility. There is also a sense of urgency and perhaps a farewell, as someone says, ""I'll see you soon, okay?"" The mention of ""toilet paper's on sale"" adds a mundane detail, possibly to highlight the character's practical preparations or adjustments to a new situation.

Overall, the subtitles hint at a story involving cultural diversity, family bonds, and a significant transition or journey, but the exact plot remains unclear without more context."
9460190,"**Movie Plot Summary:**

In the gripping thriller, the story unfolds in the volatile landscape of Latin America, where kidnappings are rampant and often deadly. The narrative centers around a wealthy family targeted by kidnappers who exploit their $10 million insurance policy. The family's world is shattered when their young daughter, Pita, is abducted, setting off a chain of events marked by desperation and betrayal.

John Creasy, a former military operative with a troubled past and a penchant for alcohol, is hired as Pita's bodyguard. Despite his personal demons, Creasy forms a deep bond with Pita, who brings a sense of purpose into his life. However, the kidnapping plot takes a devastating turn when Pita is tragically killed during a botched ransom exchange.

Consumed by grief and a thirst for vengeance, Creasy dedicates himself to unraveling the conspiracy behind Pita's death. His investigation exposes a complex web of corruption involving a powerful criminal organization known as La Hermandad, which includes corrupt officials and ruthless criminals. Creasy's quest for justice becomes a relentless pursuit, targeting each individual involved in the kidnapping, from low-level operatives to the mastermind known as The Voice.

Through a series of intense confrontations, Creasy systematically dismantles the organization, driven by a mix of guilt, anger, and a desire to honor Pita's memory. The film's climax sees Creasy confronting The Voice, leading to a violent showdown that brings a measure of closure, though at great personal cost.

Ultimately, the story is a poignant exploration of loss, redemption, and the true meaning of justice, set against the backdrop of a corrupt and unforgiving world. Creasy's journey from protector to avenger underscores the emotional depth and moral complexity of a man driven by his conscience to right a terrible wrong."
9472717,"The movie follows Sun Ra, an intergalactic ambassador, who arrives on Earth to offer Black people an escape from societal oppression. Through his music and philosophical message, he advocates for a new colony where they can thrive free from white interference. The plot intertwines science fiction, social commentary, and jazz, exploring themes of identity, liberation, and the transformative power of music. Sun Ra's mission is to lead a chosen group to a new world, emphasizing the need for change and self-empowerment. The film culminates in his departure, leaving behind a message of hope and transcendence."
9221981,"**Plot Summary:**

The story follows the McGonigle Repertory Troupe, led by the charismatic but struggling actor, the Great McGonigle, and his daughter Betty. The troupe is on the move, facing financial and legal troubles, as they travel from town to town. Their journey is marked by comedic mishaps, such as a child causing chaos and the Great McGonigle's antics, including selling a dubious hoarseness remedy.

As they arrive in Bellefontaine, they meet Cleopatra Pepperday, a wealthy woman eager to perform, adding a layer of intrigue. The troupe's challenges escalate with the arrival of a sheriff seeking to seize their assets, highlighting their precarious situation.

Betty's romance with Wallace Livingston, whose father disapproves of her theatrical life, adds emotional depth. The story resolves with Betty and Wallace marrying, gaining the Great McGonigle's blessing, as he departs for New York, pursuing greater ambitions. The film blends drama and comedy, capturing the trials of a traveling theater group and the personal growth of its members."
9383126,"The subtitles appear to be from a slapstick comedy, likely featuring the Three Stooges (Moe, Larry, and Curly), based on the dialogue and the physical humor described. The plot revolves around a group of bumbling men who join the Royal Air Force (RAF) but find themselves working in a garage instead of flying. Their main task is to fix a squeaky car belonging to Colonel Henderson, which leads to a series of comedic mishaps, including getting stuck in tight spaces, using various tools ineffectively, and causing chaos.

After fixing the car, they encounter more trouble when they accidentally get loaded onto a plane along with a sewer pipe, which is then dropped in a ""blockbuster"" explosion. The men survive and find themselves in a house, where they discover a bomb and attempt to escape. The story then shifts to a parody of a war scenario, where the men disguise themselves in German uniforms and interact with a character named Marshal Boring, who is part of the German military.

The subtitles suggest a series of slapstick misadventures, including physical comedy, misunderstandings, and a chaotic chase scene involving guards. The dialogue is filled with comedic timing, puns, and over-the-top reactions typical of the Three Stooges' style. The plot is light-hearted and focused on humor, with the characters often finding themselves in absurd and ridiculous situations."
9512869,"The subtitles tell the classic story of Cinderella, a kind and gentle young woman who is mistreated by her stepmother and stepsisters after her father's death. Despite her hardships, Cinderella remains hopeful and believes in her dreams. With the help of her fairy godmother, she attends a royal ball where she meets the Prince and they fall in love. However, she must leave abruptly at midnight, losing one of her glass slippers. The Prince searches for her by trying the slipper on every maiden in the kingdom. When Cinderella finally gets to try it on, the slipper fits, and she marries the Prince, living happily ever after. The story emphasizes themes of hope, kindness, and the power of believing in one's dreams."
9207983,"The subtitles depict the story of Christopher Isherwood, a novelist, and his encounters with various characters in Berlin during the early 1930s. The story begins with Christopher reflecting on his life and introducing himself as a comfortably off, confirmed bachelor. He describes his struggles as a writer and his observations of the world around him, often detaching himself like a ""camera"" recording events without emotional involvement.

Christopher meets Sally Bowles, a charismatic and free-spirited nightclub singer, at a party. Sally is portrayed as a complex, naive, and defenseless young woman navigating the tumultuous world of Berlin. The two develop a close but fraught relationship, with Sally moving into Christopher's apartment. Despite her vow of chastity, their relationship is marked by tension and unresolved feelings.

The story explores themes of love, identity, and the decay of Berlin's vibrant culture under the looming threat of Nazism. Fritz Wendel, a friend of Christopher's, struggles with his own identity and his unrequited love for Natalia Landauer, a wealthy Jewish woman whose family faces increasing persecution. Natalia eventually leaves Berlin to escape the rising Nazi threat, while Fritz grapples with his own insecurities and the societal pressures of being Jewish in Germany.

Sally's life is marked by her aspirations to become a film star and her tendency to attract unsuitable men. Her relationship with Christopher is tested when she becomes pregnant, leading to a series of emotional and moral dilemmas. Christopher, though well-intentioned, is often at odds with Sally's carefree and impulsive nature.

The story also delves into the financial and emotional struggles of the characters, as Berlin's economy deteriorates and political tensions rise. Christopher eventually finds success as a writer, but his relationship with Sally remains unresolved. In the end, Sally leaves Berlin to pursue opportunities in Paris, while Christopher reflects on the experiences that have shaped him.

The subtitles conclude with a sense of nostalgia and regret, as Christopher encounters Sally years later in London. Despite the passage of time, the connection between them remains complex and unresolved, leaving the audience with a lingering sense of the fragility of human relationships and the passage of youth."
9380272,"**Plot Summary:**

The film revolves around Caleb's journey of self-discovery and navigating complex relationships. Initially, Caleb is involved with Tiffany, but their relationship is marked by dissatisfaction and tension. Tiffany fakes an orgasm, leading to a deeper exploration of their issues, where Caleb's reserved nature contrasts with Tiffany's desire for excitement.

The story then shifts to Caleb's exploration of his sexual identity. He meets Marc, and their relationship becomes a central focus. This leads to a musical number that metaphorically explores themes of desire and intimacy. As Caleb and Marc's relationship deepens, it complicates Caleb's connection with Gwen, creating a love triangle filled with tension and jealousy.

A pivotal moment occurs when Caleb comes out as gay to his parents, leading to a family dinner where his parents, despite initial shock, show acceptance. However, this revelation is overshadowed by Gwen's disclosure that Caleb pretended to be gay to be with her, causing conflict with Marc.

The film concludes with the characters addressing their emotional journeys, leading to apologies and potential reconciliations. Musical numbers reflect on love, loss, and personal growth, emphasizing Caleb's transformation and the complexities of human relationships.

Ultimately, the film is a nuanced exploration of identity, relationships, and acceptance, with Caleb's journey at its core, highlighting the challenges and growth that come with understanding oneself and others."
9215333,"**Plot Summary:**

The movie is set during the American Revolution and follows the lives of a family navigating personal, financial, and societal challenges. The story centers around Jeremy, the patriarch of the family, who runs an inn called the Cock and Hound Inn. The family is struggling financially, and Jeremy is reluctant to spend money, even on necessities like a horse for his daughter.

The plot delves into the family dynamics, particularly the desires and frustrations of the daughters—Eliza, Abagail, and Maude. Eliza is unhappy with her life and wants to marry and live in a grand house, while Maude, the eldest, is under pressure to marry so her younger sisters can follow. Maude's engagement after winning a spelling bee brings temporary relief but doesn't fully resolve the family's issues.

A significant plot point is the Freemasons' ball, which the family aspires to attend but can't afford. Jeremy's pride prevents him from borrowing money from his brother-in-law, George Washington, highlighting his stubbornness and the family's financial desperation.

Throughout the film, the family's interactions are filled with humor and tension, exploring themes of family, societal expectations, and financial struggles against the backdrop of the revolution. The story concludes with Jeremy relenting and purchasing a horse for his daughter, symbolizing a shift in their circumstances and perhaps a step toward resolving their challenges."
9428209,"**Plot Summary:**

The story centers around Rachel Sutherland, an ornithologist with a passion for birds of prey, particularly her caracara, Humphrey. Her life takes a dramatic turn when FBI agents, investigating a potential assassination plot, set up surveillance in her apartment. Unbeknownst to Rachel, this surveillance leads her to cross paths with David McMillan, an assassin with a hidden agenda.

Rachel inadvertently thwarts McMillan's attempt to kill the President of Moracala, making her a target. As the plot unfolds, it reveals a deeper conspiracy involving high-ranking officials like Allan Crancer, who is connected to the infamous Aman Zimway massacre in Africa. This event motivates the antagonists and ties into their nefarious plans.

Rachel's personal life is further complicated by her strained relationship with her mother, Cynthia, whose past misdeeds and alcoholism have left emotional scars. The story reaches its climax when Rachel confronts McMillan during another assassination attempt at a university event. With the help of authorities, Rachel successfully stops the assassin, showcasing her courage and resilience.

The film concludes with Rachel caring for her injured mother and her beloved bird Humphrey, symbolizing healing and closure. The narrative weaves together elements of personal growth, international intrigue, and the resolution of past traumas, highlighting Rachel's transformation from a reclusive expert to a heroic figure."
9331432,
9205503,"The subtitles describe a complex and apocalyptic narrative that blends religious themes, family drama, and supernatural conflict. The story centers around the fallen archangel Lucifer, who was cast out of heaven and vowed to exact vengeance on humanity. God dispatches three warrior angels—Mikhail, Gabrielle, and Rafael—to confront Lucifer's earthly incarnation and prepare for the Eve of the second coming.

The story unfolds across multiple timelines and perspectives, focusing on a fractured family and their struggles. The family includes Marion, Greg, and their son Andrew, who appears to be the key figure in the unfolding drama. Andrew is depicted as both a victim of circumstances and potentially the vessel for Lucifer's influence. The family's dynamics are fraught with tension, guilt, and supernatural interference, which seem to be tied to Andrew's role in the larger cosmic conflict.

The plot weaves together elements of horror, drama, and religious symbolism, with scenes ranging from domestic disputes to apocalyptic visions. A significant portion of the narrative takes place in a small town, where a play about the Passion of Christ is being performed. This event becomes a catalyst for chaos and violence, as Lucifer's influence escalates and the boundaries between reality and the supernatural blur.

Throughout the subtitles, there are repeated references to the ""promise"" of the second coming and the necessity for the three warrior angels to unite and fulfill their divine mission. Rafael, one of the angels, serves as a guide and mentor, urging the others to remember their purpose and stay strong in the face of evil.

The story builds toward a climactic confrontation between the forces of good and evil, with Lucifer's power growing stronger as the Eve of the second coming approaches. The final moments suggest a resolution to the conflict, with Rafael intervening to fulfill the divine promise and defeat Lucifer. However, the lingering presence of evil implies that the struggle may not be entirely over.

Overall, the plot is a dark and intricate exploration of faith, family, and the eternal battle between light and darkness."
9380899,"**Plot Summary:**

The story follows Lili, a young girl left alone after her father's death, as she navigates a world of uncertainty and belonging. Her journey begins with a futile search for Mr. Godet, a baker her father had known, leading her to a small shop where she encounters Marc, a man who offers her work but treats her harshly. 

Seeking refuge, Lili finds herself at a vibrant carnival, where she meets an eclectic group of performers and puppeteers. Here, she discovers a sense of community and begins to perform with puppets, finding solace and purpose. Her interactions with the carnival's characters, including the enigmatic Marc, a magician, deepen her emotional landscape.

As Lili grows, she faces the complexities of love and heartbreak, particularly in her relationship with Marc, which becomes central to her story. When Marc receives an offer to perform at a prestigious hotel, it signifies a potential departure from the carnival, testing Lili's sense of identity and belonging.

The narrative explores themes of love, self-discovery, and resilience. Lili's journey is marked by her realization of the world's cruelties and her eventual decision to leave Marc and the carnival, embarking on a new path of independence and growth. The film captures her transformation from innocence to maturity, highlighting the bittersweet nature of love and the struggle to find one's place in the world."
9428595,"The subtitles depict a complex and intense narrative that intertwines elements of crime, medical drama, and spiritual journey. The story begins with Monroe, a man facing severe charges, and transitions into the life of Dr. Michael Reynolds, an oncologist dealing with a terminally ill patient named Blue, a 16-year-old gang member with a rare sarcoma. 

Dr. Reynolds, struggling with personal and professional challenges, including a contentious real estate decision with his wife Victoria, finds himself in a high-stakes situation when he is taken hostage by Blue. The two embark on a perilous journey, driven by Blue's belief in a sacred mountain and a magic lake that he believes can cure his illness. Along the way, they face numerous challenges, including a snake bite, police chases, and personal confrontations.

As the story unfolds, flashbacks reveal Dr. Reynolds' past, including the loss of his younger brother, which adds depth to his character and motivations. The journey becomes a metaphor for redemption and the clash between medical science and spiritual healing. Ultimately, Blue reaches the sacred mountain, finding a moment of peace, while Dr. Reynolds reflects on their journey, highlighting the theme of how a single day can bring profound change. The narrative weaves together themes of hope, belief, and the complexities of human connection."
9252267,"**Movie Plot Summary:**

The film begins by depicting the mundane and often tense life of high school students, focusing on characters like Eli, John, and others as they navigate personal issues, relationships, and social dynamics. Eli deals with his father's drinking problem, while interactions in a Gay-Straight Alliance meeting touch on themes of identity and acceptance. The characters' daily struggles and interactions are woven throughout the narrative, providing a backdrop of teenage life.

As the story progresses, subtle tensions and underlying issues among the students become apparent. Conversations hint at past conflicts and personal grievances, setting the stage for escalating tensions. The tone shifts dramatically when the plot reveals a meticulously planned attack on the school, involving detailed maps, explosives, and weaponry.

The film culminates in a tragic school shooting, where characters like Eric and Mr. Luce are involved in a violent confrontation. The chaos and horror of the event are contrasted with the earlier depiction of ordinary high school life, emphasizing the stark transition from normalcy to tragedy.

The summary captures the essence of the film, highlighting the journey from the characters' everyday struggles to the devastating climax, underscoring themes of violence, personal turmoil, and the abrupt shattering of innocence."
9344228,"The movie follows the story of Elizabeth, a dedicated doctor who falls into a coma, and David, a man who unexpectedly sees her spirit. As Elizabeth's family considers removing her life support, David and Elizabeth form a deep bond. They work together to resolve her unfinished business, helping each other confront their pasts and personal struggles. David supports Elizabeth in regaining her memories and finding peace, leading to her eventual awakening from the coma. The film explores themes of love, loss, and redemption, culminating in a heartfelt and emotional resolution where Elizabeth returns to the living, and their connection is revealed."
9449427,"The subtitles suggest a story that revolves around themes of identity, change, and introspection. A character seems to be grappling with a transformation, both internal and external, as they question their reflection in the mirror. There is a sense of duality, as if the mirror represents another version of themselves or someone close to them. The narrative hints at a loss of control over emotions and actions, with the character struggling to understand and adapt to these changes. The repetition of the mirror questioning and the mention of a ""change in you"" suggests a profound shift in the character's life, possibly tied to love, self-discovery, or even supernatural elements. The story appears to explore the tension between self-perception and external reality, with the character seeking answers and guidance to navigate this transformation."
9185217,"The plot of the movie revolves around a magical connection between the human world and an underwater realm known as ""The Blue World."" In the past, humans and sea creatures were connected, inspiring and guiding each other, but over time, this link was severed, leading to violence and chaos in the human world. Now, the inhabitants of The Blue World are trying to reconnect with humans by sending their young ones, known as ""narfs,"" to awaken humanity.

The story centers around Cleveland Heep, a quiet and troubled man who works as a handyman at an apartment complex called The Cove. Cleveland discovers that one of the narfs, a young girl named Story, has been sent to the human world. Story is a ""Madam Narf,"" a rare and important figure in her world, and her presence is crucial for the awakening of humanity. However, her mission is fraught with danger, as creatures called ""scrunts"" hunt her to prevent her from succeeding.

Cleveland becomes Story's protector and learns about the magical world through her and the stories of Young-Soon, a tenant in the building. The narrative weaves together themes of faith, interconnectedness, and the power of stories. Cleveland, along with a group of tenants who unknowingly have special roles (the Interpreter, the Guardian, and the Healer), works to help Story fulfill her destiny and return home safely with the help of the Great Eatlon, a giant eagle.

The story also delves into Cleveland's personal journey, as he grapples with his past traumas and finds purpose in protecting Story. The film explores the idea that one's actions can have far-reaching consequences, connecting individuals across worlds and generations.

Ultimately, the movie is a tale of hope, redemption, and the transformative power of belief, as Cleveland and the tenants of The Cove come together to ensure Story's safe return and the awakening of humanity."
9353285,"The story begins with a historical narrative about a young girl named Yitta who ran away from her home a hundred years ago to escape an arranged marriage. She returned pregnant, and the community believed she was saved by a demon. Her descendant, Sonia, is the protagonist in the present-day story. Sonia is a woman struggling with her role in a traditional Jewish community, feeling trapped and seeking something more meaningful. She starts working in the jewelry business with her brother-in-law, Sender, which introduces her to new experiences and ideas that conflict with her religious upbringing.

Sonia's marriage to Mendel, a devout and scholarly man, becomes strained as she grapples with her faith and identity. Their relationship deteriorates, leading to arguments about their roles and beliefs. Sonia eventually leaves Mendel, seeking a different life, and becomes involved with Ramon, an artist who challenges her traditional views. The community becomes involved in their marital issues, and Mendel fights to keep their son, Shimmie.

In the end, Sonia realizes that her rebellion and search for meaning have caused pain, and she decides it is best for Shimmie to remain with Mendel. She meets the Rebbitzn, who reflects on the impact Sonia had on the Rebbe and the community. Sonia leaves, acknowledging that she does not belong in this world anymore and embarks on a journey of self-discovery, seeking a place where she can find her true identity and purpose. The story explores themes of faith, identity, and the tension between tradition and personal desire."
9199042,"**Plot Summary:**

Set against the backdrop of a Mexican village named Puerto Miguel, the story follows a diverse group of individuals whose steamboat breaks down, stranding them for weeks. The village's tranquility is disrupted by the arrival of Leah, a determined woman seeking help to rescue her husband trapped in a gold mine. Motivated by the promise of wealth, a group of men, including the enigmatic gambler Hooker, the tough Daly, and the seasoned Fiske, join her perilous journey.

As they venture into treacherous terrain, they face both external threats from hostile Apache Indians and internal conflicts driven by greed, mistrust, and romantic tensions. Leah's manipulative nature surfaces as she uses the prospect of gold to influence the men, while the group's dynamics are tested by betrayal and sacrifice.

The journey unfolds with the group setting traps to distract their pursuers, allowing some to escape. In a climactic act of sacrifice, Fiske remains behind to fend off the Indians, enabling the others to flee. His noble act underscores themes of redemption and the human cost of greed.

The film concludes with a reflection on the futility of chasing wealth, encapsulated in the metaphor of the ""Garden of Evil,"" where men risk everything for fleeting riches. The story explores deeper themes of sacrifice, betrayal, and the enduring human spirit in the face of adversity."
9219255,"**Plot Summary:**

The story revolves around Jarot and his four best friends—Ale, Jago, Lukman, and Sadat—who share a deep bond forged through their shared adventures and troubles. Their camaraderie is rooted in loyalty and mutual support, yet their lives are marked by constant conflict and a reliance on brute strength over reason, reflecting a world where power and honor are paramount.

Jarot's life takes a dark turn when he becomes involved with the Black Dragon gang after his release from prison, creating a rift with his old friends. This new allegiance leads to a violent struggle for control, with the Black Dragon asserting dominance through fear and intimidation.

The narrative intertwines with a romantic subplot involving Aisya, whose connection to both Jarot and Ale exacerbates the tension. Her eventual death, revealed to be pregnant, deepens the tragedy and fuels the relentless cycle of revenge and betrayal.

Throughout the story, themes of loyalty, betrayal, and the futility of violence emerge. The characters are trapped in an unending cycle of conflict, unable to escape the consequences of their actions. The conclusion underscores the inevitability of ongoing strife, as good and evil remain locked in perpetual battle, leaving no resolution for the protagonists.

Ultimately, the tale is a tragic exploration of friendship, power, and the devastating impact of unchecked vengeance."
9415443,"**Movie Plot Summary:**

The film revolves around the complex and emotionally charged lives of its characters, set against the backdrop of a rural landscape. At the center is Einar Gilkyson, a gruff and aging rancher struggling to come to terms with the death of his son, Griffin. Einar's grief and anger are directed towards Jean, Griffin's widow, whom he blames for the tragedy. Jean, seeking a fresh start, arrives at Einar's ranch with her young daughter, Griff, hoping to find solace and rebuild their lives.

As the story unfolds, the characters confront their pasts and personal demons. Einar's resentment towards Jean is palpable, yet there are glimpses of his deep pain and longing for connection. Jean, meanwhile, is haunted by her own history, including an abusive ex-boyfriend, Gary, who reappears, threatening their fragile peace.

A recurring motif is the presence of a bear, symbolizing both danger and a challenge to be overcome. This threat brings the characters together, as they navigate not only the external peril but also their internal conflicts. Mitch, a close friend and ranch hand, provides support and wisdom, while Griff, displaying resilience and curiosity, forms a bond with Mitch.

The plot intensifies as Gary's aggression escalates, leading to a climactic confrontation. Einar, in a moment of redemption, steps in to protect Jean and Griff, marking a turning point in his journey towards acceptance and healing.

Ultimately, the film explores themes of grief, forgiveness, and the possibility of redemption. Through their struggles, the characters learn to confront their pasts and embrace the hope of moving forward. The narrative is woven with moments of tenderness and reconciliation, culminating in a poignant conclusion where Einar begins to let go of his anger, and the characters find a path towards healing and understanding."
9192938,"The movie's plot revolves around the complex and tumultuous journey of Badal, a man driven by a desire for revenge. Haunted by the traumatic loss of his family at the hands of a police officer, Badal turns to terrorism, seeking vengeance against those responsible. The story intertwines his personal vendetta with a broader narrative of conflict between terrorists and law enforcement, led by the determined D.I.G. Jai Singh Rana.

As the plot unfolds, Badal becomes embroiled in a plan to assassinate a prominent leader, Satyaprakash, on India's Independence Day. This mission forces him into a moral dilemma when his sister, Soni, is taken hostage, compelling him to choose between his mission and her safety. The narrative also explores a romantic subplot with Rani, highlighting Badal's emotional depth and internal conflict.

The climax reaches a peak on August 15th, where Badal confronts his adversaries, leading to a tragic yet redemptive conclusion. The film delves into themes of loss, revenge, and the cyclical nature of violence, ultimately reflecting on the consequences of unchecked vengeance and the possibility of redemption."
9310280,"The movie begins with a narrative about humanity's advancements in space exploration, highlighting the moon as a base for further exploration and raising existential questions about Earth's place in the universe. The story then follows astronauts on a mission aboard the *Pegasus III*, who encounter a mysterious, unidentifiable object that causes their ship to crash. This event sets the stage for the central mystery of the plot: a ""phantom planet"" that appears and disappears, seemingly responsible for the disappearance of two spacecraft.

The narrative shifts to Captain Frank Chapman, a pilot sent on a reconnaissance mission to investigate the strange occurrences. Chapman's ship, the *Pegasus IV*, also goes off course and is drawn into the gravitational pull of the phantom planet, Rayton. After a harrowing landing, Chapman finds himself on a planet where he is captured and put on trial by the inhabitants. The people of Rayton are technologically advanced, particularly in their control of gravity, but they live in a society that has reverted to more primitive ways of life to avoid the pitfalls of excessive technological advancement.

Chapman learns that his ship was pulled into Rayton's gravitational field, and he is forced to adapt to the planet's unique environment, where his size is reduced due to the planet's atmosphere. Despite the challenges, Chapman forms connections with key characters, including Liara, the daughter of Rayton's leader, Sessom, and Zetha, a mute woman who later regains her ability to speak. Chapman also faces a duel with Herron, a rival who accuses him of imposing on Liara and Zetha, but Chapman's moral compass leads him to spare Herron's life.

The plot escalates as Rayton comes under attack by the Solarites, a hostile alien species seeking to exploit Rayton's gravity control technology. Chapman plays a crucial role in defending Rayton, earning the respect of its people. After the battle, Chapman is given the opportunity to escape with the help of Herron, who has come to trust him. Chapman dons a specially designed suit to survive the transition back to Earth's atmosphere and is eventually rescued by his people.

The movie concludes with Chapman returning to Earth, but he is left haunted by his experiences on Rayton, particularly his emotional connection to Zetha and the enigmatic nature of the phantom planet. The final narration leaves the audience pondering the future of space exploration and the possibility of further encounters with the unknown, suggesting that this story may only be the beginning."
9201003,"**Plot Summary:**

The movie revolves around Ben Carson, a former NYPD detective turned night watchman at the Mayflower department store, which was once St. Matthew's Hospital. Haunted by a tragic past, Ben's life unravels as he discovers the store's dark history involving a fire and a legal battle. His obsession with the mirrors in the store intensifies after the mysterious death of his predecessor, Gary Lewis, who died by slashing his throat with a mirror shard.

Ben's personal life is in shambles; separated from his wife Amy, he struggles to maintain a relationship with his children. His investigation into the mirrors reveals a connection to Anna Esseker, a former patient at St. Matthew's Hospital involved in a 1952 massacre. Believing the mirrors are portals for a malevolent entity, Ben's sanity unravels, leading to erratic behavior and a desperate attempt to protect his family by covering all mirrors.

As the entity's influence grows, Ben's sister Angie is killed, and his son Michael goes missing. In a climactic confrontation, Ben discovers Michael under the entity's control. In a tragic climax, Ben sacrifices himself to save his family, managing to rescue his daughter Daisy but losing Michael to the entity.

The film explores themes of trauma, guilt, and supernatural horror, culminating in a dramatic and poignant conclusion where Ben's ultimate sacrifice underscores the devastating consequences of the entity's malevolence."
9237124,"*Passport to Pimlico* tells the story of a group of residents in the Miramont Place area of Pimlico, London, who discover an unexploded bomb (Pamela) and later uncover a buried treasure linked to the Duchy of Burgundy. The treasure comes with historical documents revealing that the area is technically Burgundian soil, leading the residents to declare their independence from England. 

As the community navigates their new identity, they face challenges such as rationing, water shortages, and government interventions. The story explores themes of community, identity, and resilience, culminating in a resolution where the treasure is used to benefit both the people of Pimlico and the British government, ultimately leading to their reintegration into England."
9431701,"The subtitles provided appear to be from the 1930 film *Vile Bodies*, adapted from Evelyn Waugh's novel of the same name. The story revolves around the lives of the British upper class in the 1920s, focusing on their decadence, superficiality, and eventual moral and emotional decay. Here's a summary of the plot based on the subtitles:

The story centers on Adam Fenwick-Symes, a struggling writer, and his relationship with Nina Blount. Adam is attempting to navigate his career and personal life while dealing with financial troubles and the pressures of high society. The plot is intertwined with the antics of their friends, including Miles Malpractice, Agatha Ransome, and Simon Balcairn (Lord Balcairn), who write scandalous gossip columns under pseudonyms like ""Mr. Chatterbox.""

Key events include a wild party hosted by Archie Shwert, where the characters engage in excessive drinking, dancing, and moral transgressions. The party becomes a scandal, and the aftermath involves legal troubles, broken engagements, and personal crises. Adam's financial struggles worsen when a book he wrote is confiscated by customs, and he becomes embroiled in a scheme involving a drunken major, a horse race, and a large sum of money.

Throughout the story, the characters are portrayed as ""bright young things"" living lives of hedonism and superficiality. However, their world begins to unravel as they face the consequences of their actions. Nina eventually becomes engaged to another man, Ginger Littlejohn, and Adam is left heartbroken and financially ruined.

The story concludes with the onset of World War II, which disrupts the characters' lives and forces them to confront reality. Adam and Nina reunite briefly, but their relationship remains unresolved. The film ends on a somber note, reflecting the moral decay and emptiness of the characters' lives amidst the broader chaos of war.

The subtitles highlight themes of love, greed, and the corrupting influence of wealth, set against the backdrop of a society on the brink of collapse."
9474404,"**Summary of the Plot:**

The movie follows Walter, a devoted Muppet fan, and his brother Gary, who live in Smalltown. Walter is obsessed with The Muppets, particularly Kermit the Frog. When Gary and his girlfriend Mary plan a trip to Los Angeles for their anniversary, they invite Walter, who is excited to visit The Muppet Studios. Upon arrival, they discover the studio is in disrepair and slated for demolition by Tex Richman, an oil tycoon who plans to drill for oil on the property.

Determined to save the studio, Walter, Gary, and Mary set out to reunite the Muppets, who have gone their separate ways. They find Kermit, who has retired, and convince him to help. They also track down other Muppets, including Fozzie, Gonzo, and Miss Piggy, who is in Paris. Despite initial reluctance and tension between Kermit and Miss Piggy, the Muppets agree to reunite for a telethon to raise the $10 million needed to save the studio.

The telethon faces challenges, such as a power outage and Tex Richman's attempts to sabotage it. However, through perseverance and teamwork, the Muppets successfully raise the funds. Walter, who struggles to find his place, ultimately proves his worth by showcasing his talent, helping to save the studio. The movie concludes with the Muppets triumphantly reclaiming their studio, emphasizing themes of friendship, determination, and believing in oneself."
9258134,
9301621,"The movie follows the interconnected lives of several characters navigating personal struggles, redemption, and societal challenges. Central to the story is Robert, a man with a troubled past, including a stint in jail, who seeks redemption and a fresh start. He meets Michelle, a single mother trying to protect her daughter, Danielle, from an abusive partner. Their relationship deepens as they share their emotional burdens and support each other through difficult times.

Subplots involve Mark, a man grappling with his own moral compass while helping those in need, and Laura, his wife, who is preparing for the birth of their child. The story explores themes of family, abuse, poverty, and personal loss, with characters often finding solace in unexpected connections.

The narrative reaches an emotional peak as Michelle goes into labor, and Robert confronts his inner demons, leading to a tragic breakdown. The film concludes with a sense of hope and interconnectedness, highlighting the resilience of its characters in the face of adversity. Ultimately, it's a poignant exploration of human struggles and the quest for redemption and understanding."
9245308,"The subtitles describe a dramatic and emotionally charged story involving love, betrayal, and consequences. The plot centers around Jane, her husband Fred, and her lover Dennis, as well as Dennis's wife, Katherine. The story unfolds as Jane and Dennis face the fallout of their affair being exposed when Fred hires a detective to gather evidence of Jane's infidelity. 

The situation becomes increasingly tense as Fred confronts Jane, revealing the detective's findings, including affidavits from witnesses who can testify to her affair. Jane, feeling trapped and guilty, struggles with the moral implications of her actions and the potential damage to her reputation and her daughters' lives. Meanwhile, Dennis tries to persuade Jane to leave her husband and start a new life with him, but the reality of the situation begins to unravel their plans.

As the story progresses, Bill, Fred's brother, emerges as a manipulative and vengeful figure who has been orchestrating the exposure of Jane and Dennis's affair. He gathers all parties involved, including Dennis's wife, to confront them in a dramatic showdown. The tension escalates when Dennis is injured, possibly stabbed, and Jane attempts suicide in a state of despair.

Ultimately, the story explores themes of love, betrayal, and the consequences of one's actions. The characters are forced to confront their flaws, weaknesses, and the destruction their choices have caused. The plot is marked by emotional turmoil, moral dilemmas, and a tragic unraveling of relationships."
9449866,"The plot centers around Fenix, a boy magician in the Circo del Gringo, who grapples with a tumultuous past marked by guilt and family secrets. His father's alcoholism and a past crime in America hint at a legacy of shame. The circus, featuring performers like Concha and Aladin, serves as both a refuge and a stage for the unfolding drama. A conflict arises in a church where holy blood is disputed, involving a monsignor and a woman insisting on its sanctity, tying into the legend of Lirio, a girl brutally attacked. 

The story escalates with violent commands directed at Fenix, leading to a tragic confrontation. The climax involves a fiery conclusion, where Fenix confronts his mother, resulting in her death and a symbolic purge by fire. Themes of guilt, sacrifice, and redemption weave through Fenix's journey, highlighting his internal struggles and the external conflicts that shape his destiny."
9506982,"**Movie Plot Summary:**

The film follows Dr. Margo Hunt, a feminist scholar, as she is recruited by the U.S. government to negotiate with the piranha women, a radical, ancient commune deep in the avocado jungle. These women are known for their militant feminism and the practice of consuming men. The government, concerned about the nation's avocado supply and the piranha women's increasing threat to it, wants Dr. Hunt to convince them to relocate to a luxurious reservation in Malibu.

Dr. Hunt, accompanied by her student Bunny and a reluctant guide named Jim, ventures into the jungle. Along the way, they encounter various obstacles, including dangerous wildlife and the Donahues, a tribe of submissive men who live in fear of the piranha women. The group eventually reaches the piranha women's temple, where they meet Dr. Francine Kurtz, a renowned feminist scholar who has become the empress of the piranha women. Kurtz reveals that she has been exploiting the piranha women's culture for her own gain, planning to write a sensational book about her experiences.

Dr. Hunt confronts Kurtz, challenging her leadership and exposing her exploitation. The two engage in a fierce battle, but ultimately, Dr. Hunt's wisdom and the unity of the women prevail. The piranha women and their rivals, the barracuda women, are united under a new, more balanced ideology. Dr. Hunt and her companions escape the jungle, but not before Bunny decides to marry Jim, choosing a traditional role over further education.

The film ends with Dr. Hunt returning to her academic life, reflecting on the complexities of feminism and the challenges of balancing personal happiness with intellectual pursuits. The story is a satirical exploration of feminism, government manipulation, and the clash between radical and moderate ideologies, all set against the backdrop of a bizarre and humorous jungle adventure."
9263793,"The subtitles depict the story of Jon Katz, a 56-year-old writer struggling with personal and professional challenges. Jon adopts a troubled dog named Devon, who has been abused and exhibits aggressive and unpredictable behavior. Despite his efforts to care for Devon, Jon's life becomes increasingly chaotic, as the dog's antics disrupt his home and relationships. Jon's family, including his daughter Emma and wife Paula, express concern over his well-being, particularly as he becomes isolated and neglects his work.

Jon's struggles with Devon are mirrored in his struggles with writing, as he avoids fulfilling a book contract, leading to tension with his agent, Richard. Eventually, Jon moves to a remote farmhouse in an attempt to escape his troubles and focus on his writing. However, Devon's behavior continues to spiral out of control, and Jon is forced to confront his own anger and frustration.

The story takes a turning point when Jon meets a local dog trainer, Joe, who challenges Jon to address not only Devon's issues but also his own personal demons. Through their interactions, Jon begins to recognize the need for change and starts the difficult process of healing and reconnecting with both Devon and his loved ones. The subtitles suggest a journey of self-reflection and growth, as Jon seeks to mend his fractured relationships and find purpose in his life."
9303390,"The movie follows the story of Nick Halloway, a man who gains invisibility after an accident at Magnascopics. As he navigates this new reality, he faces a conspiracy involving government agents led by David Jenkins, who seek to exploit his condition. Despite the challenges and dangers, Nick finds love with Alice and ultimately outsmarts his pursuers. The film concludes with Nick overcoming adversity, reuniting with Alice, and finding a sense of normalcy amidst the extraordinary circumstances."
9210704,"The subtitles depict a gritty and intense story filled with conflict, revenge, and tragedy. The plot centers around a group of characters, primarily teenagers and young adults, navigating a world of violence, crime, and personal struggles.

The story begins with Vinny, a young man, interacting with his father and friends, setting a tone of rebellion and youthful defiance. The group is involved in criminal activities, including drug dealing and violence, which escalates into a tragic event: the rape and murder of Heather, Brenda's deaf sister. This act of violence sparks a chain of events as Brenda seeks revenge against Jake and his gang, who are responsible for the crime.

Brenda, driven by anger and a desire for justice, confronts Jake and his associates in a violent showdown. The story explores themes of revenge, loyalty, and the consequences of one's actions. The subtitles also include poetic and musical elements, which reflect the emotional depth and the darker undertones of the narrative.

Ultimately, the plot builds toward a climactic confrontation, highlighting the cycle of violence and the loss of innocence in a world where justice is often taken into one's own hands."
9259294,"**Summary of the Plot:**

The story begins with a prophecy from Zeus, foretelling the existence of the Golden Fleece, a divine treasure with the power to heal and bring peace. The fleece is hung on a tree at the end of the world, in the land of Colchis. Zeus reveals that Pelias, who seizes the throne of Thessaly by killing King Aristo, will eventually lose it to Jason, Aristo's son. This sets the stage for Jason's quest to reclaim his rightful throne.

Jason, now a man, assembles a crew of heroes, including Hercules, to sail on the ship Argo in search of the Golden Fleece. Guided by the goddess Hera, they face numerous challenges, such as encountering the bronze giant Talos on the Isle of Bronze and rescuing Phineas from tormenting Harpies. Phineas, in return, provides them with the route to Colchis.

Upon arriving in Colchis, Jason meets Medea, a priestess of Hecate, who aids him in obtaining the fleece. Medea's help comes at a cost, as she betrays her own people to assist Jason. Despite facing betrayal from Acastus, one of his own crew members, Jason successfully retrieves the fleece with Medea's help. They escape, but the story hints that Jason's adventures are far from over, as Zeus suggests continued challenges for him.

The narrative is a classic tale of heroism, divine intervention, and epic quests, rich with elements of Greek mythology, where mortals and gods intertwine in a struggle for power and destiny."
9357655,"**Plot Summary:**

The movie unfolds in a city gripped by terror as a series of brutal, ritualistic murders takes place. Young women are found mutilated, with organs removed, suggesting a pattern linked to an ancient cult. The police, led by Pete and Frank, struggle to find leads, but the killer always seems one step ahead, leaving no clues.

Dorothy Fremont hires Fuad Ramses, a mysterious caterer, to host an Egyptian-themed feast for her daughter Suzette, who is fascinated by Egyptian culture. Unbeknownst to Dorothy, Ramses is the killer, using the feast as a cover for his dark rituals.

As the investigation deepens, Pete discovers Ramses' true identity and his connection to the cult of Ishtar, an ancient deity requiring human sacrifices. The feast is revealed to be a front for these sacrifices, with Suzette as the intended final victim.

In a climactic showdown, Pete and the police intervene just as Ramses attempts to sacrifice Suzette. A chase ensues, resulting in Ramses' death. The film concludes with the police reflecting on the case, highlighting the ritualistic elements and the monstrous lengths to which Ramses went to revive the cult's dark practices.

The movie is a suspenseful tale of ritualistic horror, blending elements of mystery and ancient cultism, ultimately resolved by diligent police work and a connection to historical rituals."
9445383,"**Plot Summary:**

The story centers around Troy Hurtubise, a man driven by a life-altering encounter with a grizzly bear he calls the ""Old Man."" This meeting sparks an obsession, leading Troy to dedicate seven years to designing a protective suit to withstand grizzly attacks. The suit, a testament to his ingenuity and determination, is a result of extensive research and significant financial investment.

Troy's journey is marked by rigorous testing of his suit, facing physical challenges, and battling claustrophobia. His work is deeply personal, influenced by his complex relationship with his father and a desire to make him proud. The narrative delves into Troy's reflective moments, where he contemplates his childhood and the lessons learned from his father, which shape his mission.

The plot intensifies with a real-world bear attack, heightening the urgency of Troy's work. His team's efforts to track a specific bear add tension, showcasing their preparedness and the risks involved. Troy's internal struggles, including his fear of monotony and psychological scars, add depth to his character, highlighting his resilience and growth.

Ultimately, the story is a blend of personal drama, scientific endeavor, and introspection, with Troy's quest embodying both a literal pursuit of understanding bears and a metaphorical exploration of his inner world. The concluding reflection on the ""beast within"" underscores his ongoing struggle and the duality of his obsession."
9228958,"The subtitles appear to be from a movie titled *Sweet Hours* (Spanish: *Dulces Horas*), directed by Carlos Saura. The plot revolves around the complex and dysfunctional relationships within a family, particularly focusing on the protagonist, Juan, and his mother, Teresa. The story unfolds through a series of flashbacks, dialogues, and emotional revelations.

At the heart of the story is Teresa, a strong-willed and dominating woman who is deeply intertwined with her son Juan. Their relationship is marked by an unhealthy emotional dependence, which borders on incestuous undertones. Teresa's life is revealed through letters and memories, showing her marriage to Juan's father, who eventually abandons the family after embezzling money and living a life of luxury. Teresa, unable to cope with the abandonment and betrayal, takes her own life, involving Juan in her death in a way that leaves him guilt-ridden and emotionally scarred.

The narrative also explores broader themes of family secrets, forbidden love, and the lasting impact of past events on the present. The title *Sweet Hours* refers to a collection of letters and memories that Juan holds onto, which serve as a testament to his mother's life and their complicated bond. The story is a poignant exploration of love, loss, and the enduring influence of the past on the present.

The film also touches on historical and political undertones, with references to Spain's past, including the Civil War and the country's involvement in World War II through the Blue Division. These elements add depth to the story, reflecting the societal context that shapes the characters' lives.

Ultimately, *Sweet Hours* is a deeply emotional and psychological drama that delves into the complexities of human relationships and the lingering effects of trauma and love."
9212873,"**Movie Plot Summary:**

Set in the harsh winter of 1776, the film depicts the Continental Army's struggle for survival six months after declaring independence from Britain. Under General George Washington's leadership, the army is in a dire state, battered by British and Hessian forces, lacking supplies, and facing expiring enlistments. 

Faced with these challenges, Washington devises a bold plan to cross the icy Delaware River and launch a surprise attack on Hessian forces in Trenton. Despite opposition from General Horatio Gates, who deems the plan suicidal, Washington persists, recognizing the necessity of the mission to bolster morale and maintain unity.

The subtitles capture the meticulous preparation, the treacherous river crossing amidst ice and freezing conditions, and the subsequent attack. The Hessians, caught off guard, are defeated, marking a crucial victory for the Continental Army. 

Following the battle, Washington orders a return across the river, underscoring the understanding that this victory is merely the beginning of a long conflict. The film highlights Washington's resolute leadership and the strategic significance of the Trenton victory, which reignited hope and demonstrated the army's resilience, proving they were still a formidable force."
9241982,"The subtitles depict a charming and heartwarming story set in Chicago, focusing on the life of Andy Larkin, a young man working at Mr. Oberkugen's music store. The narrative begins with Andy reflecting on how much Chicago has changed over the years, contrasting the bustling modern city with his simpler past. He recalls his days as a hopeful young man living in a boarding house, his friendship with Hickey, and his interactions with his boss, Mr. Oberkugen, who is both eccentric and demanding.

Andy's life revolves around his job, his relationships with his coworkers (including Nellie, who has secretly been in love with Mr. Oberkugen for years), and his correspondence with a mysterious woman whose letters he cherishes. This woman, who writes about intellectual topics and shares his love for poetry, becomes the object of his affection. However, their first meeting in person is fraught with misunderstandings and awkwardness, as Andy mistakenly believes her to be someone else.

The story also delves into Andy's struggles with his job, particularly his clashes with Mr. Oberkugen, who fires him after a mishap involving a priceless Stradivarius violin. However, Andy is eventually rehired and even promoted to manager, showing his resilience and the complexity of his relationship with his former boss.

Throughout the subtitles, there are moments of humor, romance, and personal growth. Andy's interactions with his coworkers, particularly the fiery and independent Miss Fisher, add depth to the narrative. The story concludes on a hopeful note, with Andy and Miss Fisher realizing their feelings for each other and the music store experiencing a successful and joyous Christmas Eve.

Overall, the plot is a blend of workplace drama, romantic comedy, and heartfelt moments, highlighting the challenges and triumphs of Andy's journey as he navigates love, friendship, and career aspirations."
9315955,"The subtitles depict a suspenseful and disturbing plot involving the disappearance of Jennifer Tree, an actress and model, who is kidnapped after being drugged at a charity event at a club in Soho. She is held captive in a sealed, isolated location, possibly a house with a crawl space, by a stalker who has been obsessively monitoring her life. The captor, later revealed to be Benjamin Dexter, is a twisted individual who has invaded her privacy, stealing personal items from her apartment and using surveillance to control her.

Jennifer is joined by another captive, Gary, and the two attempt to escape and survive their ordeal. The captor's motivations seem to involve psychological manipulation, power, and obsession, as he records their interactions and toys with their fear. Jennifer and Gary's conversations reveal their desperation, fear, and attempts to outsmart their captor, while also hinting at a deeper psychological game being played.

Meanwhile, the police are investigating Jennifer's disappearance, interviewing potential suspects, including Benjamin Dexter, who works for Dexter's Catering. The subtitles suggest a tense and violent confrontation as Jennifer and Gary fight for their lives, with moments of intense fear, escape attempts, and a final resolution where Jennifer manages to kill her captors and escape.

The overall tone is dark, suspenseful, and unsettling, focusing on themes of isolation, control, and survival."
9252263,"The movie follows the collaboration between American filmmakers from the Mutual Film Company and the Mexican revolutionary Pancho Villa. The story begins with Frank Thayer, representing the company, negotiating with Villa to secure exclusive filming rights of his revolutionary activities. The deal involves a significant sum of gold and a percentage of profits, aiming to capture real battlefield footage, which could revolutionize cinema.

As filming progresses, tensions arise between Villa's desire for an authentic portrayal and the filmmakers' need to create a heroic narrative. Villa expresses dissatisfaction with the script, which he feels distorts his image and the revolution's true nature. Despite capturing intense battle scenes, the collaboration falters as Villa becomes increasingly disillusioned with the filmmakers' approach.

The film's climax depicts Villa's eventual assassination, leading to the suppression of his legacy. The movie made about him is lost to history, leaving only a footnote in the annals of cinema. The subtitles conclude by reflecting on Villa's enduring impact and the themes of media influence, revolution, and legacy, highlighting the clash between artistic vision and propaganda."
9299125,"The subtitles appear to be from a movie that combines elements of romance, comedy, and existential crisis, set against the backdrop of a potential nuclear catastrophe. The plot follows Harry Washello, a romantic but slightly awkward man who finally finds love with a woman named Julie. Their relationship is portrayed as a rare and meaningful connection, with Harry reflecting on the cosmic significance of their meeting.

However, the story takes a dramatic turn when Harry answers a phone call that appears to be from a missile silo operator named Chip, who frantically describes an impending nuclear attack. This leads to a series of chaotic events as Harry and Julie, along with a group of eccentric characters, attempt to escape Los Angeles and find safety. They try to secure a helicopter to reach an airport and potentially escape to a safer location, such as the South Pole.

Throughout the subtitles, there are moments of humor, such as Harry's awkward interactions and the absurdity of the situation, juxtaposed with the gravity of the nuclear threat. The story also touches on themes of love, fate, and the fragility of life, as the characters confront the possibility of their own mortality and the end of the world as they know it.

Ultimately, the plot builds toward a tense and emotional climax as the characters try to survive and find meaning in the face of an uncertain and potentially catastrophic future."
9260344,"The movie follows the story of Zack, a box boy at Super Club, a retail store, who navigates workplace dynamics, personal growth, and romantic interests. The plot centers around Zack's journey from being an underachiever to becoming a key player in the store's competitive environment. He faces challenges from Vince, the store's star cashier and frequent Employee of the Month, who embodies the cutthroat culture of the workplace. Zack's life changes with the arrival of Amy, a new cashier, who becomes a point of romantic interest for both Zack and Vince. 

As the story progresses, Zack finds himself in a heated competition with Vince for the Employee of the Month title, which Vince has won 17 times in a row. The competition culminates in a checkstand ring-off, where Zack's integrity and determination are tested. Ultimately, Vince is exposed for cheating, leading to Zack being declared the winner and earning the respect of his peers. The film explores themes of ambition, redemption, and the importance of staying true to oneself in the face of adversity."
9279349,"The movie follows the journey of a man named Devin, who becomes infatuated with former Secretary of State Condoleezza Rice. His quest to win her heart is quirky and determined, involving creating ""love discs"" (musical and visual expressions of his feelings) and enlisting the help of his friend Sebastian to document his efforts. 

Devin travels to significant locations in Rice's life, interviewing those who knew her, showcasing his extensive research and dedication. Despite facing challenges, including comedic mishaps like a disastrous serenade and serious setbacks like security barriers, Devin persists, driven by his romantic ideals.

The film contrasts Devin's romantic pursuit with the real-life complexities of Rice's career, touching on her political roles and the criticisms she faced. Ultimately, Devin's journey is not just about unrequited love but also about self-discovery and growth, as he learns to accept the reality of his situation and the choices Rice made in pursuit of power. 

The movie blends romantic comedy, drama, and political commentary, exploring themes of love, ambition, and the consequences of obsession."
9412046,
9298679,"**Plot Summary:**

In a tale of loyalty, betrayal, and intrigue, the story centers around Chamberlain Mutsuta, a wise leader accused of corruption within his clan. Superintendent Kikui, the true mastermind behind the corruption, manipulates events to frame Mutsuta, aiming to seize power. Mutsuta's nephew and loyal supporters embark on a mission to expose Kikui's deceit and rescue their leader from captivity.

Hanbei Muroto, known as Sanjuro Tsubaki, emerges as a pivotal yet enigmatic figure, offering his assistance to Mutsuta's supporters while maintaining an air of mystery. His unconventional methods and wisdom prove crucial in unraveling Kikui's schemes.

The narrative unfolds with strategic rescues, clever deceptions, and intense confrontations. Mutsuta's supporters devise a plan to outsmart Kikui, leading to a climactic showdown where Kikui's corruption is exposed, resulting in his downfall. Despite their victory, Muroto's departure suggests a wandering samurai's ethos, preferring freedom over confinement.

The story explores themes of honor, betrayal, and the triumph of integrity, highlighting the resilience of Mutsuta and his loyalists against corruption."
9277519,"The subtitles depict a film that revolves around themes of addiction, rehabilitation, and personal growth, set against a backdrop of dark humor and emotional drama. The story primarily follows Gwen, a troubled and flawed character who is navigating her way through a rehabilitation program. Gwen's journey is marked by her struggles with sobriety, her complicated relationships, and her inner turmoil.

The film also delves into Gwen's interactions with other characters, such as Jasper, who seems to be a significant figure in her life. Their relationship is complex, with moments of tenderness and conflict, as Gwen tries to reconcile her past mistakes with her desire for a better future. The dialogue often touches on themes of guilt, redemption, and the challenges of changing one's ways.

The rehab setting provides a unique environment where characters confront their addictions, share their stories, and grapple with the realities of recovery. The subtitles suggest a mix of intense emotional moments, humorous exchanges, and a sense of camaraderie among the patients as they navigate their shared struggles.

Overall, the film appears to be a character-driven exploration of addiction, personal responsibility, and the difficult but ultimately hopeful process of rebuilding one's life."
9271225,"The movie revolves around Bacia, a former commando haunted by a traumatic childhood event where his brothers and grandfather died from eating poisonous mushrooms. Driven by revenge, Bacia targets his former army comrades, leading to a series of tragic deaths. The plot intertwines a police investigation, personal family struggles, and a race against time to rescue Lena, a hostage caught in the crossfire. As Bacia's past and motivations unfold, the story explores themes of trauma, revenge, and redemption, blending action with emotional depth. The climax involves a tense confrontation aimed at resolving the conflict and bringing Bacia to justice."
9460880,"The movie delves into a complex exploration of trauma, memory, and identity, blending psychological drama with supernatural elements. Central to the plot are the themes of ghosts—both literal and metaphorical—representing the haunting presence of past traumas and unresolved experiences. These ghosts manifest in various forms, from internalized figures to technological apparitions, reflecting how the past continues to influence the present.

The narrative weaves through abstract and philosophical discussions, featuring characters like Pascal, who grapples with intellectual and supernatural challenges. The story touches on rituals, cults, and myths, such as the tale of rats embodying ancestral spirits, which symbolize collective guilt and societal fears. Sexual themes and power dynamics are also explored, highlighting how trauma can manifest in intimate relationships.

Technology plays a role in the film, with ghosts using electronic gadgets, indicating that even in a modern age, traditional beliefs persist. The use of technology, like the Sony Walkman, suggests a blend of modernity with the enduring presence of the past.

The film's structure is non-linear and experimental, with dream sequences and fragmented narratives mirroring the characters' chaotic mental states. Themes of identity and self-reflection are central, with characters struggling to cope with their inner demons and broader societal traumas.

Ultimately, the movie is an abstract exploration of how the past haunts the present, both individually and collectively. It examines the interplay between intimacy, vulnerability, and the enduring impact of memories and ideas, all while maintaining an unconventional and open-to-interpretation narrative style."
9455373,"**Plot Summary of ""The Only Son"" by Yasujiro Ozu**

""The Only Son"" is a poignant tale that explores themes of family, sacrifice, and the challenges of urban life. Set in early 20th-century Japan, the film follows the journey of a mother and her son, Ryosuke, as they navigate the complexities of education, ambition, and societal expectations.

The story begins in the rural town of Shinshu, where a devoted mother sacrifices her family's assets to fund Ryosuke's education in Tokyo. Encouraged by his teacher, Mr. Okubo, who emphasizes the importance of education for a better future, Ryosuke leaves his humble beginnings with high aspirations.

Years later, in Tokyo, Ryosuke is a night-school teacher, married to Sugiko, and father to a young son, Gi'ichi. Despite his efforts, Ryosuke feels unfulfilled and defeated by the harsh realities of city life, where his modest position and financial struggles weigh heavily on him. His mother's visit to Tokyo reveals the emotional tension between them, as Ryosuke grapples with feelings of failure and disappointment, while his mother, though supportive, harbors her own unspoken sorrows and sacrifices.

During her visit, the family faces a crisis when Gi'ichi is injured, leading to a heartwarming display of community support. This event underscores the kindness of others, contrasting with the family's struggles. The visit ultimately becomes a moment of reflection for both mother and son, highlighting the gap between their aspirations and reality.

In the end, Ryosuke decides to pursue further education, aiming to improve his family's circumstances. The film concludes with the mother returning to her village, finding solace in her pride for her son, whom she believes has become a great man. The narrative closes on a note of hope and resilience, emphasizing the enduring bonds of family and the pursuit of a better life.

Through its nuanced exploration of personal and societal challenges, ""The Only Son"" offers a powerful commentary on the sacrifices made for love and the enduring strength of familial ties."
9303944,"**Plot Summary:**

""Show People"" follows Peggy Pepper, a young actress from Georgia, and her journey in Hollywood. Accompanied by her father, Colonel Pepper, Peggy arrives in Hollywood determined to make a name for herself in the film industry. Despite initial struggles and humorous mishaps, Peggy catches the attention of the industry and transitions from slapstick comedy to dramatic roles. She adopts the persona of Patricia Pepoire, gaining fame and a refined image, which distances her from her humble beginnings and old friends, including Billy Boone, a fellow comedian.

As Peggy navigates her newfound success, she becomes engaged to Andre, a European count, and prepares for a high-society wedding. However, she experiences a crisis of identity and realizes the superficiality of her new life. During her wedding preparations, Peggy has an epiphany, recognizing the emptiness of her glamorous persona and the importance of staying true to herself. She reconciles with her roots in comedy and rekindles her relationship with Billy, embracing her authentic self and finding genuine happiness in her craft.

The film explores themes of identity, the allure and pitfalls of fame, and the importance of staying true to one's self, set against the vibrant backdrop of Hollywood's Golden Age."
9244278,"The subtitles appear to describe a tense and chaotic military scenario, likely from a war film. The plot revolves around a tank crew operating in a conflict zone, possibly Lebanon, as they navigate through dangerous missions, personal conflicts, and the psychological toll of war. The crew, led by a commander named Jamil, includes soldiers like Assi, Hertzel, Yigal, and Shmulik, who face challenges such as malfunctioning equipment, enemy fire, and moral dilemmas.

The story begins with the tank crew receiving orders to clear a bombed town, secure areas, and deal with hostile forces. Tensions rise as the crew argues over responsibilities, with Hertzel and Assi clashing over guard duties and leadership decisions. Yigal, the driver, expresses concern for his parents, highlighting the personal stakes for the soldiers.

As the mission progresses, the tank encounters mechanical issues, enemy fire, and civilian encounters, including a tragic incident involving a young girl caught in the crossfire. The crew also captures a Syrian prisoner, leading to further conflict with Phalangist forces who demand to take custody of him. The prisoners are threatened with violence, and the crew debates how to handle the situation.

The plot takes a darker turn as the crew faces increasing danger, including being surrounded by Syrian forces and struggling to maintain their tank's functionality. Personal stories and flashbacks reveal the emotional burdens of the soldiers, such as Yigal's fear of dying and Assi's reflections on his past.

Ultimately, the crew attempts to escape the conflict zone with the help of Phalangist allies, but they face continued setbacks, including a damaged tank and the psychological strain of being trapped in a war zone. The subtitles suggest a grim and intense narrative, focusing on the brutality of war and the personal costs borne by the soldiers."
9254372,"The movie follows the journey of a dedicated yet unorthodox police officer who navigates both professional and personal challenges. The story begins with a poetic introduction, setting a heroic tone, and quickly delves into the officer's high-stakes operation that successfully apprehends a criminal, Chu Tu, but at a significant cost, including collateral damage. This operation leads to internal conflict within the police force, as the officer's methods are criticized for being too aggressive, resulting in disciplinary action that reduces his responsibilities.

Despite this, the officer's skills are soon needed again when a serious accident occurs, showcasing his continued importance. His personal life is explored through his relationship with May, his girlfriend, who feels neglected due to his dedication to his job. This tension escalates when May is confronted by thugs, leading to the officer's resignation.

However, he is drawn back into action when a bomb threat escalates into a blackmail case. The plot intricately weaves police procedures, including evacuations and explosions, highlighting the officer's effective yet unconventional methods. A subplot involving a deaf-mute character adds depth as he aids in tracing explosives.

The climax intensifies with May's kidnapping, urging the officer to confront the kidnappers courageously. The movie concludes with the officer successfully rescuing May and defusing the situation, underscoring themes of sacrifice, duty, and the balance between heroism and protocol. The poetic conclusion reflects the officer's journey, emphasizing determination and the personal costs of heroism."
9430500,"**Plot Summary of ""A Private Function"" (1984):**

Set in 1947, against the backdrop of austerity in post-war Britain, ""A Private Function"" follows the story of Gilbert Chilvers, a chiropodist, and his wife Joyce, who are determined to climb the social ladder. The film is a satirical comedy that revolves around their quest to host a prestigious dinner for the town's elite, centered around a stolen pig, which becomes a symbol of their aspirations and the chaos that ensues.

The plot unfolds during a time of rationing and hardship, where the royal wedding offers a brief escape from the struggles of daily life. Gilbert and Joyce, driven by their desire to impress and gain status, decide to secure a pig, an illegal and luxurious commodity, to serve at a private function. Their plan leads them into a series of comedic misadventures, involving black market dealings, run-ins with authorities, and the challenges of keeping the pig a secret.

As the story progresses, the pig becomes a focal point of tension and farce, with Gilbert's reluctance to kill it and the messy consequences of keeping it hidden. The film also delves into the complexities of their relationships, particularly with Joyce's eccentric mother, who adds to the confusion and humor.

The climax sees Gilbert and Joyce narrowly avoiding exposure, managing to keep their secret safe, but not without highlighting the absurdity and hypocrisy of their social ambitions. The film concludes with a satirical commentary on post-war British society, contrasting the characters' pretensions with the idealized romance of the royal wedding.

Through its witty dialogue and absurd situations, ""A Private Function"" offers a humorous yet insightful critique of social class and the human condition in a time of scarcity and aspiration."
9282751,"The movie follows a group of characters, including Nick and Max, as they plan and execute a daring heist to steal a priceless scepter from the Montreal Customs House. The plot involves intricate details about security systems, blueprints, and avoiding detection, with the team facing challenges such as unexpected security measures and internal conflicts. Romantic tensions and personal stakes add depth to the story, particularly through Nick's relationship with Wanda, who expresses concerns about his criminal activities. The heist reaches its climax with the team navigating unexpected obstacles, including a security guard's discovery of their operation. The aftermath of the heist results in a massive manhunt, with one suspect identified and another evading capture, leaving the audience with the consequences of their actions."
9498464,"**Plot Summary:**

The film centers around Mickey and Mallory Knox, a deeply in love yet violently inclined couple who believe their actions are dictated by fate. Their story begins with a violent crime spree, driven by a twisted sense of purpose and love for each other. Their notoriety grows as they leave a trail of death and destruction, capturing the attention of the media, particularly Wayne Gale, a sensationalist journalist who interviews Mickey, further cementing their infamous status.

As their tale unfolds, Mickey and Mallory are captured and imprisoned, where they continue to defy authority and incite chaos. The narrative delves into their past, revealing the traumatic experiences that shaped them, such as Mallory's abusive upbringing. Despite their confinement, their love remains unyielding, and they eventually escape, reigniting their cycle of violence.

The film critiques the media's role in glorifying crime, as Wayne Gale's involvement blurs the lines between journalism and exploitation. Mickey and Mallory's story becomes a spectacle, highlighting the public's fascination with violence and celebrity.

Throughout their journey, the couple's bond is tested by their violent tendencies and the consequences of their actions. The film explores themes of love, redemption, and the cyclical nature of violence, questioning whether love can conquer even the darkest of impulses. Ultimately, Mickey and Mallory's tale is one of intense passion and relentless chaos, leaving a lasting impact on all they encounter."
9379694,"The subtitles appear to be from a Swedish film, likely a drama, that revolves around themes of love, guilt, betrayal, and redemption. The plot centers on a complex web of relationships and personal struggles, particularly involving a young woman named Kerstin Norback, who becomes embroiled in a tragic love affair and a subsequent shooting incident.

Key elements of the plot include:

1. **The Shooting and Trial**: Kerstin Norback is shot by her lover, Nils Asklund, a unemployed seaman, during a jealous fit. The incident leads to a trial where Nils is accused of attempted murder. Kerstin, however, takes responsibility for the affair and pleads for leniency, revealing that the shooting was accidental and born out of emotional turmoil.

2. **Kerstin's Escape and Identity**: After the trial, Kerstin leaves her hometown to escape the scandal and starts a new life in Stockholm under the assumed name ""Sara Nordana."" She works at a pharmacy called ""The Swan,"" symbolizing her attempt to leave her past behind.

3. **Romantic Entanglements**: In Stockholm, Sara becomes involved with Dr. Stefan von Bremen, a handsome and privileged doctor who is engaged to another woman, Asa. Stefan is drawn to Sara's mysterious and tragic past, and the two begin a passionate but doomed relationship.

4. **Media Intrusion**: A journalist, Willy Wilson, discovers Sara's true identity and plans to write a sensational story about her affair and the shooting. This threatens to expose her new life and forces her to confront her past once again.

5. **Personal Struggles and Redemption**: Throughout the film, Sara grapples with her guilt, loneliness, and the consequences of her actions. She also tries to help others, including Nils, who is released from prison and seeks her forgiveness. Ultimately, Sara and Stefan decide to leave together, hoping to escape their respective troubles and start anew.

6. **Themes and Symbolism**: The film explores themes of love, redemption, and the struggle for personal freedom. The title ""The Wounded Swan"" reflects Sara's resilience and the tragic, almost mythic quality of her story.

Overall, the film is a poignant exploration of human frailty, the power of love, and the enduring hope for redemption and escape."
9353233,
9234372,"The subtitles provided appear to be from the movie *The Brothers McMullen* (1995), a comedy-drama written and directed by Edward Burns. The plot revolves around three Irish Catholic brothers dealing with marriage, adultery, and their struggles with faith and identity.

Here's a summary of the plot based on the subtitles:

The story follows three brothers—Jack, Barry, and Patrick McMullen—as they navigate their personal and professional lives. Jack, the eldest, is a writer who feels disconnected from his wife, Sarah, and is tempted by an affair. Barry, the middle brother, is a charming but unfaithful husband whose wife, Audrey, discovers his infidelity. Patrick, the youngest, is a filmmaker struggling to find his place in the world and dealing with his own relationship issues.

The film explores themes of love, infidelity, and the challenges of maintaining relationships. Through a series of introspective and often humorous moments, the brothers confront their flaws and try to find redemption and meaning in their lives. The subtitles suggest a mix of witty dialogue, emotional conflicts, and the brothers' journey toward self-discovery and reconciliation.

The movie is known for its raw, realistic portrayal of relationships and its exploration of Catholic guilt and identity. It received critical acclaim for its original screenplay and relatable character dynamics."
9196340,"The subtitles provided appear to be from a crime drama film involving police corruption, drug trafficking, and personal redemption. Here's a summary of the plot based on the subtitles:

---

The story revolves around a complex web of drug trafficking, law enforcement corruption, and personal struggles within a police officer's family. The plot begins with a tense scene in a nightclub, where a group of criminals, including a woman named Maria, are involved in a drug deal gone wrong. The criminals are negotiating the exchange of heroin, worth $10 million, but the situation escalates when one of them discovers an undercover cop. The criminals demand that Maria cough up additional ""balloons"" (likely containing drugs), leading to a violent confrontation.

The story shifts to a police investigation led by Captain Bill Peterson, who is dealing with the murder of one of his undercover officers, Frank Fields. The DEA, led by John Bagwell, reveals that a massive shipment of heroin, worth $50 million, is set to arrive in the city. Bagwell convinces Peterson to allow the shipment to go through, hoping to track it and uncover the U.S. connection. However, tensions rise as Peterson becomes increasingly frustrated with Bagwell's secretive and unorthodox methods.

Meanwhile, the personal life of Jake Peterson, a police officer and Bill's son, is in turmoil. His marriage to Rebecca is on the brink of collapse due to his dedication to his job, which often puts him at odds with his family. Despite his efforts to reconcile, Rebecca considers divorce, fearing for her safety and that of their daughter, Kaylin, after a series of violent incidents.

The plot takes a dark turn when Rebecca is kidnapped by the drug traffickers, who demand that Jake hand over the heroin shipment in exchange for her safe return. Jake and his partner, Paulie, work to rescue Rebecca while navigating the corrupt web of alliances between law enforcement and the drug cartel. The story builds toward a climactic confrontation involving a shootout, an explosion, and the eventual takedown of the drug lord, Julian Disanto.

In the end, Jake rescues Rebecca, but not before confronting the deeper corruption within the police force, including the revelation that John Bagwell was secretly working with Disanto. The film concludes with a sense of closure for Jake and his family, but also reflects on the sacrifices and moral compromises made by law enforcement officers in the line of duty.

---

The movie explores themes of loyalty, betrayal, and the personal costs of police work, blending action, suspense, and emotional drama."
9503045,"The subtitles describe a fast-paced, action-packed thriller involving conspiracy, environmental themes, and high-stakes negotiation. The plot centers around Frank Martin, a skilled but principled transporter, who becomes entangled in a dangerous mission involving a young woman named Valentina and her father, a government minister. Valentina is kidnapped by a shadowy organization led by a man named Johnson, who is using her as leverage to force her father to sign contracts related to the disposal of toxic waste.

Frank, known for his strict no-attachment policy, agrees to help Valentina escape, navigating a web of betrayal, car chases, and explosions. The duo faces numerous challenges, including exploding bracelets that keep them tethered to a car and relentless pursuers. Along the way, Frank's professionalism is tested as he forms a bond with Valentina, who proves to be resourceful and determined.

The story also delves into themes of environmental corruption, as Johnson and his cohorts seek to exploit loopholes in environmental regulations for profit. Frank and Valentina's mission becomes not only about survival but also about exposing the truth and preventing an environmental disaster.

In the end, Frank confronts Johnson in a tense showdown, ultimately outsmarting him and ensuring the contracts are not signed. The story concludes with Frank and Valentina sharing a moment of camaraderie, hinting at a deeper connection formed during their ordeal. The subtitles suggest a mix of action, suspense, and character-driven drama, with Frank Martin at the center, navigating a complex and dangerous world while adhering to his own code of honor."
9349560,"The subtitles depict a complex and emotionally charged story centered around the wrongful eviction of Kathy Nicolo from her family home due to a tax error. The house is purchased by Colonel Massoud Amir Behrani, an immigrant and former Iranian military officer, who sees the property as an opportunity to improve his family's financial standing. Despite Kathy's efforts to reclaim her home, Behrani refuses to sell it back, driven by a mix of pride, necessity, and a desire to secure a better future for his family.

The narrative explores themes of displacement, cultural clashes, and the struggles of the working class. Kathy's desperation to regain her home leads to tense confrontations with Behrani, who is equally determined to hold onto the property. Meanwhile, Deputy Lester Burdon, a complex character grappling with personal issues, becomes entangled in the conflict, attempting to mediate but ultimately exacerbating the situation.

As the story unfolds, the tension escalates, culminating in a tragic confrontation. The subtitles suggest a deeply human and often heartbreaking exploration of loss, resilience, and the consequences of one's choices. Ultimately, the story highlights the fragility of life and the enduring impact of one's actions on others."
9437419,"The subtitles provided are entirely composed of sound effects and musical cues, with no audible dialogue or explicit narrative content. The sounds suggest a dynamic and chaotic sequence of events, likely part of a film or animation that relies heavily on visual and auditory storytelling rather than dialogue. 

The soundscape includes a wide range of elements, such as gongs, clanging, drumrolls, slide whistles, cash register sounds, and various musical genres like tango, samba, and Dixieland jazz. These sounds create a sense of rhythm, tension, and playfulness, potentially indicating a film that blends comedy, action, and surrealism. 

The plot appears to involve a series of disjointed yet interconnected scenes, possibly following a character or group of characters through a series of misadventures, challenges, or transformative events. The frequent use of discordant drumbeats and crashing cymbals suggests moments of conflict or chaos, while the whimsical drumbeats and slide whistles hint at lighter, more humorous moments.

Ultimately, the lack of dialogue makes the exact plot difficult to discern, but the sounds suggest a film that is highly stylized, visually driven, and reliant on auditory cues to convey emotion and narrative."
9510006,"**Title: Life on the Line**

**Plot Summary:**

""Life on the Line"" is a gripping thriller that delves into the dark underbelly of reality television and the supernatural. The story centers around a controversial TV show where contestants face near-death experiences for a chance to win a substantial cash prize. The show's director, Lok Chun, is determined to boost ratings, even if it means pushing the boundaries of morality and safety.

The plot thickens with the murder of Fu Wing-sze, a young woman who was eight months pregnant. Her baby miraculously survives, and the investigation reveals her connection to the show's network. As the police delve deeper, they uncover a web of secrets involving the show's participants and crew, including Chan Kwok-fai, a make-up artist with a mysterious past, and Au-yeung Wai-bong, a key figure in the show who becomes entangled in the mystery.

The climax of the film occurs during a live broadcast of the show, where Au-yeung faces a deadly challenge. In a shocking twist, Fu Wing-sze's ghost appears, seeking vengeance and revealing the truth about her death and the baby's parentage. Lok Chun's actions are pivotal in resolving the conflict, leading to a dramatic confrontation that exposes the exploitation and deceit behind the show.

The film explores themes of desperation, the exploitation of reality TV, and the consequences of playing with death. It weaves together elements of suspense, mystery, and the supernatural, culminating in a thrilling resolution that highlights the emotional toll on the characters and their families."
9501605,"The movie ""Battle Royale"" is set in a dystopian Japan where society is in crisis, with high unemployment, student boycotts, and rising crime rates. In response, the government enacts the Millennium Educational Reform Act, known as the BR Act, which forces a class of ninth-grade students to participate in a deadly game called Battle Royale. The story follows Shuya Nanahara, a student with a troubled past, and his classmates as they are taken to an uninhabited island and forced to fight each other until only one survivor remains.

The students are given random weapons and wear explosive necklaces that monitor their movements and can detonate if they enter forbidden zones. The subtitles detail the intense struggles, alliances, and betrayals among the students, highlighting their emotional and psychological turmoil. Key characters include transfer students Kawada and Kiriyama, who bring their own mysterious pasts and motivations into the game.

Throughout the story, themes of survival, trust, and societal critique are explored. The narrative focuses on the relationships between characters, particularly the bond between Shuya and Noriko, who try to survive together despite the odds. Kawada, a survivor of a previous Battle Royale, plays a crucial role, revealing a hidden agenda and a connection to a past love, Keiko, whose smile becomes a symbolic element of hope and redemption.

In the climax, Kawada emerges as the winner, but the story takes a twist as Shuya and Noriko escape the island, hinting at a possible hacking of the system that disabled the explosive necklaces. The ending is bittersweet, reflecting on the trauma and loss experienced, while also offering a glimmer of hope for the survivors. The movie concludes with Shuya and Noriko setting sail, determined to move forward despite the horrors they've endured."
9428269,"**Plot Summary:**

The movie follows Jody Shaffell, a young mother, as she navigates a contentious custody battle over her son, Zachary, with her mother, Nancy. The conflict begins when Nancy, disapproving of Jody's lifestyle, especially her relationship with her partner Maggie, contests custody. 

The story opens with Jody giving birth to Zachary, where the tension between Jody, her ex-partner Keith, and Nancy is already palpable. Post-birth, the family dynamics deteriorate, with Nancy seeking full custody, arguing that Jody's lesbian relationship makes her unfit as a parent.

As the legal battle escalates, Jody and Maggie face societal and familial opposition, with the court initially ruling in Nancy's favor, citing Jody's lifestyle as unsuitable. Despite this setback, Jody decides to appeal, determined to regain custody of her son.

The film delves into themes of motherhood, identity, and the systemic challenges faced by same-sex parents. It portrays Jody's resilience and determination to fight for her child, highlighting the emotional and legal struggles she endures. The plot concludes with the legal battle ongoing, leaving Jody hopeful yet aware of the daunting challenges ahead as she strives to reunite with Zachary."
9404192,"The subtitles describe the plot of the 1973 film *The Spook Who Sat by the Door*, a groundbreaking and controversial movie about Black empowerment and resistance. The story centers around Dan Freeman, a highly intelligent and capable Black man who becomes the first African American to join the Central Intelligence Agency (CIA). Freeman excels in his training, earning the respect of his peers and the suspicion of his white superiors, who underestimate his ambitions and loyalty.

Freeman eventually becomes disillusioned with the CIA's racism and decides to leave. He returns to his hometown of Chicago, where he begins working with a local gang called the Cobras. Using the skills he learned from the CIA, Freeman trains the Cobras in guerrilla warfare, transforming them into a disciplined and formidable force. The group's ultimate goal is to create a Black liberation movement, using tactics such as sabotage, harassment, and direct confrontation with the oppressive systems that have marginalized their community.

As the story progresses, Freeman and the Cobras face increasing opposition from both the police and the National Guard, who are deployed to quell the growing uprising. The film explores themes of race, identity, betrayal, and the struggle for freedom, highlighting the tension between Freeman's personal ambitions and his commitment to his people. The plot builds toward a tragic confrontation, as Freeman's former colleague, Dawson, a Black police officer, is tasked with capturing him. The film ends with Freeman's death at the hands of Dawson, symbolizing the broader struggle of Black individuals caught between loyalty to their community and the oppressive systems they serve.

The subtitles also touch on the broader societal context, including police brutality, systemic racism, and the exploitation of Black labor. The film is a powerful commentary on the limitations of integration and the need for radical action to achieve true liberation."
9476540,"**Plot Summary:**

The story revolves around Samson, a lion living in a zoo, and his son Ryan. Samson often regales Ryan with tales of his supposed wild adventures, but Ryan grows tired of these stories, feeling they are exaggerated. Ryan expresses a desire to experience the wild himself, believing it will help him learn to roar properly, something he struggles with.

When Ryan is taken away by mysterious green boxes, Samson embarks on a rescue mission. Alongside his friends Benny, Bridget, and Larry, Samson navigates through the city, facing various comedic obstacles like aggressive dogs and alligators. Their journey leads them to a group of wildebeests, now acting as predators under the leadership of Kazar, who seeks to invert the food chain.

Samson's past is revealed: he was never truly from the wild but had been hiding this fact. In a climactic confrontation, Samson and Ryan use their instincts and teamwork to outwit Kazar and his followers. Samson finally finds his authentic roar, saving Ryan and his friends. The story concludes with Samson and Ryan escaping, their bond strengthened, and a newfound appreciation for each other's strengths and vulnerabilities. The tale ends on a hopeful note, highlighting their growth and the true meaning of being wild."
9494356,"The movie appears to revolve around themes of family, redemption, and personal growth, set against the backdrop of New Orleans. The story centers on the complex relationships between the characters, particularly focusing on Bobby Long, a troubled but charismatic figure, and Purslane Hominy Will, the daughter of Lorraine, a woman who was significant to Bobby and others in the story.

Lorraine's death serves as a catalyst for the events of the film, bringing Purslane into the lives of Bobby and his friend Lawson. The two men, who have been living in Lorraine's house, take Purslane in, but their relationship with her is fraught with tension, as well as moments of tenderness and mutual growth. Throughout the story, Bobby's past mistakes and his flawed character are explored, including his relationship with Lorraine and his failure to connect with his own children.

Purslane, meanwhile, is on a journey of self-discovery, navigating her feelings about her mother, her identity, and her future. She begins to form a bond with Bobby, who becomes a surrogate father figure to her, despite his many shortcomings. The story also delves into themes of love, loss, and the power of stories and literature to shape and redeem us.

Ultimately, the film seems to suggest that redemption is possible, even for those who have made significant mistakes. Bobby, Lawson, and Purslane all undergo some form of transformation, learning to confront their pasts and embrace the present. The film ends on a hopeful note, with Purslane graduating and the characters finding a sense of closure and new beginnings."
9189298,"**Plot Summary:**

The movie follows Julie, a teenager forced to move to Oregon with her family after her father loses his job. Struggling to adapt to her new life, she finds solace in a local legend about the Tillamook treasure, tied to an Indian story of a buried treasure guarded by a slave's ghost. Julie's quest to find the treasure becomes an escape from her family's financial and emotional struggles.

As Julie delves deeper, she faces setbacks and rival treasure hunters, but with the guidance of Standing Elk, a Native American elder, she embarks on a vision quest. Her journey leads to the discovery of the treasure, but not before her father suffers an accident while searching for her. The incident brings the family closer, and Julie realizes that the true treasure was the bond and resilience of her family. The film concludes with Julie at peace, while others continue their futile search, highlighting that the greatest treasures are often found within."
9330933,"**Plot Summary:**

The story revolves around Paul and Jeanne Bellmer, a grieving couple whose son, Joshua, was lost in a tsunami. Convinced that Joshua might still be alive, they embark on a perilous journey to find him, driven by Jeanne's unyielding hope. Their search leads them to Phuket and eventually into Burma, where they encounter Thaksin Gao, a figure implicated in human trafficking, particularly of white children.

As they navigate the treacherous landscape, they meet Kimberly Park, an aid worker who reveals the harsh realities of smuggling through Triad connections. The couple faces numerous challenges, including deceitful individuals who exploit their desperation, offering them children who are not their son.

Tension mounts as Paul struggles to accept the possibility that Joshua may be dead, while Jeanne's determination never wavers. Their quest becomes increasingly dangerous, leading them deeper into Burma, where they are betrayed and left stranded. The story culminates in a tragic outcome, with the couple separated and facing the harsh reality of their loss amidst the chaos and despair of their surroundings.

Central themes include the profound impact of loss, the enduring power of parental love, and the resilience of hope in the face of adversity. The setting, post-tsunami, adds a layer of real-world urgency and emotional depth to their desperate search."
9382574,"The movie follows Dwayne Bradley, a young man staying in a hotel in New York, as he navigates a dark and mysterious past. Dwayne is revealed to be a former conjoined twin, separated from his deformed brother Belial, who was left for dead after a traumatic surgery. The story unfolds with Dwayne's interactions with a woman named Josephine and his visits to doctors connected to his past, leading to a series of murders. The plot thickens as Dwayne is questioned by police about a murder in the hotel, while flashbacks reveal the disturbing details of his separation from Belial and the psychological toll it has taken on him. The film builds towards a tragic confrontation, as Dwayne's past catches up with him, leading to the deaths of those close to him, including Josephine, and ultimately to Dwayne's breakdown. The movie explores themes of identity, trauma, and the haunting consequences of past actions."
9495049,"The movie follows the emotional and tense journey of a father, Joe, desperately searching for his six-year-old daughter, Sophie, who was abducted at a bus station. The story is interspersed with the narrative of another character, William Keane, a troubled man who becomes involved with a single mother, Lynn, and her daughter, Kira, while they are struggling to get back on their feet. As William's past is slowly revealed, it becomes clear that he is haunted by personal demons and may be connected to Sophie's disappearance. The film builds tension as William's true intentions are called into question, leaving the audience wondering if he is a savior or a threat to those around him. The plot explores themes of loss, redemption, and the complexities of human behavior, culminating in a dramatic confrontation that ties together the fates of the characters."
9361417,"The subtitles depict the story of Charlie Anderson, a stubborn and principled farmer in Virginia during the American Civil War, and his family. Charlie is a man of strong convictions, refusing to take sides in the war and focusing instead on protecting his family and farm. He believes in self-reliance and has instilled these values in his children, teaching them to speak their minds and stand by their principles.

The story explores themes of duty, family, and the moral complexities of war. Charlie's sons are torn between their loyalty to their father and their sense of duty to Virginia, as the war encroaches on their land. Charlie's youngest son, referred to as ""the Boy,"" is eventually taken by Union soldiers, prompting Charlie to embark on a dangerous journey to rescue him. Along the way, he confronts the harsh realities of the war and the moral ambiguities of those involved in it.

The plot also delves into the personal losses and tragedies that the Anderson family endures. Charlie's eldest son, Paul, is killed in battle, and another son, James, dies under tragic circumstances. The war takes a toll on the family, forcing them to confront the consequences of conflict and the fragility of life. Despite the devastation, the family clings to their faith and the strength of their relationships.

Ultimately, the story is a poignant exploration of the human cost of war and the enduring power of love, family, and resilience in the face of overwhelming adversity."
9252286,
9295541,"The movie follows the discovery of an ancient Egyptian artifact known as the Stargate, a device capable of interstellar travel. Dr. Daniel Jackson, an expert in ancient languages, is recruited by the military, led by Colonel Jack O'Neil and General West, to decipher the hieroglyphs on the Stargate. The team uncovers that the symbols form a map, leading to a distant planet where they encounter an alien culture heavily influenced by Egyptian mythology, ruled by the tyrannical Ra.

On the alien planet, Jackson and the team discover that Ra, an ancient being, has enslaved the local population and uses the Stargate to sustain his power. The team faces various challenges, including hostile creatures and the oppressive regime. Jackson's knowledge of ancient Egyptian dialects helps him communicate with the locals, inspiring a rebellion against Ra's rule.

As tensions escalate, Ra plans to send a bomb back to Earth through the Stargate, which would cause catastrophic destruction. The team races against time to disarm the bomb and prevent this disaster. The story culminates in a climactic showdown, with Jackson and the rebels successfully thwarting Ra's plans and escaping through the Stargate.

The plot intertwines academic discovery, military action, and rebellion, exploring themes of ancient mysteries, power struggles, and the clash between knowledge and authority."
9201013,
9223070,"**Plot Summary:**

The movie revolves around the lives of three friends—Sheriff, Tony, and Lewis—who meet by chance in Malaysia and spend five weeks living a carefree, party-filled life. Their adventure takes a dark turn when they encounter rhino horn, an aphrodisiac, leading to Lewis's arrest for hash possession. 

Two years later, Beth, Lewis's sister, informs Sheriff and Tony that Lewis faces the death penalty. She pleads with them to return to Malaysia and accept responsibility, which could reduce Lewis's sentence. Both men are torn between their loyalty to Lewis and the risk of imprisonment.

Sheriff eventually decides to return, driven by guilt and a sense of responsibility. However, it's too late; Lewis is executed. The film ends tragically with Sheriff grappling with regret and Beth taking her brother's body home, highlighting themes of friendship, moral conflict, and the consequences of drug use."
9389082,"The movie follows the story of Master Sergeant Cody Cullen, a soldier who is deeply touched by a Christmas card sent by Faith Spelman, a kind-hearted woman from Nevada City. The card, part of a church initiative to support troops overseas, becomes a lifeline for Cullen during his time in service. After being injured and encouraged to take leave, Cullen finds himself in Nevada City, where he is warmly welcomed by Faith and her family, including her parents, Rosie and Luke Spelman.

As Cullen integrates into the close-knit community, he helps out at the family's lumber mill and forms a strong bond with the Spelmans. He also develops feelings for Faith, who is engaged to a long-distance boyfriend, Paul, an international wine broker. Despite the growing connection between Cullen and Faith, she ultimately decides to stay committed to Paul, leading to an emotional but respectful resolution.

The story explores themes of gratitude, family, and the sacrifices of military life, while highlighting the warmth and generosity of the Nevada City community. Cullen's time with the Spelmans becomes a transformative experience, leaving a lasting impact on both him and the family. Ultimately, Cullen departs, leaving behind a heartfelt gift and a reminder of the love and support he received during his stay."
9237964,"The movie revolves around the uncovering of a supposed KGB network, Omega, operating within the United States. The plot centers on Lawrence Fassett, a CIA operative, who recruits John Tanner, a journalist, to help dismantle this network. Tanner is tasked with infiltrating and exposing his friends—Joseph Car done, Richard Tremayne, and Bernie Osterman—who are allegedly involved in illegal activities. 

As the story unfolds, Tanner is shown evidence implicating his friends in espionage, but he remains skeptical, leading to a series of tense confrontations. The narrative is filled with suspense, including chases, kidnappings, and explosions, which heighten the thriller aspect.

A significant twist emerges when it is revealed that Fassett may have fabricated the Omega operation to frame Maxwell Danforth, the CIA director, for political gain. The climax occurs on a live television broadcast where Tanner confronts Danforth, exposing the truth and highlighting themes of deception, power, and betrayal.

Ultimately, the film explores the moral dilemmas of its characters, the corrupting influence of power, and the blurred lines between truth and lies in the world of espionage and politics."
9222209,"**Title: One Day**

**Plot Summary:**

""One Day"" is a poignant and intimate tale that follows the complex and enduring friendship between Emma Morley and Dexter Mayhew over nearly two decades. The story begins at a pivotal moment in their lives—graduation day, where the seeds of their connection are sown. Emma, an aspiring writer with a passion for changing the world, and Dexter, a charming but somewhat aimless soul, share a deep bond that transcends time and circumstance.

As the years unfold, the narrative revisits Emma and Dexter on July 15th, Saint Swithin's Day, each year. Through these annual snapshots, the film captures their individual journeys: Emma's struggles to find her place in the world, her unfulfilling job at a Tex-Mex restaurant, and her eventual success as a writer; Dexter's rise to fame as a television presenter, his tumultuous relationships, and his later introspection on life and love.

Their paths cross and recross, marked by moments of vulnerability, humor, and introspection. Despite their mutual attraction, they navigate other relationships—Emma with Ian, a struggling comedian, and Dexter with Sylvie, a poised woman who brings stability into his life. Yet, the connection between them remains a constant, a testament to their deep affection and understanding.

The film explores themes of love, loss, and self-discovery, highlighting the complexities of growing up and the choices that shape who we become. Through the lens of their friendship, ""One Day"" offers a bittersweet reflection on the passage of time and the enduring power of true connection.

Ultimately, ""One Day"" is a celebration of the resilience of the human spirit and the transformative power of love and friendship, reminding us that even as life takes us in different directions, some bonds remain unbreakable."
9444878,"The subtitles appear to be from the 1972 film *The Candidate*, directed by Michael Ritchie, which follows the political campaign of Bill McKay (played by Robert Redford), a young lawyer who runs for the U.S. Senate in California. The story explores the challenges of political campaigning, the compromises required to win, and the tension between idealism and pragmatism.

The plot centers on Bill McKay, who is recruited by Democratic party leaders to run against the incumbent Republican Senator, Crocker Jarmon. Despite initial skepticism and a lack of political experience, McKay agrees to run, believing he can bring a fresh perspective and honesty to the campaign. His campaign starts as a grassroots effort focused on issues like poverty, pollution, and social inequality, but it gradually becomes more polished and strategic under the influence of his campaign team.

As the campaign progresses, McKay gains momentum, and his team works to shape his image and messaging through television ads, speeches, and public appearances. Despite his initial reluctance, McKay becomes more comfortable with the political process, but he begins to lose touch with his original ideals. The film culminates in a debate between McKay and Jarmon, followed by election day, where McKay wins a surprising victory.

The ending is ambiguous, leaving the audience to wonder whether McKay's victory will lead to meaningful change or if he will become entrenched in the political establishment. The film is a commentary on the nature of politics, the power of media, and the challenges of maintaining personal integrity in the pursuit of public office."
9406380,"The plot of the movie revolves around the complex and tumultuous life of a woman named Begonia, who is struggling with her identity, relationships, and inner demons. The story is told through a series of fragmented and introspective scenes, which reveal her emotional struggles, her fraught family dynamics, and her promiscuous lifestyle.

Begonia is portrayed as a mysterious and conflicted character, who is dissatisfied with her life and seeks recognition and connection. She is haunted by her past, including a traumatic sexual experience and a complicated relationship with her family. Her diary entries and interactions with others suggest a deep sense of alienation and a desire for meaning.

Throughout the movie, Begonia interacts with a variety of men, including Elio and Daniel, who represent different aspects of her emotional and sexual life. Her relationships are often intense and volatile, reflecting her inner turmoil and her difficulty in forming genuine connections.

A key element of the plot is the introduction of a device called ""Owl,"" which is capable of recording and translating speech. Begonia uses this device as a confidant, reflecting her growing self-awareness and her attempt to make sense of her chaotic life.

The story also touches on themes of family, loyalty, and redemption. Begonia's family is portrayed as dysfunctional, with secrets and lies that have shaped her psyche. Her interactions with her siblings and parents reveal a deep sense of betrayal and misunderstanding.

Ultimately, the movie seems to suggest that Begonia is on a journey of self-discovery, though it is unclear whether she will find redemption or continue down a path of destruction. The final scenes suggest a possible transformation, as Begonia marries Daniel and begins a new chapter in her life, though the outcome remains ambiguous.

Overall, the movie is a character-driven exploration of Begonia's inner world, her struggles with love, identity, and trauma, and her attempts to find meaning in a chaotic and often painful life."
9254255,"The plot of *Port of Shadows* revolves around a doomed romance set against a backdrop of crime and moral ambiguity in the foggy port city of Le Havre. The story centers on Jean, a disillusioned soldier on the run, and Nelly, a young woman trapped in a life of exploitation under the control of her corrupt guardian, Zabel. The two meet by chance and form a deep emotional connection, but their happiness is short-lived.

As Jean and Nelly navigate their feelings for each other, they are ensnared in a web of secrets and danger. Zabel, who is involved in criminal activities, discovers Jean's true identity and threatens to expose him unless he agrees to commit a murder. Meanwhile, the death of Maurice, a man connected to Nelly's past, adds to the tension, with suspicion falling on both Jean and Lucien, a troubled acquaintance of Nelly's.

The film builds toward a tragic conclusion as Jean prepares to escape the country on a ship bound for Venezuela. However, his plans are interrupted when he returns to see Nelly one last time. In a desperate confrontation, Jean is fatally wounded while trying to protect Nelly from Zabel's violence. As Jean dies in her arms, Nelly is left alone to face an uncertain future, haunted by the memory of their brief, intense love.

The film explores themes of love, sacrifice, and the inevitability of fate, capturing the melancholic and poetic tone of French film noir."
9368617,"**Summary of the Plot:**

The movie follows the complex and often strained relationship between a mother, Dr. Tess Coleman, and her teenage daughter, Anna. The story begins with typical familial conflicts, showcasing their differing personalities and generational gaps. Anna, a spirited teenager, struggles with her mother's strict rules and lack of understanding, particularly regarding her passion for music and her crush on a boy named Jake. Dr. Coleman, a therapist, is portrayed as controlling and career-focused, which creates tension between the two.

The plot takes a magical turn when Tess and Anna switch bodies after an encounter at a Chinese restaurant. This body-swapping forces them to navigate each other's lives: Tess, in Anna's body, must confront high school challenges, while Anna, in Tess's body, deals with adult responsibilities. Through these experiences, both characters gain deeper insights into each other's struggles and emotions.

As they try to reverse the switch, they face various obstacles, including school exams, family conflicts, and personal growth. Tess, in Anna's body, learns to embrace her daughter's individuality and passions, while Anna, in Tess's body, gains an appreciation for her mother's complexities and strengths. The story reaches a climax when Tess, still in Anna's body, delivers an impassioned speech on a TV show, advocating for self-expression and breaking free from societal expectations.

Ultimately, the mother-daughter duo learns the value of empathy and understanding. They switch back to their original bodies, and their relationship is transformed. The film concludes with a heartwarming moment of reconciliation, as they both apologize and express their love for each other. The movie ends on a hopeful note, emphasizing themes of identity, family, and the transformative power of selfless love."
9209499,"**Miracle in Milan: A Tale of Hope and Community**

In the heart of a bustling city, ""Miracle in Milan"" unfolds as a poignant narrative of resilience and hope. The story begins with a young boy's innocent curiosity, setting the tone for a journey through the lives of a community facing adversity. The protagonist, a kind-hearted individual, encounters various struggles, including unemployment and homelessness, yet finds solace in the kindness of strangers.

The community, a vibrant yet impoverished group, comes together in a shantytown, where daily life is marked by both hardship and camaraderie. Their existence is disrupted by Mr. Mobbi, a wealthy figure intent on evicting them. This conflict escalates into a broader struggle, with the community asserting their right to dignity and shelter.

A pivotal moment arrives with a lottery win, symbolizing hope and fleeting joy. The community's resilience is further tested as they confront Mr. Mobbi, leading to a dramatic showdown. In a surprising twist, a character named Toto emerges, possessing miraculous abilities that bring both wonder and chaos, fulfilling wishes and inspiring the community.

Ultimately, the film concludes on a hopeful note, emphasizing the power of solidarity and the transformative impact of kindness and magic. Through its exploration of poverty, oppression, and collective action, ""Miracle in Milan"" offers a heartfelt testament to the human spirit's capacity to overcome adversity."
9229346,"**The Secret Life of Bees: A Journey of Self-Discovery and Healing**

In the heartwarming and poignant tale of *The Secret Life of Bees*, we follow the journey of Lily Owens, a young girl grappling with a traumatic past and a strained relationship with her father, T. Ray. Set against the backdrop of the Civil Rights era in 1964, the story unfolds with Lily's revelation that she inadvertently caused her mother's death at the age of four, a burden she carries deeply.

As racial tensions rise, Lily's companion, Rosaleen, faces imprisonment after a confrontation with a local man, prompting their escape to a new life. They find refuge with the Boatwright sisters—August, June, and May—who live a life centered around beekeeping. The sisters embody a world of resilience and love, offering Lily a sense of belonging she has longed for.

May's emotional struggles, manifested through her ritual of writing on paper and placing it in a wall, highlight the theme of coping with grief. The story takes a tragic turn with May's suicide, underscoring the depth of her pain and the impact on those around her.

Lily's journey is also one of discovery about her mother, Deborah, whose past with T. Ray is slowly unveiled. August's connection to Deborah adds layers of family history and redemption, showing that love can transcend time and circumstance.

The narrative explores themes of family, both biological and chosen, and the healing power of love. The bees symbolize community and resilience, reflecting the strength found in human connection. Ultimately, Lily confronts her past and chooses a life with the Boatwrights, opting for a supportive family over a dysfunctional one.

Through its rich tapestry of characters and themes, *The Secret Life of Bees* is a testament to the power of love and forgiveness, illustrating that even in darkness, healing and hope are possible."
9193134,"The movie follows the life of Caroline Bender, a young woman navigating her career and personal relationships in New York City. Starting her first job, Caroline quickly learns the challenges of office politics and the complexities of her colleagues' lives. Her journey intertwines with those of her coworkers, including Gregg, an actress struggling with love and identity, and April, who faces her own romantic dilemmas. Caroline's ambition and independence are tested as she deals with her fiancé Eddie, who ultimately reveals he is married and unwilling to commit fully to her. 

The film explores themes of love, ambition, and self-discovery, set against the backdrop of 1950s New York. It delves into the struggles of women balancing careers and personal lives, highlighting their resilience and the societal constraints they face. Tragedy strikes with Gregg's untimely death, which deeply affects Caroline, prompting her to reflect on her own choices and aspirations. The movie concludes with Caroline contemplating her future, embodying the bittersweet reality of pursuing romance and career in a rapidly changing world."
9289005,"The subtitles depict a tense and dramatic scene set during a cholera epidemic. The story appears to involve a conflict between local leaders and foreign figures, with accusations of imperialism and cultural disrespect. A doctor or foreign advisor suggests that proper sanitation and water management could significantly reduce the death toll, but this advice is met with resistance from a local leader who refuses to take responsibility for the crisis, dismissing it as ""destiny."" The situation escalates when the foreign advisor warns that if the local forces cannot control the epidemic, their army will intervene, implying a potential takeover. The subtitles also highlight the desperation of the situation, with a shortage of medical supplies and the emotional plea to respect traditions and the deceased. The plot seems to revolve around the clash between foreign intervention and local pride, set against the backdrop of a deadly epidemic."
9376893,"The subtitles provided appear to be from a movie that revolves around themes of patriotism, love, and conflict, likely set against the backdrop of a fictional or real geopolitical conflict. The plot seems to involve characters from two sides of a border, with Dhanakpur being a key location. The story includes elements of romance between Sanam and Gaurav, who are from different sides of the conflict, and a broader struggle for freedom or independence led by figures like General Shera and Major Khan.

Key plot points include:
- A group planning to use weapons to fight for freedom, with Dhanakpur as a strategic storage point.
- Sanam, a villager, falling in love with Gaurav, a soldier from the other side.
- The villagers' traditional isolation from outsiders and the tension this creates.
- The threat of destruction and the heroes' efforts to save their homeland.
- Themes of loyalty, sacrifice, and the complexities of love amidst conflict.

The movie likely builds up to a climactic showdown where the protagonists must confront external enemies and internal conflicts to protect their land and loved ones. The subtitles suggest a mix of emotional drama, action, and patriotic fervor."
9434551,"**Movie Plot Summary:**

The film centers around Alfred, a young man entangled in a web of high-stakes racing and criminal intrigue. Alfred's life becomes complicated when he crosses paths with Cougar, an undercover cop who moonlights as a dangerous racer. Cougar's dual identity as a law enforcer and a criminal mastermind adds layers of tension to the plot.

As Alfred navigates this treacherous world, he must protect his family, particularly his sisters Dai Mui and Sai Mui, from the fallout of Cougar's activities. The story takes a personal turn when Alfred's father is hospitalized, and he faces increasing pressure to confront Cougar.

Enter Amy Ip, a determined reporter who aids Alfred in uncovering the truth. Her investigative skills and persistence help bring the antagonist to light, while Alfred finds himself drawn into a climactic race in Japan. This race is not just about speed but also about clearing his name and confronting Cougar.

The film builds up to a suspenseful climax where Alfred, despite facing sabotage and personal risks, manages to outperform his competitors. The race serves as a backdrop for a broader resolution, where Alfred secures his family's safety and brings Cougar to justice, with Amy's help playing a crucial role in exposing the truth.

In the end, Alfred's determination and racing prowess lead to a triumphant conclusion, reuniting him with his sister Sai Mui and marking a victory over both personal and professional adversaries."
9343768,"**The Best Years of Our Lives (1946)**

The film follows three American servicemen—Fred Derry, Homer Parrish, and Al Stephenson—as they return to their hometown of Boone City after World War II and struggle to readjust to civilian life.

Fred, a former Air Force captain haunted by his wartime experiences, finds himself alienated from his wife, Marie, who has changed during his absence. His marriage crumbles as he grapples with unemployment and the psychological scars of the war. Eventually, Fred decides to leave Boone City, seeking a fresh start elsewhere.

Homer, a young sailor who lost his hands in the war and now uses prosthetic hooks, faces anxiety about reuniting with his fiancée, Wilma. Despite his fears, Wilma's unwavering love and support help Homer come to terms with his disability, and they ultimately get married, symbolizing hope and resilience.

Al, a middle-aged banker, returns to his family and job but feels disconnected from both. He struggles to reconcile his wartime experiences with the monotony of his old life. However, he finds purpose by helping other veterans, such as approving a loan for a farmer, demonstrating his commitment to supporting those in need.

The film explores themes of post-war readjustment, the challenges of maintaining relationships, and the enduring power of love and hope. It concludes on an optimistic note, with Homer and Wilma's wedding representing a new beginning and the possibility of rebuilding lives after the war."
9259415,"The movie revolves around the McCann family, who are devastated by the tragic death of their teenage daughter Julie during a home invasion. The story begins with Julie's mother, Karen, trying to balance her family life and career while preparing for her younger daughter Megan's birthday. The mood shifts dramatically when Julie is attacked, leading to a frantic 911 call and her eventual death.

As the family copes with their grief, the police investigation identifies Robert Doob, a delivery man, as the prime suspect. DNA evidence leads to his arrest, but the case collapses due to legal technicalities, leaving Karen feeling betrayed by the justice system.

Karen, consumed by rage and a desire for justice, begins secretly training to take matters into her own hands. She joins a support group that evolves into a vigilante group, helping her plan her revenge. Her actions strain her marriage and relationship with Megan, who struggles with the loss of her sister.

In a climactic twist, an FBI agent reveals that Karen's activities were part of an undercover operation, urging her to reconsider her path of vengeance. The film concludes with Karen at a moral crossroads, emphasizing themes of grief, justice, revenge, and the ethical implications of taking the law into one's own hands. The final scenes suggest a resolution, though the outcome remains poignant and reflective of the family's enduring pain."
9227929,"""Enemy at the Gates"" is a war drama that centers around the Battle of Stalingrad during World War II, focusing on the legendary sniper duel between Soviet sharpshooter Vassili Zaitsev and German Major Erwin König. The film opens with Vassili, a young shepherd from the Urals, arriving in Stalingrad to fight for the Soviet Union. Despite his humble beginnings, Vassili quickly gains fame for his extraordinary marksmanship, which boosts the morale of Soviet troops and civilians alike.

As the battle rages on, Vassili becomes the focus of a propaganda campaign led by Comrade Danilov, a political officer who recognizes the symbolic importance of Vassili's heroics. Vassili's story is used to inspire hope and resilience among the Soviet people, and he becomes a celebrated figure, even earning the attention of Joseph Stalin.

However, the Germans, determined to crush the Soviet resistance, send their top sniper, Major König, to eliminate Vassili. The two snipers engage in a deadly game of cat and mouse, with each trying to outsmart the other. This duel becomes a microcosm of the larger conflict, with both sides aware of the psychological impact of defeating the other.

Amid the intense sniper warfare, Vassili forms a deep bond with Tania Chernova, a young woman who serves as a translator and liaison officer. Their relationship adds an emotional layer to the story, highlighting the personal costs of war. Meanwhile, the film also explores themes of betrayal and sacrifice, particularly through the character of Sacha, a young boy who becomes entangled in the conflict and ultimately betrays Vassili's trust.

The film's climax occurs during the final stages of the Battle of Stalingrad, as the Soviets prepare to repel the German forces once and for all. Vassili, now a seasoned and weary soldier, confronts König in a tense showdown that symbolizes the broader struggle between the two nations.

Ultimately, the film concludes with the Soviet victory at Stalingrad, a turning point in the war. However, the personal losses and emotional toll on the characters underscore the human cost of the conflict. Vassili emerges as a symbol of resilience and hope, but the scars of war remain deeply etched in his psyche.

""Enemy at the Gates"" is not only a gripping war film but also a poignant exploration of heroism, propaganda, and the psychological and emotional dimensions of warfare."
9253065,"**Plot Summary:**

The movie follows Detective Stone, a troubled and suspended officer with a history of personal and professional turmoil, as he hunts a serial killer with supernatural elements. The killer, linked to astrological symbols like Scorpio and the number ""25, 78,"" targets victims during high tides and new moons, ripping out their hearts. Stone, struggling with guilt and paranoia, is paired with Detective Durkin, an expert in serial homicide, to solve the case.

As they delve deeper, they uncover the killer's connection to the occult and a unique DNA structure combining human and rat traits, suggesting a superhuman or otherworldly being. The investigation leads to a climactic confrontation in an abandoned subway station, where Stone and Durkin face the killer, using heavy weaponry to defeat him. The story blends police procedural with supernatural horror, hinting at future battles against darkness."
9430133,"The plot revolves around Fred Flintstone's Christmas preparations, his excitement to play Santa in the Slate Corp. parade, and his anticipation of his grandkids' visit. However, their arrival is delayed due to a blizzard, dampening Fred's spirits. 

Enter Stony, a troubled youth from a rough background, who Fred reluctantly takes in. Despite initial misunderstandings and comedic mishaps, Stony begins to grasp the true meaning of Christmas. Fred faces setbacks, including losing his Santa role due to an injury and a stint in jail with Stony, but their bond grows.

In the end, Fred rescues Stony from social services, and they share a heartwarming Christmas. The story emphasizes family, redemption, and the spirit of Christmas, culminating in Stony finding a sense of belonging with the Flintstones."
9479181,
9201278,"**Plot Summary of ""The Screaming Skull"":**

The film begins with a eerie introduction, setting a tone of horror and offering a macabre promise of free burial services to viewers who might die of fright. The story centers around Eric and his new wife, Jenni, as they settle into the house once occupied by Eric's deceased wife, Marion. Marion's death is revealed as a tragic accident involving a fall and drowning, leaving a traumatic impact on Eric and the loyal gardener, Mickey, who still grieves her loss.

As Jenni tries to adapt to her new home, she uncovers disturbing elements from her own past, including a stay in a sanitarium due to guilt over her parents' death, which she witnessed. Strange occurrences escalate, with Jenni experiencing terrifying visions and sounds, such as a skull appearing in ashes and hearing screams. Eric dismisses these events as figments of Jenni's imagination or pranks by Mickey, but the oppressive atmosphere of the house suggests deeper, darker forces at play.

In the climax, it is suggested that Eric might be hiding secrets, possibly manipulating events to make Jenni appear unstable, hinting at ulterior motives, such as financial gain from her wealth. The film ends with ambiguity, leaving unanswered questions about Marion's death and Eric's true intentions, thus maintaining a suspenseful and haunting conclusion."
9308442,"The movie follows a group of friends—Jeff, Stacy, Eric, Amy, and Mathias—on a vacation in Mexico. Seeking adventure, they decide to visit an ancient, off-limits Mayan temple suggested by Mathias, whose brother Heinrich is an archaeologist. The temple is hidden and not in guidebooks, hinting at its mysterious and dangerous nature.

As they journey through the jungle, they encounter hostile locals and experience strange occurrences. Upon reaching the temple, they discover deadly, carnivorous plants that infect them, leading to paranoia and panic. The group faces gruesome challenges, including infections that require drastic measures like amputations, which escalate the horror.

Internal conflicts arise as the infection spreads, with Stacy becoming convinced that the plant is inside her. The group's desperation grows, leading to tragic outcomes. In a final attempt to survive, Jeff confronts their captors, revealing their identities and the futility of their situation. The movie ends with the group's demise, underscored by the ominous song ""Phenomena,"" highlighting their terrifying encounter with the deadly plants."
9422145,"**The Long Goodbye (1973) - Plot Summary**

In this neo-noir adaptation of Raymond Chandler's novel, Philip Marlowe, a quirky and resourceful private investigator, finds himself entangled in a complex web of murder, betrayal, and deceit. The story begins with Marlowe's friend, Terry Lennox, who arrives at his home in distress, claiming his wife Sylvia has been murdered. Marlowe helps Terry escape to Mexico, believing his friend's innocence.

However, Marlowe soon becomes embroiled in a police investigation, where he is questioned about Terry's whereabouts and the murder. Using his wit and the constant presence of his finicky cat as an alibi, Marlowe navigates the suspicion surrounding him.

As the plot unfolds, Marlowe is hired by Eileen Wade, the wife of novelist Roger Wade, who has gone missing. Wade's disappearance and struggles with alcoholism add another layer to the mystery, intertwining with Marlowe's primary case.

The narrative takes a darker turn with the introduction of Marty Augustine, a gangster who claims Terry stole $355,000 from him. Marlowe's investigation reveals a deeper conspiracy involving fake identities, bribery, and a complex scheme to cover up Terry's tracks.

In a surprising twist, it is revealed that Terry faked his own death with the help of a corrupt coroner. Marlowe confronts Terry, who has been living in hiding, and learns the truth about Sylvia's murder and the money. The film concludes with Marlowe reflecting on the moral ambiguity and corruption he has encountered, leaving him with a sense of disillusionment and loss.

Throughout the film, Marlowe's interactions with his cat and his dry humor provide moments of levity, while the intricate plot explores themes of loyalty, betrayal, and the blurred lines between right and wrong."
9263407,
9421784,"**Movie Summary:**

The film opens with a horse race featuring Hare Krishna, which ends in a heartbreaking loss for its backers, introducing themes of fortune and misfortune. The story then shifts to Charlie, a man in financial straits, who turns to a cruise as an escape after a debt collector confronts him. 

On the cruise, Charlie and his friend Herbie pretend to be dance hosts, engaging in witty banter and comedic situations as they navigate their roles. Charlie meets Vivian, a recent widow, and they form a romantic connection, sharing dances and intimate moments. Their relationship deepens, but complications arise when Vivian's mother disapproves of their engagement.

The plot weaves through poker games, financial schemes, and humorous interactions, culminating in a dramatic chase and a solar eclipse that serves as a pivotal backdrop. Ultimately, the film resolves with Charlie and Vivian overcoming obstacles, finding love, and achieving a sense of resolution amidst their financial and personal challenges.

This romantic comedy-drama blends humor with heartfelt moments, exploring themes of love, deception, and self-discovery against the vibrant setting of a cruise and the symbolic event of an eclipse."
9464198,"The subtitles appear to be from a film that revolves around political intrigue, personal reflections, and philosophical musings. The plot seems to center around a President and a Prime Minister, focusing on their efforts to address income inequality and the gap between the lowest and highest wages. The President is committed to enacting a law to limit wage disparities, while the Prime Minister faces challenges in balancing his political ambitions with his personal life and ethical convictions.

Throughout the subtitles, there are references to political strategy, the complexities of leadership, and the moral dilemmas faced by those in power. The characters engage in deep discussions about justice, equality, and the responsibilities of elected officials. There are also moments of introspection, as characters reflect on their past mistakes, personal relationships, and the legacy they hope to leave.

The film seems to explore themes of power, sacrifice, and the struggle to create meaningful change in a society resistant to progress. It also touches on the personal costs of political ambition, as characters navigate their roles as leaders while confronting their own vulnerabilities and regrets. The tone is both serious and introspective, with a focus on the human side of politics and the challenges of enacting systemic change."
9393315,"The subtitles depict a intense military operation set during the Somali Civil War, focusing on a U.S. mission targeting Somali warlords, notably Mohamed Farrah Aidid. The story begins with a routine operation where U.S. forces are constrained by U.N. jurisdiction, highlighting the complex political landscape. The mission escalates as General Garrison leads an operation to capture Aidid's senior officials, emphasizing the strategic importance of the target.

The mission planning is meticulous, with a briefing outlining the use of air support and ground forces, stressing the rules of engagement to avoid civilian casualties. However, the operation quickly turns chaotic when a Black Hawk helicopter is downed by an RPG, trapping the crew in hostile territory. The situation deteriorates as Somali militiamen surround the crash site, leading to fierce combat and multiple casualties.

The subtitles vividly portray the soldiers' struggles, from securing perimeters and requesting medivacs to the personal fears and injuries they endure. Despite the chaos, moments of camaraderie and sacrifice shine through, such as soldiers risking their lives to protect each other and the desperate attempts to secure the wounded.

Reinforcements arrive, leading to a tense extraction, but the operation comes at a high cost. The personal elements, including a soldier's final letter to his family, underscore the human toll of the conflict. The story reflects the intensity of the Battle of Mogadishu, the strategic challenges faced, and the resilience of the soldiers in the face of overwhelming odds. The mission ultimately highlights the harsh realities of war, where survival and loyalty are paramount."
9245279,"**Movie Plot Summary:**

The film follows Captain Jane Browning, a skilled soldier, as she leads her team on a mission targeting a suspected heroin lab. The operation takes a dark turn when they discover a biohazard, leading to Jane's exposure to a mysterious bioweapon. After being evacuated, Jane awakens in a medical facility with Dr. Graham Knight, who reveals her metabolic rate is 20 times normal, indicating extraordinary abilities from the exposure.

As Jane investigates, she uncovers a conspiracy involving her mentor, Colonel Ian Watts, who is behind a rogue bioweapons program. Using the alias Peter Irfan, Watts has been conducting illegal experiments. Betrayed and determined, Jane goes rogue to seek revenge and uncover the truth.

Her journey involves evading military capture and teaming up with a thief named Nick. The plot twists when it's revealed that Dr. Knight is actually Peter Irfan, the mastermind. In a climactic confrontation, Jane confronts Colonel Watts, leading to a shootout where she ultimately kills Irfan.

The film concludes with Jane faking her own death to escape her past, assuming a new identity and starting anew, symbolized by an Egyptian scarab beetle representing rebirth. This resolution marks her transition from a soldier to a survivor, ready to face a new chapter."
9217243,"**Plot Summary:**

The film centers around the deep bond between Raju and his younger sister, Jyoti, who was orphaned at a young age. Raju dedicates his life to protecting and caring for Jyoti, showcasing his unwavering commitment through various acts of kindness and support.

When Thakur Sooraj Pratap, a wealthy and influential man, arrives in their village seeking blessings after a court victory, he becomes interested in Jyoti and proposes marriage. The family, considering his status, agrees to the union, causing tension with Raju, who is skeptical of Thakur's intentions.

The story takes a dark turn when Vaishali, a woman with a questionable reputation, is murdered. Raju is falsely accused of the crime, but it is later revealed that Vaishali's brother, Gajender, orchestrated the murder to frame Raju and further his own interests. Gajender attempts to force Jyoti into marriage to conceal his deeds.

Ultimately, Raju, with the help of his sister and allies, exposes Gajender's schemes, clearing his name and bringing the truth to light. The film concludes with Raju and Jyoti's bond prevailing, as they overcome adversity and find resolution, emphasizing the strength of their relationship and the triumph of justice."
9200036,"The movie revolves around a complex web of relationships and personal struggles set against the backdrop of a vibrant but troubled bar scene. Central to the plot is Dwight, a charismatic dancer at the bar, who navigates a world of loyalty, betrayal, and redemption. His friendship with Alfred, a fellow dancer, is tested as they confront challenges of debt, ambition, and the pursuit of better opportunities, particularly Dwight's desire to escape to Japan.

Madame Loca, a powerful and enigmatic figure, plays a pivotal role, pulling strings from behind the scenes with her influence and secrets. Her past, marked by poverty and a determination to never be poor again, shapes her present dealings, which include illegal activities and manipulative tactics.

The story delves into themes of identity, with characters like Hazel, who clings to her virginity as a symbol of decency in a corrupt world, and Bert, whose loyalty is questioned, leading to a tragic confrontation. The humor and camaraderie among the characters, often expressed through jokes and dances, contrast with the darker elements of betrayal, violence, and moral ambiguity.

As the plot unfolds, the characters face choices that lead to consequences, including a murder plot that forces Dwight into a moral dilemma, highlighting the thin line between right and wrong. The movie ultimately explores the resilience of the human spirit, the complexity of relationships, and the search for hope and redemption amidst chaos."
9499844,
9274773,"The subtitles describe a family dealing with a serious health crisis and supernatural events. The family, particularly the parents and their son Matt, are struggling with Matt's cancer treatment and the financial strain it imposes. They move into a new house that has a dark history: it was once a funeral home owned by a man named Ramsey Aickman, who conducted séances and psychical research with the help of a boy named Jonah, a medium. The house is haunted by malevolent spirits tied to Aickman's experiments, which involved desecration and necromancy to amplify Jonah's powers.

As the story progresses, Matt begins experiencing terrifying supernatural phenomena, including visions of Jonah and other spirits. The family discovers that Aickman and Jonah's activities led to tragic deaths and trapped spirits in the house. A reverend is called in to help, revealing that the house is a ""borderland"" where the living and the dead coexist, and that Matt's proximity to death makes him vulnerable to the malevolent forces.

The climax involves a desperate attempt to free the trapped spirits and save Matt from the evil presence in the house. In the end, Matt survives his illness, and the family escapes the haunted house, though the subtitles suggest that the experience leaves a lasting impact on them. The story combines themes of grief, faith, and the supernatural, ultimately resolving with hope and the family's resilience."
9199610,"The subtitles describe a movie that blends elements of family drama, supernatural suspense, and themes of guilt, forgiveness, and the inevitability of death. The story centers around the complex relationship between two families, the lingering effects of past conflicts, and the intervention of supernatural forces.

The plot begins with Louella, a woman who returns to Baguio to settle family matters and attempt to mend ties with the Romano family, whose feud with her family has lasted for years. Her return is motivated by a desire to end the misunderstandings and animosity that have haunted their relationship, possibly linked to the death of her father, which she partially blames on the Romanos. Meanwhile, Romano, a character with a traumatic past, begins experiencing strange and unexplainable events after waking up from a coma following an accident. He starts seeing spirits, which he believes are grim reapers or harbingers of death for those around him.

As the story progresses, Romano's visions become more frequent and disturbing. He sees spirits that seem to foreshadow the deaths of people close to him, including his sister Isabel, who is blind and hoping for a chance to regain her sight through medical intervention. The family seeks help from a spiritist, Aunt Elma, who reveals that Romano's ability to see spirits is a result of his ""third eye"" being opened during the accident. She warns that these spirits are connected to death and that Romano and his loved ones are being pursued by forces beyond their control.

The plot takes a darker turn when Louella reveals a deep secret: she aborted a child years ago, and the spirit of that child is now coming for her. This revelation ties into the supernatural events unfolding around them, as the group realizes that death is inescapable and that they may need to make a terrible sacrifice to survive.

In the climactic moments, the characters confront the spirits head-on, leading to tragic consequences. Isabel's life is lost, and Louella is forced to confront the spirit of her unborn child, which has come to claim her. The story ends on a suspenseful note, leaving the audience wondering if Louella will escape her fate or succumb to the forces of death that have haunted her throughout the film.

Overall, the movie explores themes of guilt, forgiveness, and the supernatural, weaving together a complex narrative of family secrets, tragic events, and the unavoidable presence of death."
9303385,"**Plot Summary:**

The movie follows the journey of Paul Callan, a deaf and mute boxer nicknamed ""Dummy,"" as he navigates his career and personal life. Managed by Jack Richardson, a seasoned boxing manager, Paul rises through the ranks, gaining attention for his skills in the ring. His life takes a significant turn when he meets Ann Hollis, a writer from Panorama Magazine, who profiles him, highlighting his unique story as a deaf athlete.

Paul undergoes a life-changing operation that restores his hearing, a development that brings both opportunities and challenges. As he adjusts to his new reality, he faces increased pressure, particularly in the noisy environment of boxing matches. His personal life becomes complicated with Sonya Bartow, who has her own motives and plays a role in the conflict surrounding his career.

The climax of the film centers on Paul's pivotal fight against Al Logan for the welterweight championship. Despite the odds and personal struggles, Paul confronts his fears and emerges victorious, exemplifying his resilience and growth. The movie concludes with Paul overcoming adversity, both in the ring and in his personal life, as he finds love and acceptance, embodying themes of transformation and the complexities of human relationships."
9275458,
9484664,"The subtitles tell the story of Sita, a woman struggling to make ends meet while trying to support her family. She works as a factory worker and later as a photographer's assistant for Mr. Johan, a reclusive and enigmatic man haunted by his past. Sita's life is marked by financial hardships, as she owes money to a loan shark and struggles to care for her sick grandmother and young daughter, Yani. Despite her challenges, she remains determined to create a better future for herself and her family.

Mr. Johan, meanwhile, is a man burdened by guilt and a vow to his ancestral spirits. His life is defined by tragedy, including the death of his wife and son, and his failure to fulfill his promises to his family. He is on a quest to find a worthy successor to carry on his legacy, believing it is the only way to redeem himself and reunite with his loved ones in the afterlife.

Throughout the story, Sita and Mr. Johan form a complex bond, with Sita trying to help him find peace while navigating her own struggles. The story explores themes of family, redemption, and the power of photographs to capture and preserve memories. Ultimately, it is a tale of resilience and the enduring strength of the human spirit in the face of adversity."
9389760,"**Plot Summary:**

The movie follows the journey of Jeff, a young man living in a crime-ridden neighborhood, who gains superpowers after being hit by a meteor. Initially focused on his music career and dealing with personal relationships, Jeff's life changes when he becomes the superhero known as Meteor Man. With his newfound abilities, he takes on the role of protecting his community from gangs and drug dealers, earning the admiration and support of the locals.

As Meteor Man, Jeff faces various challenges, including the emergence of an impostor claiming his identity and the strain his responsibilities place on his personal life. Despite losing his powers temporarily, Jeff's commitment to justice and his community remains unwavering. The film culminates in a confrontation with the Golden Lords gang, where Jeff's bravery and determination shine through, even without his superhuman abilities.

The story highlights themes of community resilience, the importance of standing against crime, and the personal sacrifices required to be a hero."
9191003,"The subtitles depict a comedic tale of escalating chaos in the life of Oliver Hardy. The story begins with marital discord as Oliver's wife expresses her frustration over his frequent outings with his friend, Stan Laurel. The situation takes a professional turn when Oliver receives an invitation from his new boss, Mr. Jones, to attend an important business meeting, which he views as a career opportunity. However, their lives take a dramatic turn when Oliver and Stan decide to adopt a baby, believing it will resolve their personal and professional issues. The adoption leads to a series of hilarious misadventures as the duo struggles to care for the infant, resulting in a noisy and chaotic environment. The subtitles end with the two friends overwhelmed by the challenges of babysitting, highlighting the comedic consequences of their well-meaning but ill-prepared decision."
9275395,"The subtitles depict a complex and tragic story involving a family, supernatural elements, and a cursed object. The story centers around Joy, her husband Inton, and their children, who are trying to build a better life after moving into a new house. However, their lives are disrupted by a series of misfortunes and deaths linked to a mysterious bagua mirror, an antique Feng Shui object believed to bring good luck but ultimately cursed.

The bagua mirror, which Joy found in an old house, is revealed to be haunted by the spirit of a woman named Lotus Feet, who was betrayed and burned alive during the Chinese revolution. The curse of the mirror causes anyone who sees their reflection in it to die, and it is tied to a series of tragic events, including the deaths of Joy's grandmother, a tricycle driver named Nestor, and a man named Evart, who was run over by a bus.

As the story unfolds, Joy discovers the dark history of the mirror and the curse it carries. She also learns that the curse can only be broken by rejecting the good fortune it brings and destroying it. However, the mirror's influence is deep, and it continues to affect the lives of those around her, including her family and friends.

The plot also explores themes of marital infidelity, as Inton is revealed to be having an affair with a woman named Dina, further complicating the family dynamics. The story builds toward a tragic conclusion, as Joy is forced to confront the curse and make a sacrifice to protect her children and end the cycle of death and misfortune.

Ultimately, the story is a tale of greed, betrayal, and the consequences of meddling with forces beyond human understanding. It highlights the destructive power of the cursed mirror and the devastating impact it has on Joy's life and the lives of those she loves."
9332298,"**Plot Summary:**

The movie centers around the Hurley family as they navigate the complexities of planning a wedding for their daughter, Jane, who is engaged to Ralph. Tom, the patriarch, is a cab driver striving to own his own taxi, while his wife Aggie wants to give Jane a memorable wedding despite their financial constraints. The decision to have a big wedding sparks tension, especially when Uncle Jack, who lives with them, feels slighted and decides to move out, later revealing his own marriage plans.

As the family deals with the stress of wedding planning, they confront deeper issues of financial struggles, family dynamics, and personal sacrifices. Aggie reflects on her own marriage and the sacrifices she's made, while Tom grapples with the cost and the desire to provide for his daughter. Ultimately, the family scales back their plans, opting for a simple ceremony that prioritizes Jane and Ralph's commitment to each other.

The film is a heartfelt exploration of working-class family life, emphasizing the importance of love and togetherness over materialism."
9433865,"The subtitles suggest a whimsical and comedic plot involving characters on an Arctic expedition, capturing walruses, bears, and seals. The singing and dialogue hint at themes of adventure, the monotony of repetitive tasks (like eating beans), and the excitement of discovering something desirable (like roast chicken). There are elements of slapstick humor, playful interactions, and a sense of mischief, with Donald Duck appearing to be one of the main characters. The story seems to involve lighthearted escapades, comedic misunderstandings, and perhaps a chase or conflict involving the captured animals. Overall, the tone is playful and humorous, suggesting a family-friendly adventure."
9262797,"The movie plot revolves around political intrigue, betrayal, and colonial conflict in the region of Tokot. The story begins with the assassination of the old khan, leading to a power vacuum where his brother, Khan Ghul, seizes control. Ghul's rule is marked by tyranny and a secret plan to massacre British residents, signaling a broader uprising against colonial influence.

Central to the plot is Prince Azim, the rightful heir, who escapes and seeks refuge with British Captain Carruthers and his wife, Marjorie. The British, aware of the looming threat, navigate a complex web of alliances and deceit to protect their interests and prevent bloodshed. The story culminates in a race against time as British troops mobilize to thwart Ghul's plans, leading to a climactic confrontation that determines the fate of Tokot and its people.

Themes of loyalty, betrayal, and cultural clash are interwoven throughout, highlighting the tensions between colonial powers and local rulers. The narrative is a blend of action, drama, and political strategy, set against the backdrop of a volatile frontier region."
9433025,"The subtitles depict a powerful and emotional narrative set against the backdrop of war, displacement, and survival, likely during and after World War II. The story revolves around themes of loss, identity, resilience, and the struggle for a homeland.

The plot begins with reflections on the Holocaust and the ghetto revolt, where a character recounts their family's fate and the separation from loved ones. The narrative shifts to a young woman named Rosa, who survives the war in Siberia, and others who are displaced and trying to rebuild their lives. The story follows their journey as they attempt to reach a kibbutz, a communal settlement in Palestine, where they hope to find safety and a new beginning.

Throughout the subtitles, there are vivid scenes of escape, confrontation, and survival. Characters face challenges such as fleeing the ghetto, avoiding capture by soldiers, and navigating the harsh realities of war. The dialogue reflects their emotional struggles, including grief over lost loved ones, debates about faith and identity, and the psychological toll of their experiences.

The subtitles also touch on the broader historical context, including the Arab-Israeli conflict and the establishment of a Jewish homeland. Characters discuss their desire to fight for their country, train with weapons, and confront their enemies, highlighting the tension between survival and resistance.

A recurring theme is the debate about Jewish identity and history. One character passionately rejects the idea of Jewish history being defined by suffering and martyrdom, arguing against the glorification of despair and advocating for action and self-determination.

Overall, the subtitles paint a poignant and complex picture of a people grappling with their past, striving to survive, and seeking a future in a land they call their own. The narrative is deeply personal and historically resonant, capturing the essence of a nation's struggle for identity and resilience in the face of overwhelming adversity."
9183347,"The movie is a self-aware horror film titled ""Hot Blooded,"" which intertwines the production of a slasher film with real-life supernatural horrors. The story begins with a family scene that quickly turns dark, introducing a horror element. The narrative then shifts to a movie-within-a-movie setup, where a cursed film production is plagued by mysterious events and deaths.

The crew faces numerous challenges, including disappearing props, strange occurrences, and character disappearances, building a sense of dread. As the crew attempts to complete the film, they are stalked by a killer linked to the film's villain, Scarman. The plot reaches its climax with intense chases, screams, and fights, leading to a confrontation where the protagonist, Raffy, destroys the film to break the curse.

The film ends with a screening, leaving the audience uneasy, hinting that the curse might persist. The rock song ""Stop the Rock"" plays during the credits, suggesting ongoing horror. The movie explores themes of supernatural curses and the dangers of violent media, blending filmmaking with horror elements."
9376852,"**Plot Summary:**

The film delves into the tale of George Mallory, a British mountaineer consumed by an obsession to conquer Mount Everest, the highest peak on Earth, in the 1920s. Driven by a sense of adventure and challenge, Mallory embarks on an ill-fated expedition in 1924 with fellow climber Sandy Irvine. They are last seen 800 feet below the summit, disappearing into the clouds, never to be seen alive again, leaving behind a mystery that endures for decades.

Seventy-five years later, Conrad Anker, a modern mountaineer, discovers Mallory's body on Everest. This discovery reignites the question: did Mallory reach the summit before his death? The film explores Mallory's life, revealing his deep love for his wife Ruth, his harrowing experiences in World War I, and his unwavering passion for Everest, which becomes an all-consuming force in his life.

The narrative intertwines Mallory's journey with Anker's own expedition. Anker, grappling with similar personal and professional challenges, including the risks to his family, attempts to recreate Mallory's climb. His team faces the daunting Second Step, a formidable rock face, without modern aids, suggesting that Mallory and Irvine might indeed have succeeded in their ascent.

The film culminates with Anker and his partner summiting Everest, implying that Mallory's wildest dream may have been realized. Yet, it leaves the audience with a poignant reflection on ambition, sacrifice, and the enduring mystery of Mallory's final moments. The story is a testament to the human spirit, exploring themes of obsession, love, and the pursuit of the impossible."
9489323,"**Plot Summary:**

The story begins in a quaint, seemingly idyllic town where a couple, Steven and Rachel Emory, have moved to escape the chaos of New York. Steven runs a video store, which becomes central to the unfolding mystery. The town's tranquility is deceptive, as the Emorys soon discover that the locals have an unusual fascination with violent and horror videos.

The plot thickens when a mysterious blank tape is found, revealing a gruesome murder of the town's former postmaster, Reggie Hobbs, who was believed to have retired to Florida. Despite their attempts to report the crime, the police, led by a skeptical chief, dismiss their concerns, adding to the couple's growing unease.

As the story progresses, more tapes surface, each depicting real murders, including that of their employee, Rick Carlson. The Emorys realize the town's dark secret: the residents are creating and distributing snuff films, using unsuspecting transients and individuals who threaten to expose their sinister activities.

The climax unfolds as the Emorys confront the townspeople, who reveal their twisted hobby and their intention to eliminate anyone who might expose them. The story ends with the Emorys facing imminent danger, leaving their fate uncertain and highlighting the town's depraved conspiracy."
9397818,"The movie follows the misadventures of two bumbling characters, Laurel and Hardy, as they navigate a series of comedic situations. The story begins with their humorous attempts to avoid military service, citing flat feet as a reason, and their interactions with a demanding captain. 

The plot takes a turn when they become involved in helping their friend Eddie, a soldier, by trying to reunite his baby with her family. Their well-meaning efforts lead to a series of mix-ups and mistaken identities, as they mistakenly deliver the baby to the wrong addresses, causing chaos and confusion. 

In one notable scene, they disrupt a wedding, leading to a confrontation and further misunderstandings. As the story progresses, the duo finds themselves in a comedic chase, attempting to hide the baby from authorities who seek to place her in an orphanage. This results in slapstick moments, including hiding in a dumb waiter and a rooftop escapade.

Ultimately, the baby is safely reunited with her father, Eddie, resolving the conflict and allowing the characters to live peacefully. The film showcases Laurel and Hardy's signature blend of physical comedy, misunderstandings, and heartfelt resolution, highlighting their loyalty and good intentions despite the mayhem they create."
9445949,"The story revolves around the complex and ultimately doomed romance between Deanie Loomis and Bud Stamper, set against the backdrop of societal expectations, family pressures, and personal struggles. 

Deanie, a sensitive and idealistic young woman, and Bud, the son of a wealthy oil family, fall deeply in love. However, their relationship is fraught with challenges, including Bud's father's disapproval and his insistence that Bud attend Yale and pursue a more ""respectable"" future. Despite their passion for each other, the pressures of societal norms and Bud's obligations lead to their separation.

Deanie struggles with the emotional toll of their breakup, leading to a mental breakdown. She is eventually institutionalized in a sanatorium in Wichita, symbolizing the loss of her youthful ideals and the ""splendor in the grass"" that once defined her relationship with Bud.

Meanwhile, Bud's life takes a different turn as he navigates his father's expectations and the collapse of the family's financial empire during the stock market crash. The story concludes with Deanie, now recovered but emotionally scarred, reflecting on the loss of their youthful love and the harsh realities of adulthood. The poem ""Ode: Intimations of Immortality"" serves as a poignant reminder of the transience of youthful beauty and the strength found in enduring what remains."
9371447,"The subtitles provided appear to be from a dramatic and complex film that intertwines themes of family, betrayal, love, and mental instability. The plot revolves around the Winthrop family, particularly focusing on Adriana Winthrop, her husband Charles, and his daughter Lisa. 

The story begins with Charles's death, which deeply affects both Adriana and Lisa. Adriana struggles to cope with the loss and becomes increasingly paranoid, suspecting that Lisa and her fiancé, Johnny Allen, are plotting against her. The will left by Charles complicates the situation, as it grants Adriana control over Lisa's inheritance, which is contingent on Adriana's approval of Lisa's marriage.

As the story unfolds, it becomes clear that Johnny and Lisa are involved in manipulative and illegal activities, including the production and distribution of LSD. Johnny's expulsion from medical school and his involvement in the death of a young man further escalate the tension. Adriana, meanwhile, experiences hallucinations and mental breakdowns, which are exacerbated by the gaslighting tactics of Lisa and Johnny. They attempt to drive Adriana to madness or death to gain control of the inheritance.

The climax of the story occurs during a theatrical performance in which Adriana is forced to confront her past and the truth about Lisa and Johnny's actions. In a dramatic revelation, it is exposed that Lisa and Johnny orchestrated Adriana's breakdown and attempted to kill her. Ultimately, Adriana regains her sanity, and the truth comes to light, leading to a resolution of the conflicts and the exposure of Lisa and Johnny's schemes.

The film explores themes of family dysfunction, greed, and the blurred lines between reality and illusion, particularly through the metaphor of the theater."
9192497,"The movie follows a group of sailors navigating through treacherous waters and arriving at an island, possibly in the South Seas. The crew interacts with the natives, experiencing both humor and tension, particularly when Johnny, a sailor, falls in love with Luana, a native girl. Their romance is forbidden due to taboos, as Luana is meant for a native prince. Johnny decides to stay on the island, causing concern among his crew, who debate whether to leave him or return. 

As Johnny and Luana's relationship deepens, they face threats from native chiefs and the volcano god Pele. Despite the dangers, Johnny attempts to take Luana back to civilization, leading to confrontations with the natives. Ultimately, after Johnny is injured, Luana decides to leave the island with him, suggesting their love overcomes the obstacles. The film concludes on a hopeful note, highlighting themes of forbidden love, cultural clashes, and the power of true love overcoming superstition."
9469602,"**Movie Plot Summary:**

The movie centers around Ellen Aim, a charismatic performer whose life takes a dramatic turn when she is kidnapped by a gang called the Bomsters, led by the menacing Raven Shaddock. Enter Tom Cody, Ellen's former lover, who is hired by her current manager, Billy Fish, to rescue her. As Tom delves into the underworld to save Ellen, he confronts his complicated past with her and faces off against Raven in a climactic showdown.

The story is interspersed with vibrant rock musical numbers, reflecting the emotional highs and lows of the characters. Themes of love, redemption, and rebellion are woven throughout the narrative, with Tom's journey highlighting personal growth and the enduring power of relationships. The film blends action, drama, and music, culminating in a resolution where Ellen and Tom reconnect, symbolizing a renewed hope and escape from their tumultuous past."
9233235,"**Plot Summary:**

The story revolves around Reese, a young woman who returns to her family home, grappling with a complex web of family dynamics and personal struggles. Central to the plot is her strained relationship with her father, Don Holden, a novelist whose health and emotional state are deteriorating. Reese's return uncovers long-buried family secrets, particularly through old letters that reveal a tumultuous past between her parents.

Subplots involve other characters, such as Shelly, who is dealing with her own medical issues, and Corbit, a musician whose performance serves as a turning point, showcasing personal growth. The narrative delves into themes of family dysfunction, artistic pursuits, and emotional conflicts, highlighting how past choices and secrets impact current relationships.

Reese's journey is marked by confrontations with her father, moments of tentative reconciliation, and her own struggles, including her cat's illness and her efforts to connect with her father's work. The story explores the emotional depths of its characters, ultimately weaving a tale of resilience, confrontation, and the quest for understanding in the face of personal and familial challenges."
9453363,"The subtitles describe a dark and twisted tale of high school politics, manipulation, and murder. The story centers around ""The Flawless Four,"" a group of popular and influential girls at Reagan High: Courtney, the manipulative and ruthless leader; Marcie, the self-absorbed sidekick; Julie, the loyal but conflicted follower; and Liz, the sweet and beloved ""teen dream"" who is adored by everyone.

The plot begins with Liz's 17th birthday, where the group plans a prank that goes horribly wrong. They gag Liz with a jawbreaker, accidentally causing her death. Panicked, they attempt to cover up the incident by staging it to look like a rape, hoping to avoid suspicion. Courtney, ever the manipulator, takes charge of the situation, showcasing her ability to control and dominate those around her.

Enter Fern Mayo, a socially awkward and geeky girl who stumbles upon the group's secret. Courtney, recognizing Fern's vulnerability, offers her a deal: in exchange for Fern's silence, she will transform Fern into one of the popular crowd. Fern, eager to escape her isolation, agrees and undergoes a dramatic makeover, rebranding herself as ""Vylette."" This transformation symbolizes Fern's internal struggle as she sacrifices her true self for acceptance and power.

As the story progresses, Fern/Vylette becomes embroiled in the group's dynamics, grappling with the guilt of her complicity in their crimes. Meanwhile, the group's grip on power begins to unravel as Julie, wracked with guilt, starts to question Courtney's leadership and the morality of their actions. The arrival of Detective Vera Cruz adds tension, as she investigates Liz's death and uncovers the group's lies.

The climax takes place at the school's prom, where Courtney is crowned prom queen. However, the facade of perfection crumbles when Courtney's true nature is exposed, and she brazenly confesses to killing Liz. The story ends on a dramatic and ambiguous note, leaving the audience to ponder the consequences of Courtney's actions and the lasting impact of her reign of terror.

Throughout the subtitles, themes of high school hierarchy, the dangers of toxic friendships, and the corrupting influence of power are explored. The narrative is a dark commentary on the superficiality of teenage life and the lengths to which people will go to maintain their status and secrets."
9469185,"The subtitles for ""Love on the Ground"" suggest a complex, layered narrative that intertwines personal relationships, theatrical performances, and emotional conflicts. The story appears to revolve around a group of characters involved in a play directed by the enigmatic and somewhat manipulative Roquemaure. The plot is filled with tension, secrets, and overlapping themes of love, betrayal, and identity.

Key elements of the plot include:

1. **The Play Within the Play**: The characters are rehearsing a play that seems to mirror their real-life struggles and relationships. The play's ending is left unresolved, much like the unresolved conflicts in their personal lives.

2. **Personal Conflicts and Relationships**: The characters navigate complex relationships, with hints of past loves, betrayals, and unspoken feelings. For example, the mysterious absence of Beatrice, a woman who seems to have had a significant impact on the lives of multiple characters, looms over the story.

3. **Themes of Love and Loss**: The dialogue touches on themes of love, regret, and the fragility of human connections. Characters like Paul, who claims to see visions of the future, and Clement, who appears to be a writer or director, grapple with their own vulnerabilities and the consequences of their actions.

4. **Mystery and Intrigue**: There are hints of secrets and hidden truths, with characters like Silvano and Roquemaure seemingly pulling strings from behind the scenes. The story suggests that nothing is as it appears, and the line between reality and illusion is constantly blurred.

5. **Emotional Tension and Drama**: The interactions between characters are charged with emotional tension, ranging from moments of tenderness to explosive arguments. The dialogue often feels like a performance in itself, with characters hiding their true selves behind masks of confidence or indifference.

6. **The Supernatural and the Uncanny**: Paul's visions and the recurring theme of a ""girl in red"" add a surreal and mysterious dimension to the story, suggesting that the events may not be entirely grounded in reality.

Overall, ""Love on the Ground"" appears to be a drama that uses the backdrop of a theatrical production to explore deeper themes of human relationships, love, and the search for meaning. The story is as much about the play as it is about the lives of the characters involved, creating a layered and introspective narrative."
9404645,"**Plot Summary:**

The movie centers around Tanguy, a 28-year-old man who still lives with his parents, Edith and Paul Guetz. The story explores the complex dynamics of their family, highlighting Tanguy's dependence on his parents and their emotional struggles with letting him go. Despite their love for him, Edith and Paul find it challenging to accept that Tanguy is grown and needs independence.

Tanguy's journey begins with his decision to move to Beijing for his PhD and a teaching position, symbolizing his attempt to break free from his sheltered life. However, his transition is fraught with anxiety, culminating in a significant emotional crisis that lands him in the hospital. This event serves as a turning point, prompting Tanguy to reevaluate his life and eventually find the courage to move out.

The narrative also delves into Tanguy's romantic life, including his marriage to Mei Lin, a Chinese woman, and their subsequent family life. The cultural blend of their relationship adds depth to the story, showcasing Tanguy's growth from a dependent young man to a responsible husband and father.

In the end, Tanguy achieves a harmonious balance between his old life and new responsibilities. The film concludes with a heartwarming scene where Tanguy visits his parents with his Chinese family, illustrating the acceptance and growth of all characters involved. The story underscores themes of family bonds, cultural adaptation, and the universal challenges of transitioning into adulthood."
9290962,"The subtitles provided are from the 1966 Hindi movie *Do Badan*, starring Manoj Kumar, Asha Parekh, Pran, and Simi Garewal. The movie revolves around the complex and emotional journey of its characters, particularly focusing on the relationship between Asha (Asha Parekh) and Vikas (Manoj Kumar). Below is a summary of the plot based on the subtitles:

---

**Plot Summary:**

The story begins with Vikas, a poor but hardworking student, who develops a deep bond with Asha, the daughter of a wealthy family. Their friendship blossoms into love, but their social differences and circumstances create obstacles. Vikas struggles with poverty and personal loss, including the death of his father, while Asha faces pressure from her family to marry a wealthy man, Ashwini Kumar, in an arranged marriage.

Asha and Vikas share moments of profound emotional connection, with Vikas expressing his love and devotion through heartfelt conversations and poetic philosophy. However, their happiness is short-lived. Vikas meets with a tragic accident, resulting in the loss of his eyesight, and Asha is forced into her arranged marriage with Ashwini Kumar.

Asha's marriage proves to be unhappy, as Ashwini treats her coldly and restricts her freedom. Meanwhile, Vikas, now blind, continues to pine for Asha and holds onto the hope of reuniting with her. Dr. Anjali, a kind-hearted doctor, plays a pivotal role in their lives, helping Vikas regain his eyesight and attempting to bring the two lovers back together.

In a dramatic twist, Vikas finally regains his sight and rushes to meet Asha, but it is too late. Asha, emotionally and physically exhausted from her unhappy marriage and separation from Vikas, dies. The movie ends on a tragic note, emphasizing the enduring power of love and the sacrifices made by Vikas for Asha's happiness.

Throughout the film, themes of love, sacrifice, and the societal pressures of wealth and class are explored, leaving a lasting emotional impact on the audience.

--- 

This classic Bollywood film is known for its poignant storytelling, memorable dialogues, and strong performances, particularly from Manoj Kumar and Asha Parekh."
9312007,"The subtitles appear to be from the movie *Amistad* (1997), directed by Steven Spielberg, which tells the true story of the 1839 mutiny aboard the Spanish schooner *La Amistad* and the subsequent legal battle of the African captives who revolted against their enslavers. Below is a summary of the plot based on the subtitles provided:

---

**Plot Summary:**

The story begins with a group of African captives, led by a man named **Cinque**, who revolt against their Spanish captors aboard the *La Amistad*. The Africans, who were kidnapped from their homes in West Africa and sold into slavery, take control of the ship after killing the crew. They demand to be sailed back to Africa but are instead tricked and brought to the United States, where they are arrested and charged with murder and piracy.

The case gains national attention, and the Africans are defended by **Roger S. Baldwin**, a real estate lawyer who takes on the case despite his lack of experience in criminal law. Baldwin argues that the Africans are not slaves but free people who were illegally captured and sold into slavery. He seeks to prove that they were born free in Africa and therefore have the right to resist their enslavement.

The case becomes a political battleground, with the Spanish government, supported by U.S. President **Martin Van Buren**, claiming ownership of the Africans under a treaty between Spain and the United States. The Spanish argue that the Africans are their property and demand their return. Meanwhile, two American naval officers, **Thomas R. Gedney** and **Richard W. Meade**, claim salvage rights to the ship and its ""cargo"" (the Africans).

As the legal battle progresses, Baldwin discovers that the Africans were not born into slavery but were kidnapped from Africa and transported illegally on a Portuguese slave ship, the *Tecora*. He presents evidence of their origins and argues that their rebellion was an act of self-defense. The case ultimately reaches the U.S. Supreme Court, where **John Quincy Adams**, a former U.S. President and a staunch abolitionist, joins Baldwin in arguing the Africans' case.

Adams delivers a powerful argument, appealing to the principles of freedom and justice enshrined in the Declaration of Independence. He challenges the court to recognize the Africans' humanity and their right to freedom. In a landmark decision, the Supreme Court rules in favor of the Africans, declaring that they are free individuals and not property. The court also orders their release and return to Africa.

The film concludes with Cinque and the other Africans being freed, though their journey back to Africa is fraught with challenges. The story highlights the brutality of slavery, the resilience of the African captives, and the moral and legal struggle to recognize their humanity.

---

**Themes:**

- The fight against slavery and the abolitionist movement.
- The legal and moral arguments for freedom and human rights.
- The complexities of U.S. politics and the tension between Northern and Southern states over slavery.
- The personal journey of Cinque and the Africans as they resist oppression and seek justice.

This summary captures the essence of the plot and the historical significance of the *Amistad* case, which became a pivotal moment in the struggle against slavery in the United States."
9202887,"The movie follows a tale intertwined with legend, curses, and the quest for treasure. It begins with the story of a young farmhand who ventures into the mountains to find fortune for his pregnant lover. Guided by a mysterious map, he encounters a cursed cave, leading to his demise, setting the stage for the cursed treasure that drives the plot.

The story then shifts to Captain Kirk and his first mate, Flint, a group of self-proclaimed pirates navigating a world where their pirate image is overshadowed by pop culture references, particularly Johnny Depp's portrayal of pirates. The duo, along with their crew, embark on a treasure hunt using the same cursed map, which they believe will solve their financial and reputational woes. Their journey is fraught with challenges, including the curse's deadly consequences, encounters with rival pirates, and run-ins with the law.

As the story unfolds, Flint grapples with his identity as a pirate, influenced by his disapproving mother, who refuses to accept his lifestyle. Meanwhile, the cursed treasure map leads them through a series of misadventures, including a visit to a mapmaker who demands payment to lift the curse. The group faces traps, betrayal, and even murder, all while trying to break the curse and find the treasure.

Ultimately, Flint resolves the curse by using the treasure to pay the mapmaker, allowing Captain Kirk, who was killed earlier in the story, to find peace. The film concludes with a whimsical nod to ""Pirate Heaven,"" where Kirk and other pirates can rest in a place tailored to their kind. The movie blends humor, adventure, and a touch of the supernatural, exploring themes of identity, redemption, and the enduring allure of pirate lore."
9426375,"The subtitles depict the story of a family, the Robinsons, who decide to leave their urban life behind and move to a remote wilderness area to live off the land. The family—Skip, Pat, their daughter Jenny, and son Toby—face various challenges as they adapt to their new life. They encounter wildlife such as raccoons, bears, and wolves, which often lead to dangerous and tense situations. Despite these challenges, the family shows resilience and determination to make their new life work.

The family interacts with a local character named Boomer, who provides them with advice and insight into living in the wilderness. They also rely on a radio station called the Rocky Mountain Report for communication and updates. The story highlights the family's growth, their connection with nature, and their efforts to survive and thrive in the harsh environment. Ultimately, the subtitles suggest that the family decides to stay in the wilderness, committed to their new life despite the difficulties they face."
9367970,"The movie follows the story of a family who receives a letter from a distant dude ranch, Rafter 6, which is in trouble. The ranch, once a thriving destination, is now facing financial ruin and is being sold to a wealthy investor, Bart Gifooley, who plans to transform it into a theme park called Gifooley Land. The family, led by Stephen, a widowed father, and his twin daughters, Jessica and Susie, decide to visit the ranch to help Natty, the owner, who was a close friend of Stephen's late wife, Sara.

Upon arrival, the family discovers that Bart, Natty's son, is behind the ranch's decline and is secretly working to sabotage any efforts to save it. The twins, determined to save the ranch, embark on a series of adventures, including a treasure hunt based on clues from Sara's diary. They also enlist the help of Laura, a kind-hearted rodeo rider, and George, a Native American friend.

The twins' efforts lead them to involve Leo Mcrugger, a wealthy businessman, who initially considers investing in Bart's theme park idea. However, after experiencing the authentic charm of the ranch and the joy of a treasure hunt, Mcrugger decides to support the ranch instead. He agrees to help pay off the debts and invest in turning the ranch into a thriving dude ranch again.

In the end, Bart's schemes are exposed, and he is thwarted. The ranch is saved, and the family, along with Natty, Laura, and George, celebrate the preservation of the ranch and its way of life. The movie concludes with a sense of hope and renewal, emphasizing the importance of family, friendship, and the enduring spirit of the American West."
9229755,"The subtitles depict the story of Jessica and Max, two young lovers who face the challenges of growing up, love, and navigating their futures together. Jessica, a driven and ambitious high school student, is accepted into Harvard, while Max, her husband, struggles with his own path, having been rejected from Harvard and working a construction job. The two marry young, despite the disapproval of their parents, and must navigate the realities of their relationship, including financial struggles, differing goals, and the pressures of growing up.

Throughout the story, Jessica and Max experience moments of deep connection and love, but also face significant challenges, including infidelity, misunderstandings, and the strain of their differing aspirations. Jessica thrives in her academic environment, making new friends and exploring her independence, while Max grapples with his identity and future, feeling left behind as Jessica's world expands.

The narrative explores themes of young love, commitment, and the difficulties of maintaining a relationship while pursuing individual goals. Despite the obstacles, Jessica and Max repeatedly express their love for each other and their desire to overcome their challenges together. The story ultimately suggests a resilience in their bond, as they work to reconcile their differences and build a future together."
9293767,"The subtitles depict a tense and dramatic narrative centered around Ming Ding, a man struggling with debt and personal turmoil. The story begins with Ming being sought out by individuals connected to a loan shark, Mr. Jiang, who is doubling Ming's debt. Ming is shown to be in a desperate financial situation, having failed to make his last two payments and unable to save money due to exorbitant interest rates. He attempts to explain his situation, revealing that he came to the country to support his wife and family back in China but has been unable to send any money home.

The subtitles also provide glimpses into Ming's daily life, including his interactions with coworkers at what appears to be a restaurant or food establishment. Conversations among the staff reveal their own struggles with debt, immigration challenges, and the harsh realities of working in a demanding environment. Ming's coworkers discuss their own financial struggles, with some having spent years paying off debts, while others contemplate risky business ventures or illegal activities to improve their situations.

Throughout the subtitles, there is a sense of camaraderie among the characters, despite their hardships. For example, one character lends Ming money to help him out of a tight spot, and there are moments of humor and philosophy amidst the struggles. However, the overall tone remains tense, with Ming's financial troubles and personal regrets weighing heavily on him.

The subtitles also touch on themes of identity and belonging, with characters discussing their experiences as immigrants and the challenges of navigating a new country. There are references to illegal activities, such as human smuggling and fake marriages, which suggest that the characters are part of a larger, complex community grappling with survival and exploitation.

By the end of the subtitles, Ming's situation appears to take a hopeful turn, as he is offered help and encouragement by a coworker. The final line, ""A boat straightens its course when it gets to a bridge,"" suggests a metaphor for overcoming difficulties and finding a path forward, leaving room for optimism despite the challenges Ming and the other characters face."
9390978,"The subtitles describe the story of Charles Highway, a young man navigating love, identity, and coming of age in London. The narrative centers around his attempts to connect with Rachel Noyce, a mysterious and alluring figure who becomes the focus of his infatuation. Charles, often introspective and self-deprecating, reflects on the superficiality of first impressions and the challenges of relationships, particularly in the context of London's social scene.

Charles's journey involves a mix of humor, awkwardness, and emotional vulnerability as he tries to impress Rachel. He prepares meticulously for their encounters, often with mixed results, and faces rejection and misunderstandings along the way. Despite his efforts, Rachel remains elusive, and their relationship evolves through a series of missed opportunities, lies, and revelations.

The story also delves into Charles's family life, introducing characters like his sister, Jenny, and her husband, Norman, who add to the chaotic and often dysfunctional backdrop of his personal struggles. Charles's academic ambitions, particularly his preparations for Oxford, are woven into the narrative, showcasing his intellectual aspirations and inner conflicts.

Ultimately, the story concludes with Charles and Rachel reuniting at an art gallery, where they share a moment of connection and reflection. The ending suggests a sense of closure and mutual understanding, with Charles seeming to accept the complexities of love and relationships. The film explores themes of love, identity, and self-discovery, offering a poignant and often humorous portrayal of young adulthood."
9236650,"The subtitles from ""The Garden of Delights"" paint a complex and emotionally charged narrative that revolves around the life of Antonio, a central character whose journey is marked by family dysfunction, personal struggles, and a tragic accident that alters his life. The story appears to unfold in fragmented flashbacks and present-day scenes, capturing Antonio's childhood, his rise as a businessman, and his eventual downfall.

In the early scenes, Antonio is depicted as a young boy subjected to harsh discipline by his grandfather, who uses fear and punishment to instill obedience. The grandfather's cruelty is juxtaposed with Antonio's vulnerability, as he is threatened with being left in a pigsty as punishment for misbehavior. These moments suggest a deeply troubled and abusive household that shapes Antonio's early years.

As the story progresses, Antonio grows into a successful businessman, taking over the family factory and expanding its operations into construction and other ventures. His ambition and vision lead the company to prosperity, but his personal life is fraught with tension. His relationships with his family members, particularly his father, wife (Luchi), and children, are strained. His children are rebellious and disconnected, and his wife feels neglected and unappreciated. The family's dysfunction is further highlighted by Luchi's emotional pleas for connection and her eventual decision to leave Antonio.

A pivotal moment in the story is Antonio's accident, which leaves him physically and mentally debilitated. His recovery process is slow and painful, with moments of lucidity interspersed with confusion and memory loss. His wife and others around him try to help him regain his faculties, but the process is fraught with setbacks. Antonio's mental state deteriorates, leading to moments of anger, frustration, and despair.

Throughout the subtitles, themes of guilt, redemption, and the consequences of one's actions are explored. Antonio's past decisions, including his treatment of his family and his business dealings, come back to haunt him. The story also touches on the idea of legacy, as Antonio reflects on the family's history and the sacrifices made to build their business empire.

The subtitles also hint at a broader societal context, with references to political upheaval and economic challenges. The family's struggles are set against a backdrop of historical events, such as the declaration of the Republic in 1931 and the turmoil of the Spanish Civil War in 1936. These events seem to influence Antonio's worldview and the family's fortunes.

Ultimately, the narrative seems to build toward a tragic conclusion, with Antonio grappling with the loss of his mother, the dissolution of his family, and the decline of his business empire. The subtitles suggest a sense of inevitable downfall, as Antonio's physical and mental condition worsens, and those around him struggle to cope with the consequences of his actions.

The story of ""The Garden of Delights"" appears to be a bleak and introspective exploration of family, power, and the human condition, with Antonio's journey serving as a cautionary tale about the costs of ambition and the enduring impact of trauma."
9311057,"The story intertwines the lives of two American icons, Elvis Presley and Richard Nixon, across the decades from the 1950s to 1970. Elvis, the ""King of Rock and Roll,"" begins his journey as a young man with big dreams, rising from obscurity to fame, while Nixon, the ambitious politician, navigates the complexities of power and public perception. Both men experience rises and falls, with Elvis transitioning from a rebellious rocker to a Hollywood star and Nixon facing political setbacks and comebacks.

The narrative highlights key moments in their lives: Elvis's early success in the 1950s, his military service, and his eventual decline into isolation and financial struggles; Nixon's ""Checkers"" speech, his loss to JFK in 1960, and his later resurgence in 1968. By 1970, Elvis, feeling adrift and unhappy, embarks on a spontaneous trip to Washington, D.C., where he hopes to meet Nixon and become a federal agent to combat the growing drug culture. The meeting between the two men is both surreal and symbolic, reflecting their shared patriotism and desire to influence America's youth.

Ultimately, the film explores themes of fame, identity, and the interconnectedness of two men who shaped American culture in profound ways."
9390872,"**Plot Summary:**

The movie centers around a tense hijacking scenario on a plane where FBI Agent Gretchen Blair finds herself entangled in a complex web of crime and deception. The story begins with Gretchen, an experienced hostage negotiator, engaging in a personal conversation that hints at her emotional vulnerabilities. The plot quickly escalates as Gretchen boards a flight where she encounters Terry, a charismatic but enigmatic figure who reveals that the plane is under threat from hijackers.

As the story unfolds, Gretchen discovers that Terry is being pursued by his former partners, who are determined to retrieve a valuable item hidden on the plane. The hijackers, including Terry's ex-partner Sadie, take control of the aircraft, leading to a series of intense confrontations. The situation becomes more complicated with the involvement of Luke Byres, a corrupt air marshal who is swayed by Terry's offer of a substantial sum of money.

The hijackers orchestrate a fake mechanical failure to cover their tracks, planning to escape with the valuables while making it appear as though the plane crashed due to hydraulic failure. Gretchen and Terry form an uneasy alliance to survive, navigating through the hijackers' threats and the marshal's betrayal.

In a thrilling climax, Gretchen and Terry manage to outsmart their captors and escape the plane. The film concludes with a hint of a new beginning as Gretchen and Terry consider disappearing together, possibly to Paris, leaving behind the chaos and corruption they faced. The movie explores themes of trust, betrayal, and redemption, set against the backdrop of a high-stakes hijacking drama."
9240711,"**Movie Summary:**

In a post-apocalyptic world, once teeming with life and vast forests, humanity faces devastation after an alien invasion. The aliens, dependent on wood for survival, enslave humans to harvest this resource. Among the survivors are astronauts, including a doctor, who awaken from a 40-year cryogenic sleep to find civilization in ruins.

The doctor, driven by self-interest and a theory of supply and demand, initially seeks to exploit his medical skills. However, upon encountering enslaved humans, he undergoes a transformation. Leading a group of escaped slaves, they seek the fabled President Demsky, believed to lead a resistance. Disappointed to find the president a defeated man, the doctor takes charge, embodying hope and leadership.

Renaming himself ""The Great Exterminator,"" the doctor spearheads a rebellion, freeing multiple sawmills and inspiring others to join the fight. The film explores themes of hope, rebellion, and freedom, highlighting the doctor's evolution from a selfish individual to a heroic leader in the battle against alien oppressors."
9359018,"""Wise Blood"" is a thought-provoking film that delves into themes of faith, redemption, and existential crisis. Set in a rural landscape that's gradually emptying as people migrate to the city, the story centers around Hazel Motes, a troubled war veteran grappling with his spirituality. Hazel's journey is marked by his rejection of traditional Christianity, leading him to found the Church of Truth Without Christ, a movement that emphasizes self-reliance and dismisses the need for divine redemption.

His path intersects with a cast of complex characters, including Enoch Emory, a mentally unstable young man who becomes infatuated with Hazel and claims to possess ""wise blood,"" and Asa Hawks, a deceitful blind preacher, and his daughter Sabbath Lily, who add layers of moral and spiritual conflict to the narrative.

The film explores Hazel's extreme actions, such as blinding himself, which underscore his profound internal struggles and quest for meaning. The story weaves through themes of belief, doubt, and the search for truth, culminating in Hazel's dramatic downfall. Ultimately, the film presents a bleak yet compelling examination of faith's role in a seemingly godless world, leaving viewers to ponder the characters' fates and the broader implications of their journeys."
9373921,"The movie follows Luther and Nora Krank, a couple who decide to skip Christmas after their daughter Blair joins the Peace Corps and won’t be home for the holidays. They plan to save money and go on a Caribbean cruise instead. However, their decision upsets their neighbors, particularly Vic Frohmeyer, who is passionate about Christmas traditions. 

As Christmas approaches, Luther’s attempts to avoid the holiday lead to humorous conflicts, such as refusing to buy a tree or put up decorations. Meanwhile, Blair surprises her parents by announcing she’s coming home with her fiancé, Enrique, forcing the Kranks to scramble and reunite with their community to prepare a last-minute Christmas celebration.

The film explores themes of family, community, and the true meaning of Christmas, as Luther and Nora learn to put aside their selfish plans and embrace the holiday spirit once again."
9244994,"The movie revolves around the complex life of Charlie Moran, a man entangled in a web of crime, personal struggles, and nostalgic reflections. The plot is set against the backdrop of a criminal underworld where Charlie and his associates, including his cousin Paulie, navigate a series of misadventures. Central to the story is a heist involving a safe-cracking job that goes awry, resulting in the death of a police officer and subsequent repercussions. The characters grapple with the consequences of their actions, including betrayal, loyalty, and the pursuit of redemption.

Intertwined with the criminal elements is the personal drama of Charlie's relationship with Diane, who announces her pregnancy, adding emotional depth to the narrative. The story also explores themes of identity and community, particularly through Charlie's reflections on his Italian heritage and the expectations tied to it.

A significant subplot involves a racehorse named Starry Hope, symbolizing the characters' hopes, risks, and the elusive nature of fortune. The recurring song ""The Summer Wind"" serves as a nostalgic motif, reflecting on lost love and the passage of time, underscoring the bittersweet and often melancholic tone of the film.

Ultimately, the movie portrays a tale of flawed characters striving for a better life amidst the turmoil of their choices, highlighting themes of loyalty, betrayal, and the enduring impact of past decisions."
9183610,"**The Brothers Grimm: A Tale of Two Worlds**

Set against the backdrop of war-torn Europe in the early 19th century, the film follows the lives of Jacob and Wilhelm Grimm, two scholars tasked with compiling a family history for the demanding Duke. The brothers navigate a world torn between academic rigor and the enchantment of folklore, as they collect and write down beloved fairy tales like Cinderella and Snow White.

Jacob, though romantically entangled with Greta, finds himself bound to his ailing brother Wilhelm, who teeters on the brink of death. Their journey is marked by financial hardship, personal sacrifice, and the Duke's relentless pressure. Yet, their passion for storytelling endures, highlighted by encounters with a mysterious tale-spinning old woman.

In the climax, the brothers receive acclaim for their scholarly work, but they come to realize the enduring value of their fairy tales. The film weaves a tale of brotherhood, love, and the triumph of storytelling, ultimately celebrating the preservation of folklore and the balance between duty and passion."
9300681,"The subtitles depict the story of Henri Young, a prisoner at Alcatraz, who is involved in a dramatic escape attempt. The story begins with a chaotic scene of an escape attempt, where Henri and other inmates, including Rufus McCain, are caught and apprehended. The newsreel recounts the incident, highlighting the harsh conditions of Alcatraz and the consequences for the escapees, including Henri's prolonged solitary confinement.

Henri's backstory is revealed through his lawyer, James Stamphill, who defends him in a trial for murdering Rufus McCain with a spoon. Henri's time in solitary confinement is a central theme, with the defense arguing that the inhumane conditions at Alcatraz, including over three years in darkness, drove Henri to commit the crime. The prosecution, however, portrays Henri as a calculating murderer.

The trial becomes a broader critique of the Alcatraz prison system, with Stamphill accusing the institution of torture and mistreatment. Despite the challenges, the jury delivers a verdict of involuntary manslaughter, sparing Henri from the death penalty. The subtitles also show the aftermath, where Henri's case leads to an investigation of Alcatraz, the closure of its dungeons, and the conviction of Associate Warden Glenn for mistreatment of prisoners.

Ultimately, the story highlights Henri's resilience and the impact of his case on exposing the harsh realities of Alcatraz, leading to systemic changes. Henri's journey is one of triumph over oppression, as he finds a sense of victory in his struggle against the prison system."
9480779,"The movie follows a complex web of crime, betrayal, and family dynamics as DEA Agent Kevin White and his brother, Jack, a rogue cop, confront the rise of a new Russian mafia led by Nicolai Rodchenko. Rodchenko, a former KGB agent, has established a lucrative drug empire in Los Angeles, and the DEA is determined to take him down. 

Andre, an informant and grocer coerced into working for Rodchenko, agrees to cooperate with Agent White, providing crucial information about a $20 million drug deal. However, the operation is fraught with danger, and Andre is later murdered, complicating the investigation.

The story delves into the strained relationship between the White brothers. Jack, once a good cop, has become corrupt, driven by greed and personal demons, including a troubled marriage and a strained relationship with their father, who struggles with alcoholism. Kevin, who remains committed to justice, tries to intervene but faces resistance from Jack, who is determined to exploit the situation for personal gain.

The plot reaches a climax during a sting operation at the San Pedro docks, where Rodchenko's drug deal is set to take place. Jack's corruption is revealed, and he betrays his brother, leading to a tragic confrontation. Ultimately, Jack is fatally wounded during the operation, sacrificing himself to ensure the success of the sting. 

The film explores themes of corruption, redemption, and the consequences of one's choices, highlighting the personal and professional sacrifices made by law enforcement officers in their pursuit of justice."
9414899,"The subtitles appear to be from the 1974 film *Emmanuelle*, a French erotic drama directed by Just Jaeckin. The story revolves around Emmanuelle, a young and beautiful woman living in Bangkok with her husband, Jean. Jean encourages Emmanuelle to explore her sexuality freely, believing that love and pleasure should not be confined by societal norms or jealousy. Emmanuelle embarks on a journey of self-discovery, engaging in various affairs and experiences as she navigates themes of eroticism, freedom, and the boundaries of love.

The dialogue suggests a complex exploration of relationships, with Emmanuelle interacting with characters like Marie-Ange, a friend who pushes her to embrace her desires, and Mario, an older man who represents a more refined understanding of eroticism. Emmanuelle's experiences challenge her perceptions of love and marriage, leading to a deeper understanding of herself and her place in the world. The film is known for its philosophical undertones, blending sensuality with a critique of societal expectations."
9435007,"The subtitles describe the story of *Conquest of the Planet of the Apes*, the fourth film in the original *Planet of the Apes* series. The plot centers around Caesar, the son of Cornelius and Zira, who is destined to lead the apes to freedom and challenge the oppressive rule of humans. The story begins with a narration of the apocalyptic backstory, where humans wage war against apes and reduce them to slavery. Caesar, miraculously born to two intelligent apes, grows up to lead a rebellion against human tyranny.

The story unfolds in a post-apocalyptic world where apes and humans coexist in a tense hierarchy. Caesar, now a wise and compassionate leader, seeks to create a harmonious society where apes and humans can live together in peace. However, his efforts are threatened by the hatred and violence of both humans and renegade apes, particularly General Aldo, a power-hungry gorilla who desires war and domination.

Caesar embarks on a dangerous journey to the ruins of a forbidden city to uncover the secrets of his parents and the fate of the world. Along the way, he discovers tapes revealing the truth about his parents and the events that led to the apocalypse. Meanwhile, Aldo seizes power in Ape City, imprisons humans, and violates the sacred ape law by killing one of Caesar's own children.

The film reaches its climax as Caesar confronts Aldo and his followers, calling for an end to violence and vengeance. In a poignant moment, Caesar emphasizes the moral and ethical responsibility of both apes and humans to break the cycle of hatred and bloodshed. The story concludes on a hopeful note, with Caesar and his followers beginning to rebuild their society, striving for a future where apes and humans can coexist in peace and mutual respect."
9511693,"The subtitles describe the story of Esther, a young Jewish woman who rises to become queen of Persia during the reign of King Xerxes. The narrative begins with philosophical musings about destiny and purpose, introducing Esther (also known as Hadassah) as a Jewish orphan chosen by God to stand against the annihilation of her people. The story flashes back to the ancient conflict between the Israelites and the Amalekites, specifically highlighting King Saul's failure to completely destroy the Amalekites, including their king, Agag. This act of disobedience sets the stage for the descendants of Agag, particularly Haman, who seek vengeance against the Jews.

Esther's journey begins in the bustling city of Susa, where she lives with her uncle Mordecai, a Jewish scribe. Mordecai advises Esther to hide her Jewish identity when she is taken into the palace to compete for the position of queen after the dismissal of Queen Vashti. Esther, renamed ""Esther of Susa,"" is chosen by King Xerxes for her beauty, grace, and wisdom. Despite her new role, she faces internal conflict about her Jewish heritage and the dangers of revealing it in a hostile environment.

Haman, an Agagite and one of the king's highest officials, harbors a deep hatred for the Jews and plots their destruction. He manipulates King Xerxes into issuing a decree calling for the annihilation of all Jews in the empire on the 13th day of the month of Adar. Mordecai, aware of the danger, urges Esther to use her position to intercede on behalf of her people. Esther, though fearful of breaking protocol and risking her life, agrees to act. She requests that Mordecai gather the Jews to fast and pray, and she prepares to approach the king unsummoned, knowing it could mean her death.

The story reaches its climax as Esther courageously confronts King Xerxes, revealing her Jewish identity and pleading for the lives of her people. She exposes Haman's treachery, and the king, realizing the truth, orders Haman's execution. A new decree is issued, allowing the Jews to defend themselves against their enemies. On the day of the planned annihilation, the Jews emerge victorious, and the story concludes with a celebration of their deliverance, which becomes the origin of the Jewish holiday of Purim.

Throughout the narrative, themes of faith, divine providence, and the courage to stand against oppression are central. Esther's story is portrayed as a testament to the enduring power of faith and the idea that individuals can change the course of history through their actions."
9264457,"**Plot Summary:**

Joanna Leiningen travels to the jungle to meet her husband, Christopher, whom she married by proxy. Upon arrival, she discovers the harsh realities of jungle life and the immense power Christopher wields. Their relationship starts rocky, with clashes over past experiences and pride. As they navigate their differences, a looming threat emerges: the marabunta, a devastating swarm of soldier ants. Despite efforts to combat them, the ants destroy the plantation, leading Christopher to make a sacrificial decision to save what's left. In the end, amidst loss, Joanna and Christopher find love and commitment to each other, standing together against the jungle's perils."
9413144,"**Plot Summary:**

The story revolves around Harvey Cheyne, a spoiled and privileged young boy whose life takes a dramatic turn. Harvey's journey begins at an elite boarding school where he faces social exclusion and disciplinary actions due to his misconduct, including an attempt to bribe a teacher. His father, a wealthy and distant tycoon, intervenes and decides to take Harvey on a trip to Europe, hoping to instill some discipline and responsibility.

However, fate intervenes when Harvey falls overboard from the ocean liner and is rescued by a fishing schooner called the *We're Here*. On board, he meets a crew of rugged fishermen, including the seasoned Captain Disko Troop and the kind-hearted Manuel, who take him under their wing. Initially, Harvey struggles with the harsh realities of life at sea and the physical demands of fishing, but Manuel's wisdom and the crew's camaraderie gradually transform him.

Manuel, who has his own tragic backstory, becomes a father figure to Harvey, teaching him the value of hard work, honesty, and the importance of human connections. Harvey learns to appreciate the simplicity and dignity of the fishermen's lives and begins to shed his spoiled demeanor.

Tragedy strikes when Manuel dies in an accident during a competitive race with another fishing vessel. Harvey is deeply grieved but also inspired by the lessons Manuel imparted. In the end, Harvey reconciles with his father and decides to honor Manuel's legacy by continuing his life as a fisherman. The film concludes with Harvey, now more mature and grounded, setting sail once again, symbolizing his commitment to the values Manuel taught him.

The story is a poignant exploration of redemption, the power of mentorship, and the journey from privilege to purpose, set against the backdrop of the rugged and unforgiving sea."
9317217,
9369946,"**Summary of ""Sleeping Beauty"":**

In a faraway kingdom, a king and queen celebrate the birth of their beloved daughter, Princess Aurora. However, the festivities are marred by the vengeful curse of Maleficent, who, angered at not being invited, curses the princess to prick her finger on a spinning wheel and die on her 16th birthday. Three good fairies—Flora, Fauna, and Merryweather—intervene, mitigating the curse so that instead of death, Aurora will fall into a deep sleep until awakened by true love's kiss.

As Aurora grows up under the fairies' care, she meets Prince Phillip in the forest, and they fall in love. On her 16th birthday, Aurora discovers the spinning wheel and pricks her finger, falling into a magical slumber. Maleficent imprisons Phillip, but the fairies help him escape. In a climactic battle, Phillip defeats Maleficent, who transforms into a dragon, and awakens Aurora with a kiss. The film concludes with the kingdom awakening from its enchanted sleep, and the couple happily marrying, marking a triumph of good over evil.

""Sleeping Beauty"" is renowned for its stunning medieval-inspired animation, innovative widescreen format, and memorable characters, solidifying its place as a landmark in Disney's cinematic history."
9503643,"**Plot Summary:**

The story revolves around the intricate lives of two mothers, Bea Pullman and Delilah Johnson, and their daughters, Jessie and Peola, respectively, set against the backdrop of racial identity, business aspirations, and personal sacrifices.

Bea, a widow, manages her late husband's maple syrup business while raising her daughter Jessie. Delilah, a Black woman, joins Bea's household with her light-skinned daughter Peola, who struggles with her racial identity. The two women form a partnership, launching a successful pancake business that flourishes, bringing financial stability and a sense of purpose.

However, their lives are complicated by personal challenges. Peola's internal conflict over her race escalates, leading to a heart-wrenching departure from her mother. Bea, meanwhile, finds love with Stephen Archer, an ichthyologist, but their relationship is complicated by Jessie's infatuation with him, prompting Bea to end the romance to protect her daughter.

The narrative takes a poignant turn with Delilah's declining health and eventual death, marked by her wish for a grand funeral. Peola's return too late for reconciliation underscores the unresolved emotional wounds. The film concludes with Bea reflecting on the sacrifices and bonds that shaped their lives, highlighting the enduring impact of love and loss."
9431745,"**Fiddler on the Roof: A Summary of the Plot**

Set in the small Jewish village of Anatevka, *Fiddler on the Roof* tells the story of Tevye, a poor milkman, and his family as they navigate the challenges of maintaining tradition in a changing world. The narrative is rich with themes of faith, family, and resilience.

The story begins with Tevye, who often converses with God, discussing the balance of life in Anatevka, where tradition is paramount. The arrival of Yente, the matchmaker, sets off a series of events as she seeks to find suitable husbands for Tevye's daughters. Tzeitel, the eldest, is betrothed to Lazar Wolf, a wealthy butcher, but she is in love with Motel, a poor tailor. Tevye, torn between tradition and his daughter's happiness, ultimately allows Tzeitel to marry Motel, marking a significant departure from tradition.

The narrative continues with Perchik, a radical and educated student, who challenges the community's traditions. He and Hodel, another of Tevye's daughters, fall in love and become engaged. However, Perchik's activism leads to his arrest and exile to Siberia, prompting Hodel to leave her family and join him, showcasing her unwavering commitment to her beliefs.

Chava, the third daughter, faces the most significant conflict when she falls in love with Fyedka, a non-Jewish man. Despite the family's objections, Chava marries Fyedka, leading to her estrangement from Tevye, who cannot reconcile this union with his faith.

The community's life is further disrupted by an edict forcing the Jews to leave Anatevka. As the villagers prepare to depart, Tevye's family embarks on a journey to America, symbolizing a hopeful yet uncertain future. The story concludes with the family's resilience in the face of loss, as they hold onto their traditions and hope for a better life.

Through its vivid characters and poignant storyline, *Fiddler on the Roof* explores the tension between tradition and change, the strength of family bonds, and the enduring spirit of a community facing adversity."
9431572,"**Title:** **Black Sunday**

**Plot Summary:**

""Black Sunday"" is a high-stakes thriller that intertwines terrorism, espionage, and suspense, set against the backdrop of the Super Bowl. The plot revolves around a daring terrorist attack planned by the Black September movement, targeting the heavily attended football game in Miami's Orange Bowl Stadium, where the President of the United States is in attendance.

The story begins with Michael J. Lander, a former Navy pilot haunted by his past as a prisoner of war, who becomes entangled in a plot led by the enigmatic Dahlia Iyad. Dahlia, a member of the Black September group, orchestrates a plan to detonate a massive bomb from a Goodyear blimp above the stadium, aiming to kill thousands and make a powerful political statement.

As the Super Bowl approaches, the tension escalates with the involvement of Israeli intelligence officer Major David Kabakov and FBI agent Sam Corley, who are racing against time to uncover and thwart the plot. The terrorists' plan involves using the blimp to deploy a lethal explosive device designed to rain down deadly darts on the crowd, ensuring maximum casualties.

The film builds towards a climactic showdown as Kabakov and Corley navigate a complex web of international intrigue, personal vendettas, and strategic counter-terrorism measures. The terrorists' motivations are deeply rooted in historical grievances, adding depth to the narrative, while the heroes face their own moral dilemmas and professional challenges.

In the end, the security forces manage to neutralize the threat, but not without intense action sequences, including a dramatic confrontation involving police helicopters and a desperate attempt to shoot down the blimp. The movie culminates in a suspenseful resolution that highlights the bravery and sacrifice required to protect innocent lives from terrorism.

""Black Sunday"" is a gripping tale of terrorism, heroism, and the high stakes of international conflict, capturing the essence of a real and present danger through its intricate plot and compelling characters."
9197468,"The subtitles appear to be from a war movie, likely based on real events, focusing on the experiences of Sergeant Major Charlie Coward, a British prisoner of war (POW) during World War II. The story revolves around his resourcefulness, daring escape attempts, and interactions with fellow prisoners and German guards.

The plot begins with Charlie Coward, an ordinary soldier with extraordinary qualities, who becomes a key figure in planning and executing a massive escape from a POW camp. The prisoners, led by Coward, meticulously prepare for the escape by digging a tunnel, forging documents, and gathering supplies. The tunnel is a complex engineering feat, with detailed planning and precautions to avoid detection.

As the escape approaches, tension builds. The prisoners face challenges such as claustrophobia, cave-ins, and the constant threat of discovery by German guards. Despite these obstacles, they remain determined to escape, driven by their duty as soldiers to resist their captors.

The subtitles also depict interactions with a mysterious woman, Irena, who appears to be part of the Polish underground. She assists Coward in obtaining crucial materials and information, adding a layer of espionage and suspense to the story.

The escape itself is a high-stakes operation, with prisoners assigned specific roles and timings. The tunnel breaks through near a guard tower, and the first man out signals the others with a pebble. However, the escape is fraught with danger, and not all prisoners succeed in evading capture.

Ultimately, the story highlights the resilience and ingenuity of the prisoners, the risks they take, and the emotional toll of their experiences. The subtitles suggest a mix of action, drama, and camaraderie, with a focus on the human spirit in the face of adversity."
9508818,"The movie revolves around a dysfunctional family navigating a complex web of financial struggles, interpersonal conflicts, and hidden secrets. The story begins with the family adjusting to a new home, filled with potential for renovation but also financial strain. The arrival of a new baby, Alice, introduces additional stress, particularly for the mother, who is already overwhelmed.

Tensions rise between the siblings, Tom and Jess, and their parents, as Tom's rebellious behavior and late nights lead to confrontations with his father. The plot takes a dramatic turn when Tom accuses his father of inappropriate behavior with his sister, Jess. This accusation sparks intense emotional turmoil, with the father vehemently denying the allegations and threatening to send Tom to a care home, escalating the family conflict.

As the family's dynamics deteriorate, the mother's health declines, leading to a hospital stay, which further strains the household. Tom struggles with his emotions and the fallout from his accusations, leading to a climactic breakdown in family relationships. The film concludes with the family on the brink of collapse, leaving the resolution open-ended and the future uncertain.

The movie explores themes of family dysfunction, secrets, and the challenges of maintaining relationships amidst turmoil, highlighting the delicate balance between love, trust, and the pressures of daily life."
9374179,"The plot revolves around the journey of Oliver Twist, an orphan born in a workhouse where his mother dies shortly after giving birth. Named by the workhouse officials, Oliver grows up under harsh conditions and is eventually apprenticed to an undertaker, Mr. Sowerberry, where he is poorly treated. Fleeing to London, Oliver encounters the Artful Dodger, who introduces him to a gang of pickpockets led by the sinister Fagin. 

Despite being drawn into a life of crime, Oliver's innocence and refusal to steal lead to his capture during a burglary. He is taken in by the kind Mr. Brownlow, who notices a striking resemblance between Oliver and a portrait, hinting at a deeper connection. As Oliver settles into a life of comfort and learning, Fagin and his cohorts, including the violent Bill Sikes and the tragic Nancy, attempt to reclaim him. Nancy, who develops a protective affection for Oliver, risks her life to inform Brownlow about the dangers he faces, revealing that Monks, a mysterious figure, seeks to eliminate Oliver due to a shared inheritance.

Through a series of twists, Monks is exposed as Oliver's half-brother, and the truth about Oliver's lineage is uncovered. The novel concludes with the villains meeting their downfall, and Oliver discovering his true identity, finally finding a sense of belonging and security under Brownlow's care."
9494373,"**Movie Plot Summary:**

The story revolves around the Jones family, particularly focusing on the relationship between Theresa Jones, a young Black woman, and her White boyfriend, Simon Green. Theresa's father, Percy Jones, is a protective and traditional man who initially disapproves of Simon due to their racial differences and Simon's unemployment. Percy's overprotectiveness and humorous yet tense interactions with Simon drive much of the plot, as he struggles to accept Simon into their family.

Simon, eager to win Percy's approval, lies about his past, claiming to have been involved in NASCAR, which adds a layer of comedy and complexity to his character. Meanwhile, Theresa and Simon face their own challenges, including trust issues stemming from Simon's decision to quit his job without informing her, which creates tension in their relationship.

Marilyn, Percy's wife and Theresa's mother, acts as the voice of reason, encouraging Percy to accept Simon and supporting her daughter's relationship. The family's dynamics are further explored through a grand anniversary party they host, which serves as a backdrop for resolving their conflicts and showcasing their growth.

Ultimately, the film navigates themes of love, acceptance, and family, culminating in a heartfelt moment where Percy publicly accepts Simon as his future son-in-law. The movie blends humor, emotional depth, and a touching conclusion, emphasizing the importance of family bonds and understanding in overcoming differences."
9292210,"**Plot Summary:**

Set during World War II, the story revolves around a daring rescue mission orchestrated by the Allies. The plot centers on Martha Grossman, a Jewish scientist whose intelligence on German jet engine experiments was crucial to the Allied forces. After her protector's death, Martha is imprisoned in a Nazi concentration camp, where she faces brutal treatment.

The Allies devise a plan to extract Martha by sending two skilled Women's Army Corps officers, Linda Harman and Grace Freeman. These women undergo rigorous training to memorize information and are parachuted into enemy territory. They are captured and taken to the camp, where they endure forced labor, medical experiments, and inhumane conditions.

Despite the harsh environment, Linda and Grace courageously gather intelligence and gain the trust of Martha. The rescue mission, coordinated with the French resistance, involves a diversionary attack on the camp. The plan succeeds, and the three women escape, aided by Martha, who plays a key role in their flight.

The story concludes with their successful evacuation to London, highlighting the bravery and sacrifices of the women involved. The narrative reflects on the personal and emotional toll of their experiences, underscoring the significance of their mission in the broader context of the war."
9251546,"**The Marriage of Maria Braun: A Tale of Love, Loss, and Resilience**

Set in the aftermath of World War II, ""The Marriage of Maria Braun"" delves into the tumultuous life of Maria Braun, a woman navigating the complexities of love, survival, and economic hardship in a war-torn Germany. The film opens with Maria's marriage to Hermann Braun, a union marked by tension and uncertainty. Shortly after the wedding, Hermann disappears, leaving Maria in a state of limbo, unsure of his fate.

As the story unfolds, Maria's world is one of loss and adaptation. The subtitles reveal a society grappling with the scarcity of men and the abundance of women, hinting at the demographic imbalance caused by the war. Maria encounters other women, each with their own tales of woe, such as a widow whose husband died under harrowing circumstances in Norway. These interactions underscore the collective grief and resilience of women during this period.

Maria's own journey is marked by her unwavering loyalty to Hermann, despite his absence. She enters into a relationship with an American soldier, Bill, which serves as both a means of survival and a coping mechanism. Her refusal to accept Bill's marriage proposal highlights her enduring emotional bond with Hermann, even as she confronts the harsh realities of her situation.

The narrative also touches on themes of economic struggle, with Maria working in a bar and engaging in transactions involving ration cards and other goods. Her pregnancy and decision to keep the baby, naming him Hermann, symbolize her steadfast commitment to her absent husband and her hope for a future that includes him.

The film's climax revolves around the revelation of Hermann's death, as indicated by the reading of his will. Maria inherits wealth and property, yet these material gains do not alleviate her emotional pain. The story concludes with a historical note, as Germany's victory in the 1954 World Cup serves as a backdrop, symbolizing a nation's recovery and renewed hope.

Ultimately, ""The Marriage of Maria Braun"" is a poignant exploration of love, loss, and survival. It portrays Maria as a symbol of resilience, a woman who, despite the trials of war and its aftermath, holds onto love and hope, even in the face of overwhelming adversity."
9505541,"The subtitles appear to follow the adventures of a character named Bill Keller, a former Marine who finds himself navigating a series of misadventures, romantic entanglements, and criminal dealings. The plot begins with Bill's military background, where he is disciplined for misconduct, and transitions to his civilian life in New York City during the Great Depression. He meets Patricia Brent (Pat), a resourceful and determined woman, and the two form a romantic connection while struggling with poverty and unemployment.

Bill takes on various jobs, including working as a chauffeur for a wealthy woman, Mrs. Newberry, and later becoming involved with a shady character named Weber, who appears to be involved in illegal activities such as smuggling and bootlegging. Bill's involvement with Weber leads to dangerous situations, including encounters with hijackers, police corruption, and violent confrontations.

Throughout the story, Bill's loyalty to Pat is tested, and he ultimately decides to leave Weber's employ, resigning from his position and attempting to escape the criminal underworld. The subtitles suggest a mix of humor, romance, and action, with Bill's charismatic but troublesome personality driving much of the plot. The story concludes with Bill re-enlisting in the military, possibly to escape his troubles, while Pat seems to be considering her own path forward."
9218232,"The movie is set in a futuristic 2026 where archaeologists uncover a portal known as the Ark, leading to an ancient Martian city. Twenty years later, a Level 5 breach at the Olduvai facility prompts the Union Aerospace Corporation (UAC) to deploy the Rapid Response Tactical Squad (RRTS), led by the seasoned Sergeant (Sarge), to contain the threat.

The RRTS team, including Reaper, Portman, Duke, Goat, and others, is tasked with investigating and neutralizing the breach. They soon discover that the facility was conducting secret experiments involving a bioengineered chromosome, C-24, intended to enhance human capabilities. However, the experiments horribly mutate subjects, turning some into violent creatures.

As the team delves deeper, they encounter infected scientists and monstrous beings, uncovering the dark truth behind the C-24 experiments. The chromosome's impact varies; some, like the ancient being Lucy, retain superhuman traits without turning violent, while others, like Curtis Stahl, become grotesque mutants.

The mission intensifies with internal conflicts, particularly when Sarge's extreme measures to contain the outbreak, including killing survivors, spark moral dilemmas. Reaper, haunted by his parents' death in a prior Ark-related incident, confronts Sarge, leading to a tense standoff.

Ultimately, Reaper and a few survivors escape to Earth, forever scarred by their ordeal. The film concludes with a reflective song echoing the characters' moral struggles and the consequences of scientific ambition. The story intertwines horror, action, and drama, exploring themes of genetic experimentation and ethical containment."
9432333,"The subtitles provided appear to be from the movie *The Triplets of Belleville* (French title: *Belleville Rendez-vous*), a 2003 animated film by Sylvain Chomet. The plot revolves around a young boy named Champion and his grandmother, who are involved in a dramatic and eccentric adventure. The story is framed around the Tour de France, where Champion, a professional cyclist, is kidnapped during the race by a mysterious group. The grandmother sets out on a journey to rescue him, teaming up with the enigmatic and larger-than-life Triplets of Belleville, who were once famous singers but are now elderly women with unique personalities and skills.

The subtitles suggest a mix of high-stakes cycling action, quirky humor, and emotional depth, as the grandmother and the triplets navigate their mission to save Champion. The film is known for its visually striking animation, offbeat characters, and a blend of drama and absurdity."
9443273,"The subtitles describe a dynamic and action-packed plot that combines elements of skateboarding, family drama, scientific experimentation, and redemption. Here’s a summary of the story:

---

The story centers around **Tony Valdez**, a talented but self-centered skateboarder who gains fame and adoration for his skills. Tony competes in the West Coast Regional Championships, where he faces off against his rival, **Z-Man**, and showcases his exceptional abilities. However, Tony's life is complicated by his relationships, particularly with his parents, **George** and **Maria Valdez**, who are scientists working on groundbreaking nanotechnology and robotics research. Tony is dismissive of their work and prioritizes his skateboarding career over their aspirations.

Tony's life takes a dramatic turn when his parents are killed in a car accident, which he later discovers was no accident but a murder orchestrated by **Nigel**, a corrupt partner in their research. Nigel had been using their research for illegal and dangerous experiments, testing nanobots on human subjects, which led to tragic consequences. Tony is devastated and feels guilty for not understanding or supporting his parents' work.

After the accident, Tony is left severely injured and unable to walk. His cousin, **Reuben**, and his friend, **Sammi**, help him recover. Sammi, a tech genius, integrates the Valdez's nanotechnology into Tony's braces and boots, allowing him to walk and skate again. This technology also gives him enhanced strength and agility, which he uses to fight against the villains responsible for his parents' death.

Tony adopts the persona of **The Condor**, a mysterious vigilante who protects the innocent and confronts criminals. He faces off against Berto and Filipo, friends who have been brainwashed or coerced into working for the antagonists. Tony's journey is one of redemption as he learns to use his newfound abilities for good and to honor his parents' legacy.

Throughout the story, Tony's relationships evolve. He grows closer to Sammi, who supports him emotionally and technically, and he learns to appreciate the sacrifices his parents made for him. Meanwhile, Nigel and his associates continue their nefarious plans, leading to a climactic showdown where Tony must stop them from misusing the nanotechnology for global chaos.

The plot weaves together themes of family, redemption, and the consequences of scientific greed, culminating in Tony's transformation from a self-centered skateboarder to a hero determined to make amends and fight for justice.

--- 

This summary captures the essence of the subtitles, blending action, drama, and sci-fi elements into a compelling narrative."
9465240,"**Plot Summary:**

The movie follows the story of Troy Bolton, a star basketball player at East High, and Gabriella Montez, a shy and academically gifted new student. The two meet on New Year's Eve and discover a shared love for singing. Despite their instant connection, they face challenges as they navigate their different worlds.

Troy is pressured by his basketball team to focus solely on the upcoming championship game, while Gabriella tries to fit in at her new school. They decide to audition for the school's winter musicale, but their decision creates tension among their peers. Sharpay and Ryan, the school's drama stars, are jealous of their talent and try to sabotage their chances.

As Troy and Gabriella rehearse for the callbacks, they must confront their fears and insecurities. Troy struggles with balancing his basketball commitments and his newfound passion for singing, while Gabriella worries about being judged by her peers. Despite these challenges, they find support in each other and learn to embrace their true selves.

In the end, Troy and Gabriella deliver a powerful performance, earning them a spot in the musicale. Troy also leads his team to a basketball championship victory. The movie concludes with a celebration of their achievements, highlighting the importance of pursuing one's passions and staying true to oneself."
9224597,"The subtitles depict a tale of perseverance, betrayal, and the enduring spirit of the Shaolin Temple. A group of determined young men, including Fang Shiyu, Hu Huiqian, and Hong Xiguan, endure hardships to gain entry into the Shaolin Temple, seeking martial arts training. Despite initial resistance, the Abbot decides to accept outsiders to preserve the temple's martial arts legacy amidst impending calamity.

As the new students struggle with rigorous training and temple rules, Fang Shiyu's desire for vengeance often puts him at odds with the temple's principles. Meanwhile, Ma Fuyi, revealed as a Qing spy, collaborates with government officials to dismantle the temple. The Qing army, led by Prince Mangui, launches a devastating attack on Shaolin, exploiting internal betrayal and poison to weaken the monks.

In the climactic battle, the temple falls, but its martial arts traditions survive through escaping students and monks. The story concludes with the resolve to keep Shaolin's teachings alive and continue the resistance against the Qing Dynasty."
9225700,"The subtitles depict a high-stakes action thriller centered around a hockey game during the Stanley Cup finals between the Pittsburgh Penguins and the Chicago Blackhawks. The story intertwines a dramatic sporting event with a tense hostage situation and a terrorist threat.

The plot begins with a chaotic scene involving firefighters responding to an emergency, where Darren, a firefighter, rescues a young girl. However, the focus quickly shifts to the hockey game, where the Vice President of the United States is in attendance. Security measures are heightened, but the atmosphere turns deadly when a group of armed men, led by a ruthless and cunning leader, take control of the owner's box, holding the Vice President, several officials, and Darren's daughter, Emily, hostage.

The leader of the group demands the transfer of $1.7 billion from frozen bank accounts, threatening to detonate explosives planted throughout the arena if his demands are not met. The situation becomes increasingly dire as the group begins killing hostages to demonstrate their resolve.

Darren, who is also at the arena, discovers the crisis and takes matters into his own hands. Despite the risks, he works to disarm bombs and confront the terrorists, navigating the treacherous situation while trying to protect his children, Emily and Tyler, who are also in the arena. The story reaches its climax as Darren faces off against the terrorist leader in a final, desperate bid to save his daughter and prevent a catastrophic explosion.

Throughout the subtitles, the tension is heightened by the simultaneous progression of the hockey game, which culminates in a dramatic overtime finish. The combination of personal stakes, high-stakes action, and the ticking clock of the game creates a gripping narrative."
9415021,"**Movie Plot Summary:**

The movie revolves around Inspector Krishna, a dedicated and sincere officer from the Crime Branch, who is tasked with investigating the murder of Mr. Madhavrao, a man known for his good deeds but also rumored to be involved in black marketing and illegal businesses. The murder occurs amidst a power struggle between two criminal figures, Shetty and Shankarnarayan, suggesting that Madhavrao's death is a result of this rivalry.

As Krishna delves deeper into the case, he uncovers a complex web of organized crime and corruption. Shetty, a influential figure with ties to illegal activities, is revealed to be involved in various ventures, including a spare parts company and packaging factory, which serve as fronts for his illicit dealings. Despite his criminal activities, Shetty maintains a facade of legitimacy through donations to the Police Fund, making it challenging for Krishna to take action without proper evidence.

Krishna's determination to uphold the law is tested by both the corruption within the police force and personal conflicts. His sister, Bhavna, becomes romantically involved with Shekar, who is implicated in Shetty's operations. This relationship creates tension as Krishna suspects Shekar's involvement in illegal activities, while Bhavna believes in his innocence.

The film explores themes of crime, corruption, and personal loyalty, highlighting Krishna's unwavering commitment to justice despite the obstacles he faces. The plot intertwines the professional challenges of combating organized crime with the personal struggles of protecting his sister, leading to a climax that tests Krishna's resolve and the true nature of those around him."
9385436,"**My Sassy Girl: A Tale of Love, Loss, and Longing**

The film ""My Sassy Girl"" is a poignant and humorous exploration of love and loss, centered around the complex relationship between Gyeon-woo and a girl with a tragic past. The story begins with Gyeon-woo waiting by a time capsule he and his former lover buried two years prior, a symbol of their unfulfilled promise to reunite.

The narrative unfolds through a series of flashbacks, detailing the duo's initial encounters, marked by comedic misunderstandings and the girl's drunken antics. Despite their rocky start, Gyeon-woo is drawn to her vibrant spirit and decides to help her through her grief, stemming from the loss of a loved one. Their relationship deepens as they share moments of tenderness and playful adventures, including a memorable birthday surprise that showcases Gyeon-woo's devotion.

However, their bond is tested when the girl's past resurfaces, revealing her struggle to move beyond her loss. This emotional baggage creates tension, leading to their eventual separation. In a symbolic gesture, they bury letters in a time capsule, agreeing to reunite in two years, hoping the passage of time will bring clarity to their feelings.

In the present, Gyeon-woo channels his experiences into an online story, which gains traction and is adapted into a film. When the two meet again, the girl, now healed but still affectionate, leaves their future uncertain. The film concludes on a bittersweet note, emphasizing the enduring power of love and the unpredictable nature of fate.

Through its blend of humor, drama, and emotional depth, ""My Sassy Girl"" delves into the complexities of relationships, highlighting the resilience of the human heart in the face of love and loss."
9407049,"**Movie Plot Summary:**

The movie centers around Caitlin Fairchild, a young woman recruited by the National Security Committee (NSC) for Project Genesis, a secretive program aimed at developing individuals with genetic enhancements, known as Gen Factors. Unaware of her connection to a Gen 12 operative, Caitlin is drawn into a world of genetic experimentation and super-soldier creation.

As Caitlin undergoes training, she begins to manifest extraordinary abilities, which are catalyzed by the project's experiments. Alongside her friends Roxy and Grunge, Caitlin uncovers the dark truth behind Project Genesis, leading to a dramatic escape from the facility. Their flee is fraught with danger, as they confront the project's ruthless leaders, including the enigmatic and troubled Matthew.

John Lynch, a seasoned operative with ties to Caitlin's past, emerges as a crucial ally. He reveals his connection to her family and the tragic events surrounding her parents' deaths, linking her destiny to the project's origins. Lynch offers guidance, helping Caitlin and her friends navigate their newfound powers and the ethical dilemmas they face.

The film escalates into a confrontation with the project's leaders, highlighting themes of government conspiracy, the ethics of genetic experimentation, and the struggle for freedom. Caitlin and her companions must harness their powers to challenge the oppressive forces and seek a path toward redemption and justice.

In the end, Lynch proposes an alliance to use their abilities for the greater good, setting the stage for a journey of self-discovery and heroism. The movie concludes with a hopeful note, as Caitlin and her friends decide to embrace their roles as champions against injustice, leaving the audience with a sense of their potential to make a positive impact in a flawed world."
9431782,"**Plot Summary:**

The film opens with a tense scene at a restricted area where filming is prohibited, highlighting the oppressive atmosphere. The narrative then shifts to a checkpoint where a woman in labor is desperately in need of medical help. Despite efforts to save her, the baby does not survive, leading to emotional turmoil and blame.

The story transitions to a vibrant setting, focusing on a group of friends in a café discussing relationships, careers, and fashion. Their conversations reveal personal struggles with identity, particularly LGBTQ+ issues, and political tensions surrounding the Israeli-Palestinian conflict.

A pivotal event is the ""Rave Against the Occupation,"" organized as a peaceful protest against the conflict. This event symbolizes the characters' resistance and longing for peace. However, the narrative takes a tragic turn with a bombing at Café Bialik, resulting in injuries and emotional distress.

As the plot unfolds, a suicide bombing attempt and a funeral intensify the conflict, showcasing the cycle of violence and its devastating impact. The film concludes with a poignant reflection on lost opportunities for love and peace, emphasizing the futility of violence and the enduring human spirit.

Through these events, the film explores themes of conflict, identity, love, and the resilience of hope amidst tragedy."
9490624,"**50 First Dates: A Tale of Love and Memory**

In the heartwarming film *50 First Dates*, Lucy Whitmore, played by Drew Barrymore, finds herself trapped in a unique predicament after a car accident leaves her with short-term memory loss. Each morning, Lucy awakens believing it's October 13th of the previous year, unaware of the world beyond that day. Her father, Marlin, and brother, Doug, tirelessly support her, providing her with a tailored routine to navigate her life.

Central to Lucy's story is her encounter with Henry Roth, portrayed by Adam Sandler, a charming aquarium employee smitten by her charm. Despite Lucy's condition, Henry is determined to win her heart, devising creative strategies to help her remember him. Their relationship blossoms through a video tape explaining their connection and a journal that Lucy keeps, chronicling their moments together.

As their bond deepens, Lucy faces the dilemma of her condition, fearing she holds Henry back from his aspirations, such as his planned walrus research expedition. This leads to a poignant decision to end their relationship. However, in a touching twist, Lucy begins singing a song significant to their relationship, hinting that she may remember him after all.

The film concludes on a joyful note with Henry and Lucy reuniting, culminating in their marriage and the start of a family. Their story, enriched with themes of love, memory, and perseverance, highlights the transformative power of true connection.

*50 First Dates* is a testament to the resilience of the human spirit, illustrating how love can transcend even the most challenging obstacles. With a blend of humor and emotional depth, the film captures the essence of enduring love and the beauty of each new beginning."
9191893,"**Plot Summary:**

The movie revolves around Bill, a man who awakens in a hospital with no memory of how he got there. He is under the care of Dr. Ann Johnson, who gradually reveals that he was cryogenically frozen in 1999 and revived 25 years later. Bill struggles to come to terms with his new reality, grappling with memories of his past life, including his fiancée Sherry and his father's death.

As Bill's story unfolds, it becomes clear that he is part of a government-backed cryogenics research program. The medical team, led by Ann, faces ethical dilemmas as they try to prepare Bill for a risky procedure to extract an immunological agent from his body, which could save Ann's sister from a deadly viral syndrome.

Throughout the film, Bill's emotional journey is marked by reflections on love, loss, and identity. The tension escalates as Bill learns of the procedure's risks and the potential sacrifice he must make. The story culminates in a poignant conclusion where Bill's sacrifice highlights themes of trust, morality, and the human spirit's resilience.

The film seamlessly weaves personal narratives with broader ethical questions, creating a rich tapestry of drama and suspense that explores the complexities of scientific experimentation and the human condition."
9203321,"The subtitles describe a violent and intense story involving crime, betrayal, and survival in the Amazon jungle. The plot centers around Mike Logan, a man wanted by the mob for stealing $100,000, and his companions, including Joe, Rudy, Gloria, and Pat. Gloria, an anthropology student, is researching her dissertation on the nonexistence of organized cannibalism, which becomes a central theme.

The group travels to the Amazon, where they encounter dangerous situations, including attacks by indigenous people and internal conflicts. Mike is portrayed as ruthless and responsible for much of the violence, including the death of a local man and the eventual breakdown of the group. Gloria’s research is challenged by the horrifying events they witness, but she survives and later earns her doctorate, proving her theory that cannibalism as an organized practice does not exist.

The story also includes flashbacks and scenes of police investigations, revealing Mike's criminal past and the consequences of his actions. The subtitles suggest a tragic outcome for most of the characters, with only Gloria surviving to complete her thesis, though deeply traumatized by her experiences. The narrative explores themes of violence, greed, and the clash between civilized and primitive societies."
9350953,"**Title:** *Jimmy and the Mermaid: The Tale of a Sea Warrior*

**Plot Summary:**

In a small coastal village, Jimmy, a eccentric and environmentally conscious young man, is often ridiculed by the villagers for his belief in mermaids and his unusual lifestyle. Jimmy, nicknamed ""the sea warrior,"" spends his days cleaning up marine debris with the help of his best friend, Orix, a mischievous ape. His obsession with mermaids stems from a childhood encounter, which only his mother believes. Jimmy is also smitten with Aspalela, the daughter of Wak Pagek, a strict and disapproving man who demands that Jimmy prove his worth by owning land before he can marry his daughter.

Jimmy's life takes a dramatic turn when he discovers a trapped mermaid named Puteri, who reveals herself to him. Puteri, grateful for Jimmy's kindness, helps him by beautifying his artificial island and gifting him a magical conch that can summon her. Jimmy becomes determined to prove the existence of mermaids to the villagers, but his efforts are met with skepticism and mockery, especially from Kordi, a rival suitor for Aspalela's hand who mocks Jimmy's peculiar ways.

As the story unfolds, Kordi captures Puteri and plans to sell her to a wealthy funfair owner, leading Jimmy and his father to hatch a daring rescue plan. With the help of his mermaid friend, Jimmy not only saves Puteri but also uncovers a hidden treasure, which transforms his fortunes and earns him the respect of the villagers. 

In the end, Jimmy becomes a successful and respected figure in the village, even becoming the village head. He reflects on his journey, acknowledging the role of Puteri and his own perseverance in changing his fate. The film ends on a heartfelt note, with Jimmy expressing his gratitude for the unexpected twists in his life and the love he has found, both human and magical.

*Jimmy and the Mermaid* is a heartwarming tale of belief, perseverance, and the power of staying true to oneself, intertwined with elements of comedy, adventure, and romance."
9208124,"**The Princess and the Pauper: A Tale of Identity and Freedom**

In a far-off kingdom, two identical girls, Princess Anneliese and commoner Erika, are born under different circumstances. Anneliese is raised in royalty, while Erika toils as a seamstress under the harsh Madame Carp. Their lives intersect when Anneliese, yearning for freedom, encounters Erika, who dreams of a better life. Their bond forms a plan to switch identities, revealing their striking resemblance except for a birthmark.

As the kingdom faces bankruptcy, Queen's advisor Preminger devises a plot to marry the Queen, seizing power. He kidnaps Anneliese, but Erika bravely impersonates the princess, aided by loyal friends Julian, Wolfie, and Serafina. Together, they unravel Preminger's scheme, restoring peace and exposing his treachery.

The story concludes with the discovery of geodes in the mine, reviving the kingdom's economy. Erika chooses to pursue her passion for singing, while Anneliese marries her true love, Julian. Their journey underscores themes of identity, courage, and the true meaning of freedom, highlighting that happiness lies in following one's heart."
9227393,"The subtitles appear to be from the movie *Sonatine* (1993), directed by Takeshi Kitano. The plot revolves around Murakawa, a mid-level yakuza member who is sent to Okinawa to mediate a conflict between rival gangs. Murakawa is weary of the yakuza lifestyle and considers retiring, but he is drawn into a complex web of violence, loyalty, and betrayal.

The story explores themes of boredom, existential crisis, and the absurdity of yakuza life. While in Okinawa, Murakawa and his men engage in surreal and often humorous activities, such as playing games and interacting with local characters. However, the tranquility is disrupted by escalating violence and power struggles within the yakuza hierarchy.

Murakawa's journey is marked by internal conflict, as he grapples with the meaninglessness of his life and the futility of the violence that surrounds him. The film ultimately builds toward a tragic confrontation, reflecting the darker aspects of the yakuza world and Murakawa's own inevitable fate."
9498452,"The subtitles tell the story of a young boy named Peter, who is a war orphan. The narrative begins with Peter recounting his life story to a doctor, Dr. Evans, who is trying to understand him. Peter explains that he has lived with many relatives and in many places because his parents were killed in the war. He eventually ends up living with a kind, eccentric man named Gramp, who is not his real grandfather but has become a father figure to him. Gramp is a former actor who teaches Peter about life and helps him navigate his struggles.

Peter’s life takes a strange turn when his hair mysteriously turns green overnight. This causes a stir in the community, with people fearing it might be contagious or caused by something harmful. Despite assurances from doctors that his hair is healthy and not contagious, Peter faces ridicule and isolation at school. He struggles with feeling different and wanting to fit in, even as Gramp tries to reassure him that his green hair might be a special sign or a symbol of hope.

The story delves into themes of identity, loss, and the impact of war on children. Peter grapples with the death of his parents and the meaning of his green hair, which becomes a metaphor for his unique experience as a war orphan. Ultimately, Peter learns to embrace his difference and finds a sense of purpose in spreading a message of peace and understanding, inspired by a letter from his late father that emphasizes the importance of preventing future wars.

The subtitles also include songs and whimsical elements, such as Gramp’s storytelling and Peter’s interactions with the community, which add a poetic and emotional depth to the narrative. The overall tone is one of hope and resilience, as Peter navigates his challenges and tries to make sense of his place in the world."
9437146,"The subtitles appear to be from the 1939 comedy-horror film *Zombies on Broadway*, directed by William Beaudine. The plot revolves around the misadventures of two press agents, Jerry Miles (played by Alan Carney) and Mike Streger (played by Wally Brown), who work for nightclub owner Ace Miller (played by Bela Lugosi). Ace wants to promote his new club, the Zombie Hut, by featuring a real zombie, which he believes will attract massive publicity.

To find a zombie, Jerry and Mike travel to the mysterious San Sebastian Island, where they encounter voodoo rituals, dangerous island natives, and the sinister Dr. Renard (played by Leon Belasco), a scientist experimenting with creating zombies. During their adventures, Mike is captured and turned into a zombie by Dr. Renard. Jerry and a local woman, Jean LaDance (played by Anne Gwynne), manage to escape and eventually rescue Mike, restoring him to normal.

Back in New York, the press agents try to pass Mike off as a zombie at the nightclub's opening, but chaos ensues when Mike reverts to his normal self. The story ends with the characters dealing with the fallout of their failed attempt to present a real zombie, highlighting the comedic and chaotic nature of their misadventures."
9459510,"**Plot Summary:**

The story centers around Gordy, a young pig from Meadow Brook Farm, who embarks on a journey to reunite with his family after they are taken away. Gordy's father is removed first, leaving Gordy to care for his mother and siblings. Along the way, Gordy meets Hanky, a boy who becomes his friend and ally. Gordy's bravery shines when he saves Hanky from drowning, turning him into a celebrated hero.

Gordy's newfound fame leads to his becoming the mascot for ""Hero Pig Brands,"" bringing prosperity to the company. However, Gordy's true desire is to find his family. With Hanky's support, they eventually locate Gordy's family at a processing plant in Omaha. In a tense rescue, they successfully free Gordy's family, reuniting them.

The story concludes with the pig family reunited and deciding to remain together on Meadow Brook Farm, emphasizing the importance of family bonds and perseverance."
9364707,"The subtitles provided are from the 2006 film *The Lives of Others* (*Das Leben der Anderen*), directed by Florian Henckel von Donnersmarck. The story is set in 1984 East Berlin, under the oppressive regime of the German Democratic Republic (GDR). The plot revolves around the lives of two main characters: Georg Dreyman, a renowned writer and loyal socialist, and Captain Gerd Wiesler, a Stasi officer tasked with monitoring Dreyman under Operation ""Lazlo.""

The story begins with the Stasi's pervasive surveillance of East German citizens, highlighting their strict control over society. Wiesler is assigned to monitor Dreyman, who is under suspicion of disloyalty despite his outward conformity. Wiesler bugs Dreyman's apartment and listens to his every move, gradually becoming deeply immersed in Dreyman's personal life, including his relationship with his girlfriend, Christa-Maria Sieland, a famous actress.

As Wiesler listens, he discovers Dreyman's growing disillusionment with the regime, particularly after the suicide of his friend Albert Jerska, a blacklisted director. Dreyman decides to write an article about suicide in the GDR, a taboo subject, and smuggles it to the West with the help of his friend Paul Hauser. The article is published in the West German magazine *Der Spiegel*, exposing the regime's cover-up of rising suicide rates.

Wiesler, who initially follows his orders diligently, begins to question the morality of the regime and the Stasi's methods. He starts to protect Dreyman, ensuring that the evidence of the typewriter used to write the article is not discovered. Meanwhile, Christa-Maria is coerced by the Stasi into becoming an informant, leading to her eventual breakdown and arrest for drug use.

After the fall of the Berlin Wall in 1989, Dreyman discovers the extent of the Stasi's surveillance and reads his Stasi file. He learns that Wiesler, code-named ""HGW XX/7,"" was his monitor and that Wiesler had protected him by withholding critical information. Dreyman dedicates his novel, *Sonata for a Good Man*, to Wiesler, expressing gratitude for his silent act of rebellion.

The film explores themes of loyalty, betrayal, and redemption, set against the backdrop of a oppressive regime. It highlights the emotional and psychological toll of constant surveillance and the quiet acts of resistance that can change lives."
9309522,"**Movie Plot Summary:**

The film centers around Tommy Basilio, a man navigating a complex web of personal struggles and relationships, set against the backdrop of the local bar, Trees Lounge. Tommy's life is marked by his job as an ice cream truck driver, a position he took after the death of Uncle Al, whose truck he now operates. This job serves as a symbol of his attempts to find stability and redemption.

Tommy's past is fraught with mistakes, including a contentious relationship with his former boss, Rob, who is also connected to Tommy's ex-girlfriend, Theresa. Their history is filled with tension, particularly regarding a child Tommy believes may be his, adding depth to his emotional journey.

A significant subplot involves Tommy's interaction with Debbie, the daughter of his friend Jerry. Their relationship leads to a violent confrontation with Jerry, highlighting Tommy's penchant for trouble and his inability to escape his past errors.

Throughout the film, Tommy frequents Trees Lounge, where he engages in deep, often contentious conversations with friends and acquaintances. These interactions reveal his internal conflicts and his struggle to find purpose and forgiveness. The bar becomes a sanctuary and a stage for his emotional battles, showcasing his raw, unfiltered personality.

The movie concludes with Tommy reflecting on his life in the same bar, singing about his plight and the choices that have led him to his current state. The ending underscores his ongoing struggles, leaving a sense of melancholy and unresolved personal growth.

Ultimately, the film is a gritty exploration of failure, relationships, and the challenges of adulthood, with Tommy's story serving as a poignant reminder of the difficulties of seeking redemption and finding one's place in the world."
9362189,"**Plot Summary:**

The story centers around the larger-than-life figure Sheridan Whiteside, a renowned radio personality and lecturer, who becomes the houseguest of the Stanleys in Mesalia, Ohio, after a slipping accident on their steps. Whiteside, known for his sharp wit and manipulative nature, turns the quiet Midwestern household upside down with his demanding behavior and eccentric entourage, including exotic pets and a constant stream of visitors.

As Whiteside recuperates, he becomes embroiled in the lives of those around him, particularly Maggie Cutler, his loyal and long-suffering secretary, who finds herself romantically drawn to Bert Jefferson, a local newspaperman with a promising play. Complications arise with the arrival of Lorraine Sheldon, a glamorous actress who complicates Maggie's relationship with Bert, leading to a series of comedic misunderstandings and manipulations orchestrated by Whiteside.

Despite the chaos he unleashes, including a threatened lawsuit and the revelation of a dark family secret, Whiteside's charm and influence eventually prevail, allowing him to outwit his adversaries and maintain his control over the situation. The story concludes with Whiteside's departure, leaving the Stanleys to pick up the pieces, while Maggie and Bert find a path forward together, suggesting a hopeful resolution amidst the mayhem.

The film is a blend of witty dialogue, situational comedy, and heartfelt moments, highlighting Whiteside's larger-than-life personality and the enduring power of love and resilience in the face of chaos."
9467968,"The movie centers around the temporary bond between two women, a traveler and a wife, on a quiet island. The wife, alone with her baby while her husband works in Paris, encounters a free-spirited traveler seeking shelter. They form a connection, sharing stories and personal experiences. The traveler recounts adventurous tales, while the wife opens up about motherhood and childbirth. Their conversations reveal deeper emotions and life choices, including the traveler's past abortion, adding complexity to her character. As the traveler prepares to leave before the husband's return, the story concludes with a sense of connection and reflection on their life journeys. The film is a character-driven exploration of loneliness, kindness, and personal growth."
9336068,"**Movie Summary:**

The film follows Rick Jarmin, a man entangled in the Witness Relocation Program, as he navigates a dangerous web of betrayal and redemption. Haunted by his past, Rick is pursued by corrupt agents Sorenson and Diggs, who seek to eliminate him. His life takes a dramatic turn when he reconnects with Marianne, a figure from his past, whose relationship with him is fraught with tension and unresolved issues.

As Rick and Marianne evade their adversaries, the story unfolds with high-octane action sequences, including car chases, shootouts, and a thrilling climax set in a zoo. Amidst the chaos, Rick's journey delves into themes of survival, loyalty, and the quest for redemption. The film blends action with humor, offering a gripping narrative of a man's struggle to clear his name and find salvation in a world filled with danger and deceit."
9440948,
9285894,"**Plot Summary:**

The movie centers around a high-stakes crisis aboard South Pacific Air Flight 121, traveling from Honolulu to Los Angeles. FBI Agent Neville Flynn is tasked with escorting a key witness, Sean, who is set to testify against the notorious criminal Eddie Kim. Unbeknownst to the passengers, Eddie Kim has orchestrated a deadly plan to eliminate Sean by smuggling hundreds of venomous snakes onto the plane.

As the flight progresses, the snakes escape, causing widespread panic and chaos. The crew and passengers face numerous challenges, including aggressive snake attacks, mechanical failures, and the sudden death of the captain, who suffers a heart attack. With the plane in crisis, Agent Flynn and an unexpected hero, Troy, who has extensive experience with flight simulators, take charge to navigate the aircraft safely to Los Angeles.

The story unfolds with intense moments of survival, as passengers and crew alike deal with snake bites, limited medical resources, and the escalating emergency. Ground authorities, led by Agent Harris, work tirelessly to coordinate a response, including securing the necessary antivenom and preparing for an emergency landing.

In the climax, Troy successfully lands the plane with the guidance of Agent Flynn, saving the lives of the remaining passengers. The movie concludes with the survivors determined to bring Eddie Kim to justice, highlighting themes of courage, quick thinking, and resilience in the face of extreme danger."
9449028,"The subtitles describe a story rich in themes of faith, redemption, and the clash between modernity and indigenous traditions. The narrative centers around Father O'Reilly, a priest grappling with his past and his faith, and Lazaro, a boy with a mysterious and sacred connection to the jungle and its creatures.

The story begins with Father O'Reilly recounting his journey to the Rio Negro ten years earlier. He visits his friend, Father Mahoney, a priest living among the Wai-Kai Indians. Mahoney is a kind and thoughtful man, but his ideas about building hospitals and schools in the jungle are met with skepticism by the Church. The two priests share a deep bond, but their conversation is tinged with tension, as O'Reilly is there to reprimand Mahoney for his unconventional ideas.

The narrative then shifts to a local legend about Mahoney. After his disappearance, the indigenous people believe he was seduced by a dolphin that transformed into a beautiful woman. They claim that Mahoney fathered a child with this mystical being, and the child, Lazaro, is said to live at the edge of the black water, protected by dolphins.

Years later, Lazaro is brought to an orphanage in the city, where he struggles to adapt to a rigid and unforgiving environment. Despite the efforts of Father O'Reilly and Sister Ana to help him, Lazaro is haunted by his past and driven by a desire for revenge against the man who killed his mother, a wealthy and powerful figure named Santos.

As the story unfolds, Lazaro and his friend Segundo, another orphan, flee the orphanage and attempt to navigate the dangers of the city and the jungle. They encounter Santos, who is revealed to be a corrupt political candidate with ties to the gold mines that are destroying the jungle. Lazaro confronts Santos, but their encounter ends in tragedy, with Santos dying under mysterious circumstances.

In the end, Lazaro returns to the jungle, where he is said to live harmoniously with the dolphins and the indigenous people. The Indians revere him as a sacred figure, a symbol of hope and protection. Father O'Reilly reflects on Lazaro's journey, seeing it as a testament to the enduring power of faith and redemption, even in the face of overwhelming adversity.

The subtitles paint a vivid picture of a world torn between the spiritual and the material, where the boundaries between myth and reality blur. The story is a poignant exploration of identity, forgiveness, and the human condition, set against the backdrop of a lush and often unforgiving jungle."
9434540,"**Title:** *The Smuggler's Redemption*

**Plot Summary:**

In the arid expanse of the desert, two brothers, Jake and Will McQueen, find themselves on opposite sides of the law. Jake, a seasoned smuggler, evades capture for years, while Will, a determined U.S. Marshal, is tasked with bringing him in. Their fraternal bond is tested when Will confronts Jake, who is wanted for smuggling people across the border, driven by a desire to help migrants seeking a better life. This act of kindness marks Jake's transformation from outlaw to protector.

The narrative unfolds in a dystopian setting where a luminous dome encases Los Angeles, symbolizing safety and progress, while the surrounding zones are rife with lawlessness and black-market activities. Jake's operations in these zones attract the attention of Robert Lee, a formidable antagonist involved in organ trafficking, and Jared, a shadowy figure obsessed with merging technology and humanity.

Hannah Tyrie, a brilliant yet enigmatic designer at Chrysalis Corporation, becomes entangled in Jake's journey. Her work in virtual reality and cybernetics leads to the creation of a digital entity, Prism, which later becomes her essence after her death. This cybernetic twist allows Hannah to exist beyond the physical world, aiding Jake in his quest for justice.

As the story progresses, Jake discovers shocking truths about his past: Zeke, the man he considered his father, reveals he is not his biological parent, adding depth to Jake's internal conflict. The climax features a high-stakes confrontation at Jared's warehouse, where Jake, with Hannah's digital guidance, confronts Jared, exposing his sinister experiments and bringing an end to his reign of terror.

In the aftermath, Jake finds redemption and a sense of belonging. He settles in Zion, a town revitalized by his presence, where a new generation symbolized by a baby named Jake embodies hope and renewal. Hannah's existence as a car, a blend of technology and memory, highlights the theme of enduring love and the blurring of lines between the physical and digital worlds.

Themes of family, redemption, and the interplay between technology and humanity are woven throughout the narrative, creating a tale of personal growth, sacrifice, and the enduring power of love and brotherhood."
9231019,
9200491,"The subtitles suggest a darkly comedic and chaotic plot involving Pluto and Mickey Mouse. The story appears to revolve around a sinister experiment conducted by a diabolical character, possibly a wizard, who is attempting to merge a chicken and Pluto, with the goal of determining whether the result will bark, crow, or cackle. Pluto howls and is seemingly in distress, while Mickey reacts with a mix of surprise, relief, and pain. The plot builds with tension, including ticking clocks, diabolical laughter, and chaotic sound effects, leading to a climactic moment where Pluto is in peril, and Mickey tries to intervene. The ending suggests a frantic and possibly unresolved situation, with Pluto's fate hanging in the balance."
9356752,"**Plot Summary:**

The movie follows the lives of two salesmen, Dave Langer and Maury, who work for Valley Food Service, selling meat and other food products. Their job involves knocking on doors, making deals, and navigating the challenges of their business, often facing rejection and personal struggles. Dave, in particular, is dealing with family issues, missing his daughter and trying to make ends meet, while Maury seems to be his partner in both business and personal woes.

The story takes a darker turn when they encounter characters like Tony, Boris, and Frankie, who introduce elements of danger and criminal activity. Tony's involvement leads to tense situations, including a fake crisis orchestrated by Suzy, a friend of Dave's, who fakes a wrist-cutting incident to gain attention. This adds an emotional layer to the narrative.

The film's climax revolves around a party hosted by Goldbluth, a potential client, where the salesmen attempt to secure a lucrative deal. However, the event is fraught with underhanded business dealings and potential violence, highlighting the moral dilemmas and risks faced by the characters.

Throughout the movie, themes of luck, divine intervention, and personal growth are explored, with philosophical musings adding depth to the storyline. The tone balances comedy and drama, showcasing the characters' resilience and humor amidst their struggles.

Ultimately, the movie portrays a day in the lives of these salesmen, blending their professional and personal challenges with a mix of humor, tension, and introspection."
9240859,"The subtitles tell the story of the Tuskegee Airmen, a group of African-American pilots who overcome racial barriers and prejudice to become one of the most elite and respected fighter squadrons in the U.S. Army Air Corps during World War II. The film is based on a true story and follows the journey of these pilots from their initial training at Tuskegee Army Air Field to their deployment in North Africa and later in Italy.

The story begins with the arrival of young cadets at Tuskegee, where they face rigorous training and skepticism from some of their white officers, who doubt their ability to become effective pilots. Despite these challenges, the cadets persevere, demonstrating their intelligence, discipline, and flying skills. Key characters include Hannibal Lee, Billy ""Train"" Roberts, and Walter Peoples, who emerge as leaders and exemplify the determination of the group.

As the training progresses, the cadets face personal and professional struggles, including the loss of one of their own, Walter Peoples, who dies in a tragic accident. This event deeply affects the group but also strengthens their resolve to succeed.

The story then shifts to their deployment in North Africa, where they face further discrimination and are initially assigned to ground attack missions rather than combat. Despite this, they prove themselves to be skilled and courageous pilots. Their success eventually earns them the respect of their peers and superiors, and they are later reassigned to bomber escort missions in Italy.

In Italy, the Tuskegee Airmen, now part of the 332nd Fighter Group, fly distinctive P-51 Mustangs with red-painted tails, earning them the nickname ""Red Tails."" They prove to be highly effective in protecting Allied bombers, and their performance helps to dispel the myths and prejudices that had initially surrounded the program.

The film also touches on the broader political and social implications of the Tuskegee Airmen's journey, including the efforts of figures like Eleanor Roosevelt to support their cause and the ongoing struggles against racism within the military and society at large.

Ultimately, the story is one of triumph, as the Tuskegee Airmen prove their worth in combat, earn the respect of their fellow soldiers, and pave the way for future generations of African-American pilots. The film concludes with a sense of pride and accomplishment, as the airmen reflect on their sacrifices and the progress they have made."
9199334,"The subtitles provided appear to be from a dramatic and emotional Indian film, likely centered around themes of love, betrayal, family, and revenge. Here's a summary of the plot based on the subtitles:

The story revolves around **Ajay**, a young man from a humble background, and **Rama**, a woman from a wealthy and influential family. Their lives become entangled in a complex web of love, societal expectations, and power struggles.

1. **Love and Betrayal**: Ajay and Rama fall deeply in love, but their relationship is fraught with obstacles. Rama's family, particularly her uncle, disapproves of Ajay due to his lower social status. Despite this, the two continue to see each other, and their love grows stronger.

2. **Family Opposition and Conspiracy**: Rama's family, led by her powerful uncle, conspires against Ajay. They accuse him of theft and manipulate the legal system to frame him, which leads to his arrest and humiliation. Rama, under pressure from her family, falsely testifies against Ajay in court, breaking his trust and shattering his world.

3. **Personal Tragedy**: The false accusations and the subsequent breakdown of Ajay's family life lead to tragic consequences. His mother, unable to bear the shame and heartbreak, dies under mysterious circumstances, which Ajay believes is a result of the family's ruin caused by Rama's betrayal.

4. **Revenge and Redemption**: Consumed by anger and a desire for revenge, Ajay sets out to expose Rama's family and bring them to justice. He discovers that his mother's death was not a suicide but a murder orchestrated by Rama's family to further their own interests.

5. **Climactic Confrontation**: The story reaches its climax as Ajay confronts Rama and her family, determined to avenge his mother's death and clear his own name. The confrontation is violent and intense, with Ajay facing off against the powerful forces arrayed against him.

6. **Final Resolution**: In the end, Ajay's quest for justice leads to a tragic showdown. The subtitles suggest that Ajay ultimately sacrifices himself to protect Rama and expose the truth, redeeming himself and bringing closure to the story.

Overall, the film explores themes of love, betrayal, family honor, and the struggle between truth and power. The subtitles highlight the emotional depth and the dramatic twists and turns that drive the narrative forward."
9236404,"**Plot Summary of ""The Song of Bernadette"":**

The film tells the story of Bernadette Soubirous, a young girl from a impoverished family in Lourdes, France. Bernadette, known for her simplicity and honesty, begins experiencing visions of a beautiful lady in a grotto at Massabielle. The lady, dressed in white with a blue girdle and golden roses, asks Bernadette to visit the grotto for 15 days, leading to the discovery of a miraculous spring.

Despite facing skepticism from both the Church and local authorities, Bernadette's visions attract a growing number of believers. The grotto becomes a site of pilgrimage, with reports of healings that challenge the secular and religious establishments. While some officials doubt her story, others are moved by the undeniable impact of the spring.

Bernadette's perseverance in the face of opposition highlights her unwavering faith. Eventually, the Church recognizes the miracles, transforming Lourdes into a major pilgrimage site. Bernadette, taking the name Marie Bernarde, retreats to a convent, where she humbly endures physical suffering until her death.

The film captures Bernadette's journey from a humble girl to a figure of faith, emphasizing her perseverance, the miracles she inspired, and the lasting legacy that turned Lourdes into a beacon of hope for millions."
9277231,"The subtitles describe a mysterious and eerie story set in a remote, rural area, likely in 18th-century America. The plot revolves around a group of people, including children, who are found under strange circumstances in a French territory, far from their homes. They claim to have encountered magic, witches, and supernatural events, and they speak of a ""Queen of the Forest"" named Leah, who plays a central and enigmatic role.

The story begins in a town called Dalton's Ferry on the Allegheny River, where a man named Will Smythe, a preacher and schoolmaster, becomes embroiled in controversy. He is accused of polygamy and adultery after living with multiple women, including the mother of a young girl named Fanny. The townspeople turn against him, burning his house and attempting to hang him, but he escapes with the help of Leah, who is said to have magical powers.

Will, Fanny, her mother, and others flee, seeking refuge in a mysterious valley that is rumored to be the home of a devil or evil spirit. The valley is filled with strange occurrences, including ghostly apparitions, unexplained deaths, and encounters with Shawnee Indians. The group struggles to survive, and tensions rise as they face both external threats and internal conflicts.

Fanny’s father, Marion, who has been separated from his family, eventually joins the group. He is a practical man who tries to make sense of the strange events, but he is drawn into the supernatural chaos. The group discovers that the valley has a dark history, with evidence of past violence and deaths, and they begin to suspect that Leah may be connected to these events.

As the story progresses, the group faces increasing danger, including disappearances, deaths, and confrontations with both Indians and supernatural entities. Marion and Fanny try to escape the valley, but they are pursued by forces they cannot fully understand. The story builds to a climactic confrontation, with themes of religious extremism, isolation, and the clash between rationality and the supernatural.

Ultimately, the subtitles suggest that the group is rescued, but the experience leaves them deeply traumatized. The story ends with a sense of lingering mystery and unease, as the true nature of Leah and the valley remains unclear."
9399562,"**Plot Summary of ""Hellraiser"" (1987):**

**Hellraiser** is a horror film that delves into themes of family dysfunction, supernatural terror, and the consequences of curiosity. The story centers around the Cotton family—Larry, his wife Julia, and their daughter Kirsty—who move into an old, dilapidated house inherited from Larry's deceased uncle, Frank.

**Key Plot Points:**

1. **The Puzzle Box:** The narrative begins with the introduction of a mysterious puzzle box, known as the Lament Configuration. This box is central to the plot, as it serves as a portal to summon the Cenobites, a group of supernatural beings led by the iconic Pinhead. The box is first handled by Frank Cotton, who unleashes the Cenobites, leading to his disappearance.

2. **Family Dynamics:** The Cotton family is portrayed as dysfunctional. Larry is attempting to rebuild their lives in the new house, while Julia is unhappy and struggling with her past, particularly the death of her uncle and her relationship with Larry. Kirsty, their daughter, is caught in the middle, showing resilience and resourcefulness.

3. **Frank's Return:** Frank, Larry's brother, is a troubled character with a dark past. After using the box, he is torn apart by the Cenobites. However, his remains are later discovered, and through a series of events involving blood and the box, Frank is resurrected. His return brings chaos and terror to the family.

4. **Julia's Descent:** Julia becomes increasingly unhinged, influenced by Frank's presence and the supernatural forces at play. Her sanity unravels, leading to her involvement in Frank's plans, which further endangers the family.

5. **Kirsty's Ordeal:** Kirsty discovers the box and inadvertently summons the Cenobites. She becomes the protagonist who must navigate the horror, using her wit and courage to survive. Her interactions with the Cenobites are tense, as they seek to claim her for opening the box.

6. **Confrontation and Bargain:** Kirsty bargains with the Cenobites, offering to lead them to Frank in exchange for her freedom. This leads to a climactic confrontation where Frank is killed, but the Cenobites remain unsatisfied, still seeking Kirsty.

7. **Resolution and Escape:** In the climax, Kirsty uses the box to outsmart the Cenobites, sending them back to their realm. However, the experience leaves a lasting impact on her, highlighting the enduring nature of horror.

**Themes and Conclusion:**

The film explores the consequences of meddling with unknown forces and the resilience of the human spirit in the face of supernatural horror. The cursed box acts as a catalyst, unraveling the family's dynamics and leading them into a descent of terror. Kirsty's survival, though victorious, is marked by the scars of her ordeal, leaving the audience with a sense of lingering dread. The ending sets the stage for potential sequels, as the horror is not entirely vanquished, emphasizing the idea that some evils may persist beyond the credits."
9403349,"**Plot Summary:**

The movie follows the journey of two friends, Tod, a fox, and Copper, a dog, as they navigate their friendship through various adventures and challenges. Their bond is tested when Copper joins a band at the county fair, leading to a rise in fame and tension between the two friends. As Copper becomes more engrossed in his newfound stardom, he begins to neglect Tod, causing a rift in their relationship. 

However, realizing the true value of friendship, Copper eventually leaves the band to reconcile with Tod. The story concludes with their friendship stronger than ever, as they return to their simple, joyful adventures together, emphasizing themes of loyalty, friendship, and the importance of personal relationships over fleeting fame."
9382926,"The subtitles depict the story of Sherwood Nash, a smooth-talking, resourceful, and somewhat unscrupulous entrepreneur who navigates a series of schemes and adventures in the fashion and business worlds. The story begins with Nash engaging in questionable business practices, including bribing officials and selling stolen or forged fashion designs. His operations eventually lead to trouble, as competitors and authorities close in on him.

Nash travels to Paris, where he becomes involved in the high-stakes world of fashion, collaborating with designers like Oscar Baroque and promoting ostrich feathers as a luxury trend. He also becomes romantically entangled with a character named Lynn, who works for him but is torn between her loyalty to him and her growing feelings for another man, Jimmy.

As Nash's schemes unravel, he faces legal consequences, including charges of forgery and fraud. However, he manages to manipulate situations to his advantage, even blackmailing a rival to drop charges against him. Despite his questionable ethics, Nash's charm and wit allow him to stay one step ahead of his adversaries.

In the end, Nash sells his business and attempts to leave his shady past behind, planning to return to America with Lynn. However, even as he prepares to depart, he is tempted by yet another lucrative proposition involving a bizarre new fashion idea—glowing fabrics created by crossing silkworms with glowworms. The story concludes with Nash seemingly poised to embark on a new adventure, leaving the audience with the impression that his entrepreneurial spirit and knack for escapades will continue unabated."
9369764,"The subtitles describe the story of the Flodder family, a eccentric and somewhat criminal family who are given a chance to start a new life in a luxurious villa in an upscale neighborhood as part of a social experiment. The family, led by matriarch Mrs. Flodder, moves from a toxic waste dump to a high-status area, much to the dismay of their new neighbors, who are largely wealthy and conservative.

The family struggles to adapt to their new surroundings, leading to clashes with the neighbors, who view them as antisocial and unwelcome. Despite efforts by city officials to integrate the family into the community, the Flodders' rough behavior and antics cause tension and chaos. However, the family shows glimpses of wanting to improve their lives and fit in, even as they face prejudice and hostility from those around them.

The story explores themes of social class, rehabilitation, and the challenges of fitting into a new environment. It also includes elements of comedy and drama as the Flodders navigate their new life and the reactions of those around them. Ultimately, the family manages to find a sense of belonging, even as they remain true to themselves."
9462967,"Based on the provided subtitles, the plot appears to revolve around a tense and urgent situation involving a character named Sinclair. The subtitles suggest a chaotic and action-packed sequence of events, likely involving a military or tactical operation. The dialogue mentions a ""Storm Division,"" an attack, and a rocket, indicating that the mission involves securing or deploying a rocket. There seems to be a malfunction or issue with the rudder, which could be part of a vehicle or aircraft. Additionally, there is a sense of conflict and urgency, with characters arguing and trying to complete their objectives quickly. A young lady is also mentioned, but her role is unclear. Overall, the plot seems to center around a high-stakes mission with technical challenges and interpersonal tension."
9386221,"The subtitles provide a detailed narrative of the life and work of Gene Sharp, a scholar and advocate of nonviolent resistance, and his influence on modern revolutions. The story begins with the context of the Arab Spring in 2011, highlighting how Sharp's theories and tactics of nonviolent struggle have been used in revolutions across the world, from Serbia to Ukraine and Iran. Sharp's handbook, *From Dictatorship to Democracy*, has been widely disseminated and translated into multiple languages, becoming a key resource for movements seeking to overthrow dictators without violence.

The narrative delves into Sharp's background, including his refusal to fight in the Korean War, which led to his imprisonment, and his founding of the Albert Einstein Institution in 1983 to promote nonviolent struggle. His work is described as a ""technique of combat"" that provides an alternative to war and violence. The subtitles emphasize the practical application of his ideas, such as the 198 methods of nonviolent resistance outlined in his work, which have been used by groups like Otpor in Serbia to topple oppressive regimes.

The story also highlights the role of Colonel Bob Helvey, a Vietnam War hero who became a champion of Sharp's ideas and taught nonviolent strategies to activists in countries like Burma and Serbia. The Serbian revolution, led by Otpor, is depicted as a successful example of Sharp's principles in action, where nonviolent tactics like civil disobedience, symbolic resistance, and co-opting pillars of support (e.g., police and military) led to the downfall of Slobodan Milosevic.

The subtitles further explore the global spread of Sharp's ideas, including their influence on movements in Ukraine during the Orange Revolution, in Iran during the Green Movement, and in Egypt during the Arab Spring. The Egyptian Revolution, for instance, is shown to have been guided by Sharp's strategies, with activists using nonviolent discipline and technology to mobilize and sustain their protests despite brutal government crackdowns.

Sharp's work is not without criticism, as some regimes have accused him of being a CIA agent or a foreign interferer. However, Sharp and his colleagues deny these allegations, emphasizing their independence and commitment to empowering people to liberate themselves without external intervention.

The narrative concludes with Sharp reflecting on the legacy of his work, expressing hope that his ideas will continue to inspire oppressed people worldwide to achieve liberation through nonviolent means. His dedication to this cause is portrayed as a deeply personal and humble endeavor, symbolized by his care for orchids, which require patience and attention to thrive—much like the nonviolent struggles he advocates for.

Overall, the subtitles paint a portrait of Gene Sharp as a quiet but profoundly influential figure whose theories have reshaped the way people around the world challenge tyranny and fight for freedom."
9270640,"**Plot Summary:**

The story begins in 1953 with the announcement of a foreign atomic bomb explosion in the North Pacific. Professor Montel, a renowned nuclear physicist, is revealed to have vanished while en route to a conference in Vienna, leading to speculation that he defected behind the Iron Curtain. 

Commander Jones, a seasoned submarine officer, is recruited by a group of private investigators, including Professor Montel and his assistant, Professor Gerard, to lead a submarine mission to investigate uninhabited North Pacific islands suspected of being an atomic arsenal. The mission involves tailing a freighter, the Kiang Ching, which is believed to be transporting materials to one of these islands.

As the submarine crew prepares for their mission, internal conflicts arise, particularly over the inclusion of Professor Gerard, a female scientist, which some crew members oppose due to traditional superstitions. Despite these challenges, the crew sets sail, and the submarine undergoes rigorous testing before heading into dangerous waters.

The mission becomes increasingly perilous as the crew encounters a hostile submarine and barely escapes with their lives. They later discover that the freighter is connected to a secret atomic base on Kevlock Island, where a disguised American B-29 bomber is being prepared to drop an atomic bomb, framing the United States for the attack.

Commander Jones devises a plan to stop the bomber, involving a risky solo mission to sabotage the plane before it takes off. Professor Montel, revealed to be Professor Gerard's father, takes matters into his own hands, sneaking ashore to gather evidence and prevent the impending disaster. 

The story reaches its climax as Commander Jones and his crew successfully destroy the bomber, preventing a catastrophic event. The mission highlights themes of sacrifice, duty, and the personal costs of standing against a common enemy."
9415642,"**Movie Summary:**

Set in the lush and complex world of 19th-century Sarawak, the film follows John Truscott, a young British colonial officer, as he navigates the intricate tapestry of cultural clashes and personal conflicts. Driven by a sense of duty and a desire to honor his father's legacy, Truscott arrives with ambitious plans to educate the indigenous Iban people, a mission that quickly entangles him in the region's volatile politics and traditions.

Upon his arrival, Truscott encounters the enigmatic and often hostile Governor Henry Bullard, whose tough exterior hides a deep understanding of the local dynamics. Truscott's journey is further complicated by his encounter with Selima, a ""Sleeping dictionary"" tasked with teaching him the local language. Their relationship blossoms into a forbidden romance, challenging the rigid norms of colonial society and setting the stage for a series of tragic events.

As Truscott delves deeper into his mission, he confronts external threats such as land disputes and a mysterious disease plaguing the Iban, which he discovers is linked to poisoned rice. Internally, he grapples with the moral dilemmas of colonialism, questioning whether his presence brings progress or destruction. His personal life becomes increasingly fraught when he marries Cecilia, a union marked by duty rather than love, contrasting sharply with his enduring feelings for Selima.

The narrative reaches a crescendo with Belansai, Selima's husband, attempting to kill Truscott, leading to a death sentence. This event underscores the violent consequences of colonial entanglements and the impossible choices faced by those caught between two worlds.

Ultimately, Truscott finds a measure of redemption and personal resolution, reuniting with Selima and their child, though the scars of his past actions remain. The film concludes on a bittersweet note, reflecting on themes of love, sacrifice, and the enduring impact of colonialism on both the colonizers and the colonized. Through Truscott's journey, the movie explores the tension between duty and love, highlighting the profound personal and cultural costs of imperial ambition."
9386631,"The subtitles depict a complex and emotionally charged narrative centered around the fifth wedding anniversary of Tony and Lydia Kenyon. Their relationship is strained due to Tony's intense focus on his advertising career and Lydia's growing dissatisfaction with their marriage. The story unfolds with Tony attempting to rekindle their romance by quitting his job and pursuing a new path, while Lydia grapples with her own unhappiness and considers a divorce. Their interactions are marked by tension, misunderstandings, and a deep-seated love that both unites and divides them. The plot explores themes of love, loss, and the challenges of maintaining a relationship in the face of personal and professional pressures."
9293899,"The subtitles describe a horror movie plot where three friends, Heather, Mike, and Josh, venture into the woods for a documentary project. They become lost and encounter supernatural phenomena, including unexplained noises and strange symbols. As tension rises, they argue and panic, leading to their separation. Josh goes missing, and the remaining friends find disturbing evidence of his fate. Heather and Mike seek refuge in a house, but Mike disappears, leaving Heather alone and terrified. The movie ends with Heather's desperate cries, suggesting a grim outcome. This plot mirrors ""The Blair Witch Project,"" emphasizing suspense, isolation, and supernatural elements."
9303400,"The subtitles depict the story of Andrew Johnson, a tailor who rises from humble beginnings to become a significant political figure in the United States. The narrative follows his journey as he advocates for the rights of the common man, faces political adversaries, and navigates the complexities of Reconstruction after the Civil War. Key events include his relationship with Eliza McCardle, who supports his education and political ambitions, and his eventual impeachment trial, which highlights the turmoil and opposition he encounters. The story underscores themes of perseverance, equality, and justice, illustrating Johnson's commitment to his principles despite adversity."
9229344,"**Plot Summary:**

The story begins with an archaeological team, led by Stephen Banning and his son John, discovering the tomb of the ancient Egyptian princess Ananka, a high priestess of the god Karnak. The team finds a badge linked to the Karnak guards, confirming they are on the brink of a significant find. Despite John's injured leg, they press on, driven by their determination to uncover the tomb's secrets.

As they explore the tomb, they find the royal seal of Ananka and the Scroll of Life, a powerful artifact believed to have the ability to revive the dead. Stephen, overwhelmed by the discovery, dies mysteriously. John, now at the center of the story, uncovers that the tomb's desecration has awakened a curse. The mummy Kharis, once a high priest who loved Ananka and was cursed for attempting to resurrect her, is now alive and seeking revenge.

John learns that Kharis is controlled by Mehemet, an Egyptian man who has been manipulating events to fulfill the curse. The story delves into horror as Kharis begins to kill those involved in the tomb's desecration, including Stephen. John struggles to convince the authorities of the supernatural threat, leading to a tense investigation.

In a climactic confrontation, Kharis kidnaps John's wife, Isobel, due to her resemblance to Ananka. John and the police engage in a dangerous rescue mission, leading to a final showdown. The curse is ultimately lifted as Kharis is destroyed, saving Isobel and bringing closure to the tragedy.

The film explores themes of obsession, the consequences of disturbing the past, and the clash between modern rationality and ancient supernatural forces."
9502507,"The movie *Dangerous Beauty* (1998) is set in Venice in 1583, a city of opulence and decadence where women are treated as property and have limited opportunities for education or independence. The story follows Veronica Franco, a young woman who defies societal norms by choosing to become a courtesan, a path that allows her to gain power, independence, and intellectual fulfillment in a world dominated by men.

Veronica's journey begins with her mother, who teaches her the ways of courtesans, emphasizing the importance of wit, beauty, and the ability to enchant men. Veronica quickly rises to prominence, captivating the hearts of many, including Marco Venier, a nobleman who becomes her lover. However, their relationship is complicated by Marco's obligations to marry a woman of his social station, Giulia De Lezze, a union arranged for political and financial reasons.

As Veronica navigates the complexities of her profession, she faces both admiration and condemnation. Her poetry and intellect earn her respect in Venetian society, but she is also vilified for her independence and perceived immorality. Her defiance of societal expectations leads to her being summoned before the Holy Inquisition, where she is accused of witchcraft. Despite the risks, Veronica refuses to repent for her life choices, declaring that her love, passion, and independence are not sins.

The film reaches its climax as Marco, now a senator, risks his own reputation and life to stand by Veronica during her trial. He argues that if she is guilty, then so are the many men who have loved and admired her, challenging the hypocrisy of the Church and society. Ultimately, the Inquisition, under pressure from Venetian leaders, spares her life, but the era of courtesans is coming to an end.

The movie concludes with Veronica using her home as a refuge for victims of the Inquisition, while she and Marco remain lovers until the end of their lives. The story is a powerful exploration of love, freedom, and the resilience of women in a society determined to suppress them."
9309323,"**Plot Summary:**

The story unfolds during World War II, centering on Claire's emotional journey as she navigates love, loss, and resilience. The film opens with intense wartime action, showcasing a bomber crew under attack, where Joe, the pilot, displays heroism. Interwoven with these scenes are personal moments, such as Claire and Joe dancing to ""Beautiful Dreamer,"" highlighting their romantic connection.

The narrative transitions to the aftermath of the attack on Pearl Harbor, with Joe going missing in action. Claire, determined and hopeful, seeks answers about Joe's fate. Her quest leads her to Colonel Chambers, who delivers the grim news of Joe's presumed death, but she remains unconvinced.

Claire's journey continues as she encounters Will Martin, a veteran who claims to have seen Joe in a POW camp, reigniting her hope. Subplots involve Tommy and Will, who struggle to maintain their airfield business, reflecting the war's broader impact on civilians.

Throughout the film, themes of love, loss, and recovery are explored, with Claire's unwavering hope and resilience forming the emotional core. The story weaves together personal and wartime narratives, illustrating the profound effects of conflict on individuals and communities."
9452560,"The plot revolves around the Bomasch family's perilous escape from Nazi Germany, driven by their possession of a revolutionary armor plating technology. Herr Bomasch, the inventor, and his daughter Anna are pursued by the Nazis, who seek to exploit his invention. Assisted by Karl Marsen, an ally who escaped a concentration camp, and the enigmatic Gus Bennett, a singer with clandestine ties, they navigate a complex web of espionage and betrayal.

A pivotal twist introduces Major Herzoff, revealed to be British agent Dicky Randall, who infiltrates the Nazi ranks to aid their escape. The story intensifies with a daring escape via a téléférique to Switzerland, showcasing suspenseful action and the characters' resilience against Nazi forces. The narrative weaves themes of loyalty, survival, and espionage, set amidst World War II's turmoil."
9433347,"**Training Day: A Tale of Corruption and Integrity**

**Training Day** delves into the complexities of law enforcement through the eyes of two vastly different characters: Jake Hoyt, an idealistic rookie cop, and Alonzo Harris, a seasoned and corrupt narcotics detective. The film chronicles Hoyt's first day in the narcotics unit, exposing him to the darker side of policing.

Hoyt, eager to prove himself, is thrust into a world where the lines between right and wrong are blurred. Alonzo, a manipulative and experienced officer, tests Hoyt's morals, pushing him into ethically questionable situations. These include smoking PCP and handling money from a crime scene, challenging Hoyt's resolve and forcing him to confront harsh realities.

A pivotal moment occurs when Hoyt is involved in a shooting, and Alonzo orchestrates a cover-up, drawing Hoyt into a web of deceit. This event marks a turning point, highlighting the corrupt practices within the unit and Hoyt's internal conflict.

The narrative reaches its climax in a tense confrontation at Alonzo's house, where Hoyt, realizing the extent of Alonzo's corruption, holds him at gunpoint. This act symbolizes Hoyt's refusal to compromise his integrity, setting the stage for Alonzo's eventual downfall.

In the end, Alonzo's death serves as a catalyst for exposing the unit's corruption. Hoyt emerges as a symbol of integrity, successfully navigating the treacherous landscape without sacrificing his principles. **Training Day** thus explores themes of morality, the consequences of corruption, and the resilience required to uphold justice in a flawed system."
9296824,"**Plot Summary:**

The movie revolves around Jesse, a teenager navigating the complexities of adolescence, centered around a school photography project called the Fearless project. This project challenges students to create self-portraits that reflect their inner selves, pushing Jesse to explore his identity and creativity. 

Jesse's journey is marked by internal conflicts and ethical dilemmas, particularly after a situation where he might have crossed personal boundaries, leading to potential rape. This incident weighs heavily on him, reflecting broader struggles with self-discovery and morality.

The narrative weaves in several subplots, including the mysterious disappearance of Prokosh, a missing person whose absence prompts a search, and the tensions involving Yetta, the family's housekeeper, accused of theft. A burglary injuring Jesse's father adds layers of family drama and external conflict.

Throughout, characters grapple with identity, expressing desires to belong to different cultures or orientations, highlighting the universal teenage struggle with self-definition. Mundane family dynamics and explorations of sexuality, hinted at by a local brothel, ground the story in reality.

Ultimately, the film is a coming-of-age exploration, using Jesse's photographic project as a metaphor for his and his peers' journeys of self-expression, growth, and understanding amidst the turbulence of adolescence."
9290723,"The subtitles depict the story of the Hoover family, who embark on a chaotic journey filled with personal struggles, family dynamics, and a shared goal of supporting their young daughter, Olive, as she competes in the Little Miss Sunshine beauty pageant in California.

The family is led by Richard, a motivational speaker and aspiring author of a self-help program called the ""9-step 'Refuse to Lose' program."" However, his efforts to succeed are met with setbacks, including a failed book deal. His wife, Sheryl, tries to keep the family together despite their financial struggles and personal conflicts.

Their daughter, Olive, is determined to compete in the Little Miss Sunshine pageant after being given a second chance when the previous winner forfeits. Her grandfather, Edwin, a cranky but loving man, becomes her mentor and helps her prepare for the contest. Tragically, Edwin dies during the family's road trip to California, but the family decides to bring his body along, believing he would have wanted Olive to compete.

The family also includes Dwayne, Olive's older brother, who has taken a vow of silence until he achieves his goal of becoming a pilot, and Frank, Richard's brother, who is a Proust scholar and has attempted suicide after a failed romance. Frank's struggles and Richard's motivational antics create tension within the family.

As they face numerous challenges, including car breakdowns, financial strain, and emotional conflicts, the family ultimately comes together to support Olive. Despite arriving late and facing opposition from the pageant organizers, Olive performs a heartfelt and unconventional routine dedicated to her grandfather, which earns her a unique place in the competition. The film ends on a hopeful note, emphasizing the importance of family, perseverance, and being true to oneself."
9271946,"The subtitles depict a lighthearted and comedic story with elements of romance, adventure, and mistaken identity. The plot revolves around a dancing master who becomes embroiled in a series of misadventures involving pirates, village politics, and a romantic subplot.

The story begins with a dancing master teaching a waltz lesson to a group of villagers. His life takes a dramatic turn when he is mistaken for a pirate and nearly hanged by the villagers of Las Palomas. The village is preparing to defend itself against a pirate attack, and the dancing master's presence complicates matters. Despite his protests of innocence, he is met with skepticism, especially by the village Alcade, Don Emilio, who is determined to protect his daughter, Serafina.

As the story unfolds, the dancing master and Serafina develop a romantic connection, with Serafina intervening to save him from execution. The dancing master agrees to teach her the waltz, and their relationship deepens. However, their happiness is threatened by the arrival of Don Balthazar, a military officer who seeks to marry Serafina and is determined to capture the dancing master, whom he believes to be a pirate.

The plot reaches its climax as the village faces a pirate attack, and the dancing master must use his wit and charm to save the day. In the end, the dancing master proves his innocence, wins Serafina's heart, and helps the village defeat the pirates. The story concludes on a romantic and comedic note, with the dancing master and Serafina dancing the waltz together, surrounded by the villagers."
9326561,"The subtitles appear to be from the movie *The Choirboys* (1977), a gritty police drama-comedy. The plot revolves around the lives of a group of Los Angeles police officers, particularly Vice Squad detectives Keneely and Farrel, who are tasked with enforcing morality laws while navigating the complexities of their own personal and professional lives.

The story explores themes of corruption, power struggles, and the moral ambiguity of law enforcement. The detectives are shown dealing with prostitutes, drug dealers, and organized crime figures, particularly a character named Rizzo, who appears to be a crime boss with significant influence. The officers face internal conflicts, bureaucratic challenges, and personal struggles, all while trying to uphold their duties as cops.

The subtitles also hint at the camaraderie and tension between the officers, as well as their often-failed attempts to bring down Rizzo and his criminal empire. The tone of the film is a mix of dark humor, gritty realism, and suspense, reflecting the challenges and dangers faced by the officers in their line of work."
9282344,"The movie appears to revolve around a mysterious and supernatural plot involving a cursed script titled *""Victim,""* which seems to be causing the deaths of characters in the story. The subtitles suggest a mix of horror, mystery, and suspense, with a group of characters trying to survive and uncover the truth behind the script's deadly influence.

Key plot points include:

1. **The Script's Power**: The script, titled *""Victim,""* appears to predict and cause the deaths of characters. Each death changes the title of the script, incrementing the number of victims (e.g., ""Victim 66,"" ""Victim 67,"" etc.).

2. **The Curse's Origin**: The script is tied to an urn containing the spirit of a journalist who was killed by a tribe in the Amazon. The spirit was freed when the urn was disturbed, and it inhabits the script, causing chaos and death.

3. **Characters and Deaths**: Multiple characters, including Mr. Thorn, Gene, Linda, and Detective Benjamin, die under mysterious and violent circumstances. Their deaths seem to be orchestrated by the script.

4. **Attempts to Stop the Curse**: The remaining characters, including Cary, Shelly, and Lenny, try to contain the script's power by burying it and performing a ritual to trap the evil spirit. They face numerous challenges, including the script's ability to manipulate events and the deaths of their friends.

5. **Resolution**: The movie builds toward a climax where the characters attempt to bury the script and break the curse. The final scenes suggest that they may have succeeded in stopping the script's deadly influence, but not before suffering significant loss.

Overall, the plot combines elements of horror and mystery, focusing on a supernatural script that drives the story's deadly events and the characters' desperate attempts to survive and uncover the truth."
9303396,"The subtitles depict the complex and emotionally charged story of Helen, a woman navigating personal and professional turmoil. The plot begins with Helen being fired from her PR job under questionable circumstances, which leaves her reeling. She then meets James, a charming and talkative stranger, on the London Underground, and their initial awkward interaction evolves into a tentative connection. 

Helen's life becomes further complicated when she discovers her boyfriend, Gerry, cheating on her with another woman, Lydia. This betrayal prompts Helen to leave Gerry, and she finds solace in her growing friendship with James. However, their relationship hits a roadblock when Helen discovers that James is married, albeit separated, and his wife, Claudia, is still involved in his life due to family obligations.

As the story unfolds, Helen faces additional challenges, including a pregnancy and a subsequent miscarriage, which further test her resilience. Throughout the subtitles, themes of betrayal, heartbreak, and the struggle to find emotional stability are prevalent. Ultimately, Helen appears to emerge from her ordeals with a renewed sense of determination, though the path forward remains uncertain. The narrative is punctuated by dark humor, quirky dialogue, and a sense of existential chaos, reflecting Helen's turbulent journey toward self-discovery and recovery."
9231253,"The subtitles provided appear to be from a gritty, crime-driven film that revolves around themes of loyalty, betrayal, revenge, and power struggles. The story centers around a character named Vincent, who seems to be a crime boss or high-ranking figure in the criminal underworld. His life is marked by violence, deception, and a relentless pursuit of revenge, which significantly impacts his relationships and decisions.

Key elements of the plot include:

1. **Vincent's World**: Vincent is portrayed as a ruthless and cunning leader who commands respect and fear. His interactions with others, such as Donnie, Mickey, and Joshua, reveal a complex web of loyalty and betrayal. His actions are often driven by a desire for revenge, which is both a motivating force and a source of personal anguish.

2. **Frankie Tahoe**: A drug dealer named Frankie Tahoe emerges as a significant antagonist. Vincent's conflict with Frankie escalates into violence, leading to Frankie's death. This act draws the attention of a larger, more powerful figure in the criminal underworld, Nino Bollino, who seeks retribution.

3. **Nino Bollino**: Nino is a high-ranking crime boss who demands accountability for Frankie's death. He presents Vincent with options to either pay a debt, work off the debt, or face consequences. Their confrontation highlights the power dynamics and the ruthless nature of their world.

4. **Personal Struggles**: Vincent's personal life is also explored, particularly his relationships and betrayals. His wife is a point of contention, and there are hints of deeper emotional wounds, such as his complicated relationship with his father and his own moral struggles.

5. **Jeffrey's Role**: A character named Jeffrey is involved in a subplot involving drug addiction, lies, and betrayal. His actions inadvertently drag Vincent into further conflict, showcasing the ripple effects of personal failures in a criminal ecosystem.

6. **Themes**: The film explores themes of loyalty, power, and the consequences of one's actions. Vincent's relentless pursuit of revenge is shown to be both a strength and a weakness, as it drives him forward but also isolates him and puts those around him in danger.

The story seems to build toward a violent and potentially tragic confrontation, with Vincent facing both external threats and internal demons. The dialogue is raw and often philosophical, reflecting on the nature of truth, loyalty, and the inevitable fallout of living a life of crime."
9447716,"**Plot Summary:**

The movie follows the journey of Chen Zhen, a skilled martial artist from the Ching Wu school, set against the backdrop of Japanese military occupation in Shanghai. The story begins with Chen Zhen's return to Shanghai after learning of his master's death, Master Wa, who was killed by the Japanese. Driven by vengeance and a desire to protect his people, Chen Zhen confronts the Japanese forces and their allies, leading to a series of intense martial arts battles and political intrigue.

Chen Zhen's personal life adds depth to the narrative as he navigates a forbidden romance with Mitsuko, a Japanese woman, which creates tension within his school and community. The subtitles reveal a complex web of betrayal, including the poisoning of Master Wa, initially blamed on the school's cook but later exposing deeper conspiracies involving Japanese manipulation.

The plot escalates with challenges from the Noguchi Clan and the formidable General Fujita, highlighting themes of honor, loyalty, and resistance. Internal conflicts within Ching Wu, particularly with Ting-An, another master, add layers to the story as the school faces external threats and internal power struggles.

Ultimately, Chen Zhen's heroic yet tragic sacrifice underscores the movie's climax, as he confronts the Japanese forces to avenge his master and protect his people, culminating in a poignant conclusion that emphasizes the cost of resistance and the enduring spirit of resilience."
9239621,"""Strange Circus"" is a surreal and dark film that delves into themes of trauma, identity, and the cyclical nature of abuse. The story centers around Mitsuko, a young girl subjected to incestuous abuse by her father, and her complex, often interchangeable relationship with her mother. The narrative is interwoven with imagery of death and confinement, symbolized by guillotines and a cello case used as a tool of control. 

Mitsuko's journey takes a transformative turn when, after her mother's death, she assumes her mother's identity at age 35, highlighting unresolved trauma and the blurring of identities. The film also introduces Taeko, a wheelchair-bound novelist, whose life seems to mirror Mitsuko's experiences, further obscuring the lines between reality and fiction. 

The circus setting, hosted by the enigmatic Black Shadow, serves as a metaphor for the performative nature of the characters' lives, adding a layer of spectacle to their psychological struggles. The narrative is non-linear, with fragmented dialogue and hallucinatory elements, reflecting the characters' fractured psyches.

Ultimately, the film explores the long-term effects of abuse through its complex, symbolic storytelling, leaving the audience to grapple with the profound psychological and emotional aftermath."
9489767,"**Plot Summary:**

The movie begins with political tensions within the Romulan Empire, where a Romulan commander advocates for an alliance with Shinzon, a Reman leader. However, the Praetor rejects this proposal, leading to conflict. Meanwhile, the story shifts to a personal and joyous event as Captain Jean-Luc Picard attends the wedding of his trusted First Officer, William Riker, and Counselor Deanna Troi, highlighting the camaraderie among the crew.

The plot takes a dramatic turn with the discovery of B-4, an android and prototype of Data. Data's decision to download his memories into B-4 sparks contemplation about identity and humanity. Concurrently, Picard is invited to Romulus by Shinzon, who claims to seek peace but is revealed to be a clone of Picard, created as part of a failed Romulan plot. Shinzon's true intentions are sinister, involving a powerful thalaron weapon capable of annihilating entire planets.

The climax features an intense battle between the Enterprise, supported by Romulan Commander Donatra's ship, and Shinzon's Scimitar. The conflict explores themes of identity, humanity, and the ethical implications of cloning. Picard confronts Shinzon, emphasizing the choice between hatred and redemption. The movie concludes with a significant sacrifice, underscoring the crew's bravery and the forming of unexpected alliances, leaving a profound reflection on what it means to be human."
9245964,"The plot revolves around a unique film project led by filmmaker Albert Brooks, who sets out to create a reality-based movie featuring the Yeager family of Phoenix. The project, endorsed by the National Institute of Human Behavior, aims to capture the daily lives of Warren, Jeanette, Lisa, and Eric Yeager over a year. The family is chosen from among hundreds after rigorous testing, and the film is intended to showcase the drama, comedy, and suspense of real life.

As filming progresses, the Yeagers face increasing stress and tension, exacerbated by the constant presence of cameras and the psychological consultants monitoring their behavior. The family's dynamics deteriorate, with arguments, emotional breakdowns, and personal crises, such as Jeanette's health issues and Warren's professional mishaps, being captured on film. The project becomes a source of conflict, with the family feeling their privacy invaded and their lives disrupted.

The situation worsens when Dr. Ted Cleary, one of the psychological consultants, publishes a book criticizing the project, leading to media scrutiny and public attention. The family's children struggle in school, and the parents face increasing pressure from both the filmmakers and the outside world. Eventually, the family decides to withdraw from the project, citing its damaging impact on their lives.

In a desperate attempt to salvage the film, Albert Brooks orchestrates a dramatic and chaotic ending, involving the family's house catching fire. The movie concludes with a mix of tragedy and spectacle, leaving the audience with a sense of the blurred lines between reality and fiction. The film ultimately reflects on the ethical implications of intrusive filmmaking and the toll it takes on ordinary people."
9230593,"**Plot Summary:**

Ahmed Ibn Fahdlan, a poet from a great city, is exiled to the north after a jealous husband's complaint leads to his banishment by the Caliph. His journey takes him through various lands, encountering hostile groups like the Tartars. He meets Northmen, including Buliwyf, an heir after his king's funeral. Ahmed's poetic skills and quick learning of the Northmen's language earn him a place among them when a messenger, Wulfgar, seeks Buliwyf's help against an ancient evil terrorizing his father's kingdom.

An oracle decrees that 13 warriors are needed, and Ahmed, despite cultural differences, joins as the 13th. The group faces the Wendol, bear-like creatures attacking in the mist. They endure casualties and challenges, discovering the Wendol are led by a mother and a horned leader. In a climactic battle, they defeat these leaders, with Ahmed reflecting on his transformative journey and the bonds formed.

Returning home, Ahmed is a changed man, praising the pagans who helped him grow. His tale highlights courage, cultural exchange, and personal growth, leaving a lasting impression of his epic adventure."
9397062,"**Movie Plot Summary:**

The film centers around Jane, a young woman navigating a complex web of relationships and mysteries. At the heart of the story is an old wooden box, a symbol of Jane's deep connection to her mother, who has been absent for years. The box, once sold at a flea market, becomes a focal point as Jane attempts to reclaim it, uncovering layers of family secrets and emotional turmoil.

Jane's journey is marked by her strained relationship with her grandmother, financial disputes with a former partner, and a poignant letter from her mother expressing long-held concerns and love. The narrative intertwines themes of loss, abandonment, and the enduring bond between mother and daughter.

As the story unfolds, it reveals darker elements, including infidelity, obsession, and a mysterious death, hinting at a thriller where past actions have dire consequences. Supporting characters, such as a taxi driver and a security guard, aid in unraveling the mystery, adding depth to the suspense.

Ultimately, the film explores Jane's personal growth, her quest for truth, and the resolution of her complex relationship with her mother, weaving a tale of emotional depth and intrigue."
9248465,"The movie is set in the fictional town of Caxton, where racial tensions run high as the community grapples with the integration of the local high school. Ten African American students, including Joey Green, enroll, sparking fierce resistance from the townspeople. Adam Cramer, a social reformer, advocates for integration, facing opposition from groups like the Patrick Henry Society, which frames desegregation as a communist threat.

Personal dramas intertwine with the social conflict, as Vi Griffin leaves her husband, Sam, and Adam's involvement in this affair complicates his role. The tension escalates with violent incidents, including a bombing and a preacher's killing, highlighting the depth of opposition.

A false accusation against Joey Green, alleging he raped Ella McDaniel, aims to incite violence but is later exposed as a lie. This plot twist reveals the extent of the opposition's desperation. Despite the challenges, characters like Adam and Tom McDaniel, the newspaper editor, stand up for justice, facing moral dilemmas and personal risks.

The movie concludes with cautious hope for progress, as the community confronts the aftermath of violence and deceit. The struggle for integration underscores themes of racial tension, sacrifice, and the pursuit of justice in a divided society."
9406187,"**Plot Summary:**

The story begins with Laura Matson and her husband John being stopped by a police officer after a party. John's suspended license due to drunk driving leads to a tense interaction, hinting at underlying issues. The scene shifts to reveal that Laura is involved in a prison break, rescuing Joey Faust, an escaped convict with expertise in safecracking.

Major Krenner, the mastermind behind the escape, enlists Faust's help to steal fissionable materials using a revolutionary invisibility machine developed by Dr. Peter Ulof. Despite initial reluctance, Faust agrees, lured by the promise of substantial payment. The machine's power is demonstrated on a guinea pig, showcasing its potential and risks.

Laura's loyalty is tested as she appears to manipulate both Krenner and Faust, seeking personal gain. Meanwhile, Faust uses the machine to pull off a daring daylight heist, but his visibility returns, complicating the escape. Police pursuit ensues, heightening the tension.

Dr. Ulof reveals the machine's temporary effects and the danger of radiation poisoning, adding urgency to Faust's situation. Krenner's ambition to create an invisible army drives the narrative towards a climactic confrontation. Faust, realizing the broader implications, decides to thwart Krenner's plans, leading to an explosive showdown.

The story concludes with a catastrophic explosion, halting Krenner's scheme and ending the invisibility threat. The police arrive, and the narrative suggests the secret of invisibility may die with Krenner and Faust, leaving a cautionary tale of betrayal, scientific ethics, and redemption."
9233895,"The subtitles depict a dramatic and intense narrative centered around the character Rosario Tijeras, a complex and enigmatic woman entangled in a violent and troubled world. The story begins with Rosario being shot and critically injured, leading to a series of flashbacks and interactions that reveal her past and her relationships.

Rosario is portrayed as a fiercely independent and resilient individual, yet deeply flawed and haunted by her experiences. She is involved with multiple men, including Emilio, Antonio, and Ferney, and her relationships are marked by passion, loyalty, and conflict. Her brother, Jonhefe, plays a significant role in her life, and his death deeply affects her, revealing a traumatic and violent history that has shaped her identity.

The narrative explores themes of love, betrayal, redemption, and the cyclical nature of violence. Rosario's interactions with Emilio, who seems to genuinely care for her, contrast with her involvement in a dangerous underworld, where she is both a victim and a perpetrator of violence. Her past is marked by abuse and abandonment, leading her to seek refuge with Jonhefe, who becomes a father figure to her.

The story also touches on Rosario's internal conflict and her desire to escape her violent life. She seeks solace in religion and prayer, reflecting a deeper struggle to find peace and redemption. However, her circumstances repeatedly pull her back into a world of crime and danger.

The subtitles conclude with Rosario attempting to reconnect with Antonio, suggesting a potential for change or resolution, but the overall tone leaves a sense of uncertainty and unresolved tension. The narrative is a gritty exploration of Rosario's multifaceted character, her struggles, and the harsh realities of her world."
9308308,"**Movie Summary:**

The film is a horror-thriller set in the Amazon jungle, where a team led by Dr. Ivan Stein investigates the mysterious loss of contact with a scientific outpost. The story begins with a poem hinting at werewolf lore, setting the tone for supernatural events. Dr. Stein, a behavior specialist, is studying the effects of ozone layer depletion, which is linked to a lupus-like disease with terrifying consequences.

As the team delves deeper, they discover a dead scientist, Dr. Springer, whose death suggests foul play rather than suicide. The group soon encounters a lycanthrope, a man who believes he is a wolf, leading to violent confrontations. Tensions rise among the team, particularly between Bill and Cody, as they face both the creature and personal conflicts.

Dr. Stein's obsession with studying the lycanthrope escalates, leading to ethical dilemmas. A pivotal moment occurs when Sheila, his wife, is bitten, fearing she may transform into a werewolf. The climax involves desperate attempts to escape, with not all characters surviving.

The film concludes with Rosary, a survivor, experiencing nightmares, suggesting the horror may not be over. The ending leaves a lingering sense of dread, emphasizing the curse's persistence.

This blend of scientific mystery and supernatural horror explores themes of obsession, survival, and the ethics of scientific pursuit, set against the eerie backdrop of the Amazon jungle."
9191001,"The movie follows Marc Pease, a former high school student who remains deeply involved in the school's drama club and his a cappella group, Meridian 8. Marc is passionate about music and is determined to help his group produce a demo, even going so far as to sell his condo to fund the project. However, he faces challenges as members of the group lose interest, and he struggles to come to terms with growing up and moving on from his high school days.

The story is set against the backdrop of the school's production of *The Wiz*, directed by Jon Gribble, who was once Marc's mentor but now seems to be at odds with him. Marc's relationship with Gribble is complicated, as Gribble appears to have lost faith in Marc's abilities and is dismissive of his dreams. Meanwhile, Marc is also in a relationship with Meg, a younger student who is part of the play, and their relationship is put to the test as Marc grapples with feelings of inadequacy and failure.

Key themes include the pursuit of passion, the challenges of transitioning into adulthood, and the importance of self-belief. The film explores Marc's journey as he navigates personal and professional setbacks, ultimately learning to embrace his love for music and find his place in the world."
9200979,"The subtitles provided are from the 1975 film *Galileo* by Bertolt Brecht, which dramatizes the life of the Italian scientist Galileo Galilei and his conflict with the Catholic Church over his astronomical discoveries. The plot revolves around Galileo's advocacy for the Copernican heliocentric model, which placed the Sun at the center of the universe, challenging the geocentric view supported by the Church. 

The story begins with Galileo's early experiments and his development of the telescope, which allowed him to observe celestial bodies and gather evidence for the Copernican theory. His discoveries, including the phases of Venus and the moons of Jupiter, challenge the traditional understanding of the universe and lead to his persecution by the Church.

The film explores Galileo's internal and external conflicts as he faces pressure from the Church to recant his beliefs. Despite the threat of torture and death, Galileo initially resists, but eventually, he recants publicly to save his life. However, the film suggests that he continues his scientific work in secret, symbolizing the enduring power of truth and reason.

Ultimately, the film portrays Galileo as a complex figure who embodies both courage and compromise, highlighting the tension between scientific inquiry and authoritarian power. The subtitles conclude with a sense of hope, as Galileo's work inspires future generations to continue the pursuit of knowledge despite the obstacles they may face."
9428736,"The movie revolves around the complex relationship between Jack Reed and Louise Bryant, set against the backdrop of early 20th-century political turmoil. Jack, a passionate journalist and radical thinker, and Louise, an independent and ambitious writer, find themselves entwined in both love and ideological struggles. Their story begins with Jack's rise as a voice against capitalism and his involvement in socialist movements, which draws Louise into a world of activism and intellectual discourse.

As their relationship deepens, it is tested by personal and professional challenges. Jack's health issues and his increasing commitment to the Communist Party, including trips to Russia, strain their bond. Louise, meanwhile, navigates her own career ambitions and the societal expectations placed on her as a woman and Jack's partner.

The narrative explores themes of love, betrayal, and sacrifice, as both characters face internal conflicts between their personal desires and their dedication to their causes. The historical context of World War I and the Russian Revolution provides a dynamic backdrop, highlighting the tension between their ideals and the harsh realities of their time.

Ultimately, the film portrays the tragic end of their relationship, with Jack's untimely death and Louise's resilience in the face of loss. Their story is one of passion, intellect, and the enduring impact of their beliefs on their lives and the world around them."
9218416,"The movie explores the transformative power of the Law of Attraction, an ancient secret that suggests thoughts and emotions shape reality. The narrative follows a protagonist who, after hitting rock bottom—experiencing personal loss, professional burnout, and relational turmoil—discovers this secret. They learn that focusing on positive thoughts and emotions can attract desired outcomes, such as happiness, wealth, and health.

The subtitles detail how historical figures and modern individuals have harnessed this secret to achieve greatness, emphasizing that like attracts like. The protagonist shares testimonials of people who shifted their focus from negativity to positivity, leading to miraculous life changes, including financial success, healing, and improved relationships.

Key principles highlighted include gratitude, visualization, and the role of emotions as a guidance system. The film also touches on quantum physics, suggesting the mind influences reality. The central message is that by aligning thoughts and emotions with desires, one can transform their life, illustrating a journey from despair to empowerment through the Law of Attraction."
9474713,"**Plot Summary:**

The story centers around Mr. Foster, who inherits Marr's Grove, a mansion with a dark history. The villagers avoid the house, believing it to be haunted by the spirits of Andrew Marr's murdered family. Upon moving in, Mr. Foster discovers that Andrew Marr, the former owner, died under mysterious circumstances, leaving behind a hidden fortune of 210,000 pounds. 

As Mr. Foster delves deeper into the house's secrets, he encounters various characters, including Dr. Mandeville and Mr. Prescott, who seem to have their own agendas. Sarah Mandeville offers her help, but her motives are questionable, adding to the tension. Supernatural elements emerge with sightings of Alta, a woman believed to be dead, heightening the eerie atmosphere.

The plot thickens with revelations about the legality of Andrew Marr's will and the true identity of Mr. Foster, who is revealed to be Edward, a former mental patient. The story reaches a climax with a tragic confrontation involving past murders and supernatural occurrences, leading to the police uncovering the dark truth and the legacy of the haunted house."
9431523,"The subtitles appear to depict a story set in New York City, revolving around themes of cultural diversity, education, and personal relationships. The plot seems to center on a school where teachers and students from various cultural and religious backgrounds navigate the challenges of coexisting and understanding one another. Key characters include Rochel Meshenberg, a teacher who seems to be part of an Orthodox Jewish family, and Nasira, a Muslim teacher who is also navigating her own cultural and religious identity.

The story touches on issues such as arranged marriages, religious traditions, and the pressures of family expectations, particularly for Rochel, who is being encouraged to marry within her faith. There are also moments of interfaith dialogue and mutual respect, as characters from different backgrounds interact and learn from one another.

Throughout the subtitles, there are references to classroom exercises aimed at fostering unity and understanding, as well as personal struggles with identity, faith, and love. The narrative seems to explore the complexities of maintaining cultural and religious traditions in a modern, diverse society, while also highlighting the universal human desire for connection and happiness.

The plot is intertwined with moments of humor, tension, and emotional depth, ultimately painting a picture of a world where individuals from different walks of life strive to find common ground and navigate their unique paths in life."
9283293,"**Movie Plot Summary:**

The film centers around Malcolm, a quirky tram enthusiast who finds himself unemployed after being fired for building his own model tram at work. Struggling financially, Malcolm decides to take in a boarder, Frank, an ex-con with a troubled past. Frank's backstory reveals a traumatic childhood event involving his father's death, which shapes his volatile personality.

As Frank moves in, he introduces Malcolm to a life of crime, and they form an unlikely partnership. Judith, Frank's girlfriend, becomes entangled in their schemes, expressing concerns about their illegal activities but eventually joining them. Together, they plan and execute a series of daring heists, including a creative bank robbery using a remote-controlled device.

The story escalates with a major heist targeting $250,000, showcasing their resourcefulness and the high stakes involved. However, their plans are complicated by personal conflicts and the increasing involvement of the police. The climax features a tense confrontation with law enforcement, ending in a dramatic chase and explosion, leaving their fate uncertain.

Throughout the film, the characters' personal histories and relationships drive the narrative, exploring themes of eccentricity, crime, and the consequences of their actions."
9298029,"**Joe Bell's Journey: A Path to Redemption**

Joe Bell, a man with a rebellious past, is released from prison after serving 16 months when the true culprit confesses. Determined to leave his troubles behind, he hops on a train, encountering various characters, including Hank and some kids, which leads to a confrontation with a conductor.

Joe's life takes a turn when he's sentenced to a work farm, where he meets Mabel, the foreman's stepdaughter. Their bond grows, leading to a humble wedding filled with humor and challenges. However, their happiness is short-lived as Joe is falsely accused of murdering the foreman, forcing them to flee.

On the run, they face numerous trials, from evading police to hopping trains. Their luck changes when Nick, a compassionate restaurant owner, aids them, and Joe finds work as a photographer, bringing stability.

In a climactic trial, Joe's lawyer argues his case, emphasizing his humanity over criminality. Mabel's testimony proves pivotal, revealing Joe's innocence and his protective love for her. The jury acquits Joe, granting him freedom and a chance to rebuild his life.

The film concludes with Joe and Mabel embracing a hopeful future, having found a place to call home, symbolizing their journey from turmoil to redemption and stability."
9447723,"The subtitles describe a movie that combines elements of drama, romance, and philosophical reflection, centered around themes of conflict resolution, human relationships, and personal growth. The story appears to revolve around two main plotlines: one involving an inventor named Qin Fen and his revolutionary invention, the Conflict Resolution Terminal (CRT2008), and the other focusing on personal relationships, love, and redemption.

### Plot Summary:

1. **The Inventor and the CRT2008**:
   - Qin Fen, an inventor, creates the CRT2008, a device designed to resolve conflicts impartially by eliminating human biases and cheating. The device is inspired by the simplicity and fairness of the ""rock, paper, scissors"" game but is advanced to handle real-world disputes.
   - The invention gains the attention of investors, particularly Mr. Fan, who sees its potential to revolutionize conflict resolution in various aspects of life, from business to personal relationships. The CRT2008 is described as a revolutionary product with the potential for a massive high-tech IPO.

2. **Personal Relationships and Love**:
   - The story delves into the personal lives of its characters, exploring themes of love, loss, and redemption. Qin Fen meets Smiley, a woman who is emotionally tormented by a past relationship. Their interactions are complex, with Smiley struggling to let go of her past and Qin Fen trying to help her find redemption.
   - The subtitles suggest a deep emotional connection between the two, but their relationship is fraught with challenges. Smiley’s past traumas, including the loss of a loved one, weigh heavily on her, and she grapples with feelings of guilt and despair.

3. **Philosophical and Emotional Struggles**:
   - The dialogue is filled with philosophical musings about the nature of humanity, conflict, and the search for peace. Characters reflect on their past mistakes, personal growth, and the meaning of love and forgiveness.
   - Qin Fen’s journey is not just about his invention but also about his personal struggles. He is portrayed as an idealist who is haunted by his own past mistakes and seeks redemption through his relationships and work.

4. **Resolution and Redemption**:
   - The story seems to build toward a resolution where characters confront their pasts and seek forgiveness. Qin Fen’s invention serves as a metaphor for the human desire to resolve conflicts and achieve peace, both on a grand scale and in personal relationships.
   - The subtitles suggest a bittersweet ending, with characters finding some measure of closure and hope for the future, even as they acknowledge the complexities and challenges of human existence.

Overall, the movie appears to be a thought-provoking exploration of human nature, blending technology, philosophy, and emotional drama to create a compelling narrative about conflict, love, and redemption."
9311141,"The movie tells the story of Buddy, a human who was accidentally taken to the North Pole as a baby and raised by elves. Buddy grows up believing he is an elf, but when he discovers the truth about his identity, he sets out on a journey to find his real father, Walter Hobbs, in New York City. Walter, a children's book publisher, is on Santa's naughty list and has lost touch with the Christmas spirit. Buddy's innocence, childlike wonder, and relentless optimism clash with the cynical and fast-paced world of New York City, leading to a series of humorous and heartwarming moments.

As Buddy navigates this new world, he tries to connect with his father and spread Christmas cheer, but Walter struggles to accept Buddy as his son. Meanwhile, Buddy falls in love with Jovie, a kind-hearted department store employee, and helps those around him rediscover the true meaning of Christmas. In the end, Buddy's unwavering belief in Christmas spirit and his determination to save the holiday inspire Walter to reconcile with his past and embrace his role as a father. The story concludes with the restoration of Christmas magic and the healing of the family bond."
9295850,"**Movie Plot Summary:**

The film is a tense war thriller with elements of horror, set during a conflict where a group of soldiers finds themselves besieged in a bunker. After being ambushed by American forces, the soldiers take refuge, only to discover they are low on ammunition and surrounded. The situation worsens as they uncover dark secrets about the tunnels beneath them, including a historical massacre linked to the Black Death, which adds a supernatural layer of fear.

Internal conflicts arise as paranoia and suspicion spread among the soldiers, exacerbated by the claustrophobic environment and the threat of enemy infiltration. The unstable leader, Schenke, accuses others of cowardice, leading to infighting and further fragmentation within the group.

In a desperate bid for survival, the soldiers attempt to escape through the tunnels, facing both enemy forces and deadly traps. The narrative builds to a tragic conclusion, highlighting the psychological toll of war and the supernatural elements that heighten the soldiers' desperation and fear. Ultimately, the soldiers' situation becomes increasingly dire, leading to a deadly and intense climax."
9332045,"The subtitles depict a tense and emotional story set in a house under occupation, likely in Palestine, given the references to Israelis and Palestinians. The plot revolves around a family struggling to cope with the presence of Israeli soldiers who have taken over their home. The soldiers impose strict rules, dividing the house into restricted zones and dictating where the family can and cannot go. The family is forced to live in the living room, treated as prisoners in their own home, while the soldiers occupy the rest of the house.

The family is fractured by fear, disagreement, and resilience. The father, Mohammad, is principled and determined to stay in the house, viewing it as a form of resistance. He believes in nonviolent resistance and sees their presence in the house as a way to defy the occupation. The mother, Samia, is more pragmatic and fearful for their children's safety, urging the family to leave to avoid further danger. The children—Mariam, Yousef, Jamal, Karim, and Nada—are traumatized by the situation, with Nada being particularly scared and vulnerable.

The soldiers are portrayed as harsh and unpredictable, with some showing moments of humanity while others are outright hostile. The family faces daily challenges, from restricted movement to the psychological toll of living under constant surveillance and threat. Despite the oppression, the family tries to maintain a sense of normalcy, with moments of tenderness, homework, and small acts of defiance.

The story also hints at broader themes of identity, resistance, and the struggle to maintain dignity in the face of occupation. The family's resilience is tested as they navigate the complexities of their situation, balancing the desire to fight for their home with the need to protect themselves and their children.

Ultimately, the subtitles suggest a poignant and deeply human story about survival, family, and the enduring spirit of resistance in the face of overwhelming adversity."
9489880,"The subtitles tell the story of an ogre named Shrek who lives in a swamp and is feared by the people of Duloc. The story begins with a princess named Fiona, who is under an enchantment that can only be broken by ""love's first kiss."" Fiona is locked in a tower guarded by a dragon, and many knights have attempted to rescue her but failed. 

Shrek makes a deal with Lord Farquaad, the ruler of Duloc, to rescue Fiona in exchange for the return of his swamp, which has been overrun by fairy tale creatures. Shrek, accompanied by a talking donkey named Donkey, embarks on a journey to rescue Fiona. Along the way, they face various obstacles, including a fierce dragon and a group of merry men led by Robin Hood.

When Shrek and Donkey reach the tower, they find Fiona, who is not what they expected. Fiona is kind and brave, but she harbors a secret: she turns into an ogre at night due to a spell cast upon her as a child. Shrek and Fiona begin to develop feelings for each other, but Fiona is engaged to marry Lord Farquaad, who wants to marry her to become king.

Shrek and Fiona return to Duloc, where Fiona is supposed to marry Farquaad. However, Shrek interrupts the wedding and confesses his love for Fiona. Fiona reveals her true form as an ogre, and she and Shrek share a kiss that breaks the spell. The two get married, and Shrek and Fiona live happily ever after, ruling Duloc together. The story is filled with humor, satire, and heartwarming moments, ultimately celebrating the power of true love and self-acceptance."
9373313,"The movie revolves around a complex and intense cat-and-mouse game between Lt. Commander Annibal Ramirez and the notorious terrorist Carlos. Annibal, mistaken for Carlos, is recruited by the CIA to infiltrate and capture the elusive terrorist. The plot delves into themes of identity, deception, and personal sacrifice as Annibal undergoes rigorous training to adopt Carlos's persona. The story unfolds with intricate espionage tactics, involving the KGB, fake identities, and emotional struggles within Annibal's family. The climax features a tragic turn with the loss of Annibal's family, leaving him determined to complete his mission against Carlos. The film is a gripping exploration of the psychological and moral challenges faced by those entangled in the world of international terrorism and espionage."
9498749,"The subtitles depict the story of Liam Liu, a young man grappling with his identity and career as an aspiring actor in Los Angeles. Liam, who struggles with feelings of alienation and disconnection from his Chinese heritage, faces challenges in his personal and professional life. His journey takes a significant turn when he inherits a house in Shanghai from a grandmother he never met, prompting him to travel to China. There, he reconnects with his roots and meets a woman named Micki, who becomes a source of inspiration and growth for him.

Throughout the story, Liam navigates complex relationships, including a tumultuous romance with a younger girl named Addy and a strained connection with his father, Mark Liu. His experiences in Shanghai lead to introspection and self-discovery, as he confronts his past and the cultural divides that have shaped his identity. Ultimately, Liam's journey is one of love, loss, and the pursuit of belonging, as he seeks to reconcile his dual identity and find his place in the world."
9479787,"The subtitles depict a grand historical epic centered around the Third Crusade, focusing on the conflicts and personal struggles of key figures like Richard the Lion-Heart of England, Philip II of France, and Saladin, the Sultan of Egypt. The story begins with the Hermit preaching the Crusade, urging kings to join the holy war, which leads to Philip and Richard committing to the cause. Richard's focus on the Crusade strains his relationships, particularly with his betrothed, Alice of France, and leads to his marriage with Berengaria of Navarre, further complicating political alliances.

The narrative explores the siege of Acre, the internal power struggles among Crusader leaders, and the romantic tensions between Richard and Berengaria. Saladin emerges as a noble adversary, engaging in both battle and diplomacy. The story reaches its climax with Richard and Saladin negotiating a peace treaty, allowing Christian pilgrims to enter Jerusalem without arms, symbolizing a temporary truce between Christians and Muslims.

Ultimately, the Crusade achieves its goal with the gates of Jerusalem opening, but not without personal sacrifices and internal conflicts. The story underscores themes of faith, power, and love, highlighting Richard's evolution from a warrior king to a leader who seeks peace and understanding."
9433374,"The movie follows the story of Michal, a woman navigating a complex web of personal and professional challenges. At the center of the plot is her father, Meir, who is deeply involved in the establishment of a new yeshiva (religious school) in their community. The yeshiva, spearheaded by Rabbi Gabai, aims to revitalize the neighborhood and provide a place for Torah study, but it is plagued by financial mismanagement and deceit. Meir, driven by his faith and desire to honor his late wife, becomes entangled in fraudulent activities, including falsifying the number of students to secure more funding.

Michal, who works alongside her father, begins to uncover the extent of the fraud and decides to take action to protect him, fearing legal repercussions. She seeks legal advice and considers turning her father into the authorities as a state witness, hoping to mitigate his punishment.

Interwoven with the professional struggles are Michal's personal challenges. Her marriage to Shmoulik is strained, and their relationship reaches a breaking point when she leaves home after a heated argument. She finds temporary refuge with her friend Nechama, symbolizing her broader struggle to balance her faith, family, and independence.

The story also touches on themes of loss and tragedy, as Michal grapples with the death of a friend, Yoni Peretz, who was killed in a terrorist attack at a café. This event adds to her emotional turmoil and highlights the fragility of life.

Throughout the film, Michal's journey is one of moral reckoning, as she confronts the consequences of her father's actions, her own role in enabling them, and the dissolution of her marriage. The plot explores the tension between faith, family, and personal responsibility, ultimately leading to a poignant reflection on the costs of deceit and the power of redemption."
9428440,"**Plot Summary:**

The movie follows the comedic misadventures of detectives Inspector Winship and Dr. Tart as they investigate the mysterious deaths of Lord and Lady Morley. The Morleys, heirs to a vast fortune, appear to have died in a car accident, but a cryptic letter signed by Lord Morley suggests murder, prompting the detectives to delve deeper.

As they explore the Morley estate, they encounter a cast of eccentric characters, each with potential motives for the murders. The investigation is complicated by supernatural elements, including ghostly apparitions and a mythical creature known as a wookalar. The detectives face various obstacles, such as disappearing bodies and hidden passages, which add layers of suspense and humor.

In a surprising twist, it is revealed that Lord Morley is alive and orchestrated an elaborate scheme to expose the true killer, Phyllis, who was driven by greed. The detectives, despite their bumbling nature, successfully uncover the truth, resolving the case with a mix of wit and luck.

The film blends mystery, comedy, and supernatural elements, creating an engaging and entertaining narrative."
9244493,"**Plot Summary:**

In a world where mysterious creatures and transforming beings are part of everyday life, the story centers around a group of characters navigating both supernatural threats and personal relationships. The tale begins in a homemade cake shop, where characters discuss the presence of giant monsters and closed-off areas, hinting at a world where such creatures are a known danger.

At the heart of the story is Cenco, a figure with the ability to transform, possibly an alien or a being with extraordinary abilities. The narrative unfolds with Yuki, a character who becomes entangled in Cenco's life, as they deal with secrets and the challenges of controlling transformations, which are sensitive to diet and external factors.

The plot is filled with action, including chases, confrontations, and urgency to escape, as the characters face the consequences of Cenco's transformations and the pursuit of those seeking to exploit these abilities. Interpersonal dynamics are key, with themes of trust, betrayal, and the struggle to maintain normalcy amidst supernatural chaos.

Ultimately, the story weaves together elements of suspense, humor, and personal growth, exploring the complexities of living with extraordinary secrets in an otherwise ordinary world."
9491349,"The subtitles describe a dark, tense, and supernatural narrative set in a small, rural Irish village. The story centers around Howard Hallenbeck, an American historian researching a book about sacred sites, and his family, who become entangled in a horrifying series of events. The village is plagued by a monstrous entity, referred to as ""Rawhead,"" a pre-Christian, pagan creature tied to the local church and its history. The creature is depicted as a towering, inhuman being with glowing red eyes, feared by the villagers and connected to ancient rituals and symbols depicted in the church's stained glass windows.

As the plot unfolds, a series of brutal murders occur, including the death of Howard's son, which deeply traumatizes the family. Howard becomes obsessed with uncovering the truth behind the creature and its connection to the church, believing it to be the same entity that was defeated and buried centuries ago. The villagers and local authorities are initially skeptical but eventually realize the gravity of the situation as the death toll rises.

The story builds toward a climactic confrontation at the church, where Howard and the authorities attempt to stop Rawhead. The creature is ultimately defeated, but not before it unleashes destruction and terror. The narrative explores themes of ancient evil, the clash between paganism and Christianity, and the devastating consequences of disturbing long-buried secrets. The ending suggests a sense of resolution, but the horror and loss leave a lasting impact on the characters and the village."
9309371,"**Plot Summary:**

The story follows a young girl named Ryan, who is visiting her grandfather in Montana while her parents travel Europe. Initially bored and out of place in the rural setting, Ryan's life changes when she discovers a wounded dog-wolf hybrid named Buck. Against the advice of others, Ryan forms a deep bond with Buck, nursing him back to health and advocating to keep him despite concerns about his wild nature.

As Ryan spends more time with her grandfather, she learns about the wilderness, dog sledding, and the challenges of balancing human life with the instincts of a wild animal. The story intertwines with the classic tale *Call of the Wild* by Jack London, which her grandfather reads to her, mirroring Buck's journey of self-discovery and the call of the wild.

Conflict arises when a man named Heep claims ownership of Buck, leading to a sled race to determine who gets to keep him. With the help of her friend Jack, Ryan trains Buck and ultimately wins the race, securing Buck's place with her. However, recognizing that Buck's true home is in the wild, Ryan and her grandfather find a compromise: Buck is taken to a remote cabin where he can live freely, yet safely, as a wolf.

The story explores themes of belonging, understanding, and the enduring connection between humans and animals, as Ryan learns valuable lessons about love, responsibility, and letting go."
9318026,"**Plot Summary:**

In a dystopian future, the United States is controlled by Triple M, the Multi Media Monopoly, which has transformed the nation into a consumerist dictatorship. The protagonist, Jack, a former advertising executive who helped Triple M rise to power, begins to question the regime's oppressive control over society. The story delves into a world where consumer choice is manipulated, and individuals are valued based on their economic contributions, with actions like love and charity deemed counterproductive.

Jack becomes involved with an underground resistance movement fighting against Triple M's totalitarian rule. His personal life intertwines with that of Cecile, a colleague who faces her own struggles within the system. Together, they navigate the complexities of rebellion and personal identity. Key events include a bombing of a Triple M building, internal conflicts within the resistance, and the pursuit of a mysterious figure connected to a distant star, 147X, which may hold the key to the resistance's origins or goals.

As Jack grapples with his role in the resistance, he confronts the moral ambiguities of his actions and the true cost of rebellion. The narrative explores themes of consumerism, individual freedom, and the struggle for autonomy in a society that values marketability above all else. The film concludes with an uncertain future for the resistance and Jack's personal journey, leaving the audience reflecting on the resilience of the human spirit and the enduring quest for freedom."
9397640,"**Summary of the Plot:**

The film is set in a world where Greek mythology and human rebellion intertwine. It begins with the narrator recounting the ancient tales of Titans and the Olympian gods, focusing on Hades' creation of the Kraken to aid Zeus in overthrowing their parents. Zeus becomes king of the heavens, while Hades is deceived into ruling the underworld. Zeus creates mankind, whose prayers sustain the gods, but over time, humans grow rebellious against divine rule.

The story centers on Perseus, a young boy who is actually the son of Zeus, though raised by Spyros and Marmara as their own. As Perseus grows, he learns of his divine lineage through Io, a demigod who has protected him since birth. The narrative shifts to Argos, where King Kepheus and Queen Cassiopeia lead a rebellion against the gods, provoking Hades to threaten destruction via the Kraken unless their daughter Andromeda is sacrificed.

Perseus, initially hesitant, embarks on a perilous journey to the underworld with a group of allies to slay Medusa, whose head can petrify the Kraken. They face numerous challenges, including encounters with mythical creatures and the Stygian witches, who provide crucial information. Ultimately, Perseus and his companions succeed in obtaining Medusa's head and use it to defeat the Kraken, saving Andromeda and Argos.

In the climax, Perseus declines Zeus's offer to ascend to godhood, choosing to remain human. The film concludes with Perseus opting for a humble life, emphasizing themes of rebellion, fate, and the hero's journey. The story highlights Perseus's transformation from an ordinary man to a hero who saves humanity, underscoring his internal conflict and decision to embrace his humanity over divine heritage."
9294531,"The movie explores the intricate lives of several suburban couples in a 1950s or 60s setting, delving into themes of the American Dream, racial discrimination, infidelity, and personal aspirations. The plot centers around David and Jean Martin, Herm and Betty, Jerry and Isabelle Flagg, and Troy and Leola Boone, each navigating their own struggles and societal pressures.

David, an electronics engineer, grapples with job pressures and feelings of inadequacy, while Jean deals with the aftermath of an incident involving Troy, a former soldier turned aspiring police chief. Troy's ambitions are thwarted when he's denied the police chief position due to educational constraints, leading to marital discord with Leola, who harbors a painful past of giving up a child for adoption.

Jerry, a used car salesman, schemes to improve his financial situation, while Herm, a store manager, confronts moral dilemmas, particularly regarding his employee Iko, a Japanese man facing racial discrimination in buying a home. These interactions highlight broader societal issues of the era.

A pivotal party scene exposes underlying tensions, with Troy's advances on Jean leading to confrontations. The story reaches a climax with Troy's breakdown, possibly a heart attack, underscoring the emotional and societal pressures affecting the characters.

The film concludes by reflecting on the superficiality of suburban life, revealing the real challenges beneath the surface, and the interconnected fates of its characters in their pursuit of stability and happiness."
9359140,"The subtitles appear to be from a film that revolves around themes of ambition, greed, and the consequences of one's actions. The plot centers on Ford Welles, a hustler and aspiring producer who is trying to make it big in the entertainment industry. Ford has two major opportunities: one with Damon Dash, who is buying a movie studio and wants Ford as his top producer, and another with Count Tommaso Lupo, a billionaire Italian media mogul who is interested in hiring Ford.

Ford's life becomes complicated when he involves Vera, a young woman he is mentoring, in his dealings. Vera becomes entangled in Ford's ambitious plans, which include setting up meetings with influential figures and navigating the complexities of their relationships. Vera and Ford's relationship is fraught with tension, particularly when Vera confronts Ford about $9,300 he owes her, leading to a heated argument.

The story takes a darker turn when Ford arranges a meeting between Vera and Count Tommaso Lupo. The count is smitten with Vera and offers her $100,000, but the situation escalates when Vera accuses the count of not following through on his promises. The confrontation leads to a tragic event: the count is found dead, and Ford is arrested and charged with his murder.

Throughout the subtitles, the dialogue suggests a web of deceit, ambition, and personal struggles. Ford's desperation to succeed, coupled with his questionable ethics, ultimately leads to his downfall. Vera, caught in the middle, is left to grapple with the consequences of her involvement with Ford and the powerful men he introduces into her life. The story explores themes of greed, power dynamics, and the blurred lines between personal and professional relationships."
9262454,"**Summary of the Movie Plot:**

The film is set in the late 19th century and revolves around the conflicts between the Sioux Nation and the U.S. government, particularly over the Black Hills. The story begins with the government's push to seize Sioux land for gold, leading to resistance from Sioux leaders such as Red Cloud and Sitting Bull. These leaders negotiate with government officials, emphasizing broken treaties and the sacred nature of their land, but their efforts are met with coercion and force.

A central character is Charles Eastman, a Sioux man who adopts a white identity to navigate the changing world. His journey reflects the broader themes of cultural identity and assimilation as he struggles between his heritage and the demands of a white-dominated society. His relationship with Elaine Goodale, a sympathetic teacher, adds a personal dimension to the narrative.

The film highlights the harsh conditions on reservations, including disease and hunger, exacerbated by ineffective agents like Royer. The Sioux find hope in the Ghost Dance movement, which promises renewal but is met with fear by the government, leading to the tragic Wounded Knee Massacre. This event marks the climax of the film, showcasing the violent suppression of the Sioux and the devastating loss of life.

Throughout the film, themes of resistance, assimilation, and tragedy are explored, with a focus on the resilience of the Sioux people and the personal struggles of individuals like Charles Eastman. The film concludes with a reflection on the loss of land, culture, and life, underscoring the historical injustices faced by Native Americans."
9328992,"**Title:** *The Weight of Time*

**Plot Summary:**

*The Weight of Time* is a poignant exploration of love, loss, and self-discovery, centered around the life of Alejandro Ferrero, a widower who has lived a life marked by solitude and disconnection since the death of his wife, Isabel, 20 years prior. The story intertwines multiple narrative threads, each contributing to a rich tapestry of emotional depth and character development.

At the heart of the narrative is Alejandro's unexpected encounter with an old friend from his childhood, Vignale. This reunion awakens long-dormant memories of Isabel and forces Alejandro to confront the void her absence has left in his life. Their conversation reveals Vignale's deep admiration for Isabel, further complicating Alejandro's emotional landscape as he grapples with the realization that parts of his past remain unresolved.

Parallel to Alejandro's journey is the subplot involving Santini, a troubled new employee at Alejandro's workplace. Santini's struggles with his job and personal life are highlighted by an emotional outburst, where he challenges his colleagues to reflect on their own lives and aspirations. His eventual departure from the company serves as a catalyst for the other characters to reevaluate their own existences, particularly in the context of a life-altering event: the office's unexpected win in the football pools, which promises newfound wealth but also exposes underlying tensions and insecurities.

The most profound narrative thread, however, is Alejandro's relationship with Laura Avellaneda, a young and vibrant woman who enters his life. Despite their significant age difference, the two form a deep emotional bond, offering Alejandro a chance to reawaken feelings he thought had long been buried. Tragically, their relationship is cut short when Laura passes away, leaving Alejandro in a state of profound grief and introspection.

In the aftermath of Laura's death, Alejandro is forced to confront the fragility of life and the importance of human connection. Through his interactions with Laura's family, particularly her father, Alejandro begins to heal and find a renewed sense of purpose. The film concludes on a hopeful note, suggesting that while life may be marked by loss and regret, it is also a journey of growth, love, and the pursuit of meaning.

*The Weight of Time* ultimately presents a nuanced exploration of the human condition, emphasizing the enduring power of love and the resilience of the human spirit in the face of adversity."
9394820,"The movie is a poignant romantic drama that delves into the intense emotions of longing and anticipation. The plot centers around a protagonist deeply invested in a romantic relationship, eagerly awaiting a response from their loved one. The narrative is rich with poetic imagery, using elements like the moon, clouds, and a flickering flame of hope to illustrate the protagonist's emotional turmoil. Themes of love, desire, and suspense are woven throughout, as the protagonist experiences a limbo of emotions, oscillating between hope and fear. The story captures the anxious wait for reciprocation, leaving the outcome open, and focuses on the emotional journey rather than the resolution, creating a melancholic and romantic atmosphere."
9418141,"**Plot Summary:**

The movie revolves around Nancy Aglet, a woman who was once exorcised by Father Mayii but becomes repossessed by Satan years later. The story intertwines horror and comedy, exploring themes of faith, media, and redemption. 

Nancy's repossession prompts a televised exorcism hosted by televangelists Ernest and Fanny Weller, adding a satirical layer on the commercialization of religion. Father Mayii, now elderly and ailing, is reluctant to assist due to his failing health and crisis of faith. Instead, the task falls to Father Luke Brophy, an inexperienced priest, who must confront his own doubts and fears.

The narrative is filled with comedic elements, such as the use of holy water from a convenience store and a musical showdown where rock and roll is used to repel Satan. The climax features a wrestling-like battle, highlighting the blend of absurdity and horror.

Ultimately, the film concludes with the triumph of good over evil, using unconventional methods to defeat the devil. It serves as a satirical commentary on religion's role in media, while maintaining a humorous and entertaining tone throughout."
9371109,"**Forever Young: A Timeless Tale of Love and Science**

In the captivating film *Forever Young*, the story intertwines romance, drama, and science fiction, creating a poignant narrative that explores the consequences of scientific experimentation and the enduring power of love. The plot centers around Daniel McCormick, a test pilot whose life takes a dramatic turn when he volunteers for a secret government project led by the visionary scientist Harry Finley.

The movie begins with Daniel's harrowing experience as a test pilot, where he narrowly escapes a fatal crash. This event sets the stage for his involvement in Harry's groundbreaking experiment in cryogenics. Harry's innovative work aims to freeze humans, and Daniel, driven by personal loss, volunteers to be frozen for a year, hoping to escape his grief over his comatose love, Helen.

Unforeseen circumstances lead to Daniel being forgotten in his frozen state for five decades. When he awakens in the 1990s, he finds himself a man out of time, grappling with a world that has moved on without him. His quest to reunite with Helen and find Harry becomes a race against time, as he begins to experience rapid aging, a side effect of the experiment.

As Daniel navigates this new era, he encounters a young boy named Nat and his mother, Claire, who aid him in his search. Nat's subplot, involving his crush on Alice, adds a touching coming-of-age element to the story. The narrative is further complicated by the involvement of government agents seeking to exploit Harry's research, leading to a suspenseful chase.

The film's emotional core lies in Daniel's unwavering love for Helen. Billie Holiday's haunting rendition of ""The Very Thought of You"" serves as a motif, underscoring the deep connection between Daniel and Helen. The climax reaches a heartfelt conclusion as Daniel, with the help of his new friends, reaches Helen just in time to rekindle their love, offering a bittersweet yet hopeful resolution.

*Forever Young* is a testament to the resilience of the human spirit, blending elements of science fiction with a touching love story. It reminds viewers that true love transcends time and that the human heart can endure even the most extraordinary challenges."
9258119,"**Plot Summary:**

The film revolves around the complex and tumultuous life of Gloria Wandrous, a woman navigating a web of relationships, societal expectations, and personal demons. Gloria, a central figure with a troubled past, is depicted as a woman struggling to find respectability and love amidst her chaotic lifestyle. Her interactions with key characters—Weston Liggett, Steve, Norma, and her mother—highlight her internal conflicts and external pressures.

Gloria's story begins with her revealing a dark secret from her past involving Major Hartley, which shapes her motivations and actions. Her relationship with Steve is fraught with tension, as he cares deeply for her but is frustrated by her lifestyle. Meanwhile, Weston Liggett emerges as a significant figure, possibly a love interest, whose interactions with Gloria are marked by both passion and conflict.

A subplot involving a stolen mink coat symbolizes Gloria's past indiscretions and her attempt to change her life. The coat becomes a catalyst for key events, reflecting her struggle to escape her history. Gloria's conversations with a psychiatrist further underscore her internal battles and desire for redemption.

The film reaches its climax with a tragic car accident that claims Gloria's life. In the aftermath, Weston reflects on her life, acknowledging her flaws but also recognizing the depth of her struggle for respectability and love. The movie concludes with a poignant reflection on Gloria's life, emphasizing her complexity and the societal pressures she faced.

Ultimately, the story is a tragic exploration of Gloria's quest for a better life, her resilience in the face of adversity, and the consequences of her choices."
9406493,"The subtitles provided appear to be from the movie *""I Cento Passi"" (The Hundred Steps)*, which is based on the true story of Giuseppe ""Peppino"" Impastato, an Italian activist who openly opposed the Mafia in Sicily. The film depicts Peppino's life, his family dynamics, and his eventual murder at the hands of the Mafia.

The plot centers around Peppino, a young man from a Mafia-connected family in Cinisi, Sicily. Despite his family ties to organized crime, Peppino rebels against the Mafia's influence and becomes a vocal critic of their activities. He uses a local radio station, *Radio Aut*, to denounce the Mafia and expose their criminal dealings, earning him both admiration from his supporters and death threats from the Mafia.

Peppino's activism puts him at odds with powerful figures, including Gaetano Badalamenti, a local Mafia boss. His family, while loving, struggles with his defiance, as they are deeply entrenched in the Mafia culture. Despite the risks, Peppino remains committed to his cause, believing that truth and justice must prevail.

The film culminates in Peppino's tragic death. He is murdered in 1978, and the authorities initially attempt to cover up the crime by suggesting it was a suicide. However, the subtitles reveal that his death was ordered by the Mafia, and years later, Badalamenti would be implicated in his homicide.

The movie ends with a note about the real-life legacy of Peppino Impastato, emphasizing that his ideas and courage continue to inspire others to resist the Mafia and fight for justice."
9212526,"The subtitles provided appear to be from the 1998 film *He Got Game*, directed by Spike Lee. The movie revolves around the complex relationship between Jesus Shuttlesworth, a highly touted high school basketball prospect, and his father, Jake Shuttlesworth, a convicted murderer serving time in Attica State Penitentiary. The story explores themes of family, redemption, and the pressures of fame.

Jesus is courted by several colleges and must decide his future, but his father, released on a work-release program, tries to influence his decision in exchange for a potential early parole. Their relationship is fraught with tension, as Jake's past mistakes and controlling behavior have strained their bond. The film culminates in a one-on-one basketball game between the two, symbolizing their ongoing struggle for forgiveness and understanding.

Ultimately, Jesus must navigate the challenges of his own destiny while confronting the legacy of his father's actions and the weight of their shared past. The film blends sports drama with a deeper exploration of personal responsibility and the search for redemption."
9327097,"**Movie Plot Summary:**

The movie follows the journey of Shane, a young boy struggling to cope with the loss of his uncle, a firefighter, and his strained relationship with his father, also a firefighter. Shane's life intertwines with Dewey, a dog who is revealed to be Rexxx, a famous movie star. After a series of events, including a skydiving accident and a rescue mission, Dewey becomes the mascot of Dogpatch Station, a firehouse facing closure due to budget cuts.

As Dewey proves his worth as a hero, particularly in a daring rescue, the firehouse gains renewed community support. However, Dewey's past as Rexxx comes back when his manager, Trey, tries to reclaim him. Shane must come to terms with losing his beloved dog, realizing Dewey's true purpose is as a hero in the firehouse.

The plot deepens with a subplot involving arson and corruption, as Shane uncovers that fires, including the one that killed his uncle, were set intentionally. In a climactic confrontation, Shane and his father are trapped in a burning building, but Dewey's bravery saves them, exposing the truth and bringing the perpetrators to justice.

Ultimately, Dogpatch Station is saved, and Shane and his father mend their relationship. Dewey remains a cherished mascot, symbolizing the power of heroism and community. The film concludes with a heartwarming message about finding one's true purpose and the strength of family and community bonds."
9395764,"**Movie Plot Summary:**

The film begins with Captain Johnny Angel investigating the mysterious abandonment of the *Emmaline Quincy*, a ship found adrift with signs of struggle but no crew. As he delves deeper, he uncovers a tale of betrayal and crime involving a stolen shipment of five million dollars in gold. 

Captain Angel's investigation leads him to the Jewell Box nightclub, where he encounters Lilah, a woman from his past, and learns of the involvement of the Jewell brothers, owners of the nightclub and the boat *The Dolphin*. The plot thickens with the introduction of Paulette, a French stowaway who reveals that the gold was stolen, leading to the murder of Captain Angel's father and the crew of the *Emmaline Quincy*.

As the story unfolds, Captain Angel navigates a complex web of relationships and deceit, confronting the villains and uncovering the conspiracy. The climax features a tense confrontation where the truth is revealed, and justice is served. The movie is a gripping crime drama exploring themes of betrayal, greed, and redemption."
9419521,"The movie appears to be a romantic drama that explores the complexities of a passionate relationship. The plot centers around a romantic relationship marked by intense emotions, misunderstandings, and conflicts. The main characters navigate issues of jealousy and possessiveness, with a significant misunderstanding involving a mistaken phone call that leads to tension and arguments. As the story progresses, these conflicts escalate, leading to legal consequences, possibly involving one character facing imprisonment. The narrative emphasizes the emotional turmoil and the challenges the couple faces, ultimately testing the strength of their relationship."
9266391,"The subtitles describe the story of a young boy named Gabe and his first love, Rosemary Telesco. The narrative is told through Gabe's perspective as he navigates the challenges of young love, family drama, and growing up in New York City.

Gabe begins by reflecting on his initial disdain for girls, which stems from childhood myths about ""cooties."" However, his life changes when he falls in love with Rosemary, a girl he meets in his karate class. Their relationship is filled with awkward moments, first dates, and the struggles of pre-teen romance. Despite their differences and the obstacles they face, Gabe and Rosemary develop a deep connection.

The story also delves into Gabe's family life, particularly his parents' troubled marriage and impending divorce. Gabe's parents are stuck in a limbo due to a quirk in the divorce code, forcing them to live together uncomfortably. Gabe's mother starts dating again, adding to the tension at home.

Gabe and Rosemary's relationship is put to the test when Rosemary leaves for summer camp, and Gabe is left to process his feelings of love and loss. The story concludes with Gabe reflecting on the pain and beauty of first love, acknowledging that while it may not last forever, it leaves an indelible mark on his life.

Overall, the plot is a poignant and humorous coming-of-age story about love, heartbreak, and the complexities of growing up."
9183661,"The subtitles appear to be from a martial arts comedy film with elements of action, deception, and humor. The plot revolves around a scam involving fake gold, a kung fu master named Jia Wu Dao, and two brothers (Big Boo and Little Boo) who learn kung fu to avenge their brother and confront their enemies.

Key plot points:
1. A scam involving fake gold is uncovered, leading to conflicts and chases.
2. Two brothers, Big Boo and Little Boo, learn kung fu from a master to avenge their brother and confront their enemies.
3. The brothers face off against a group of skilled fighters known as the ""Seven Dwarves"" and their leader, Jia Wu Dao.
4. The film includes comedic elements, such as the brothers' misadventures and their attempts to use their newfound kung fu skills.
5. The story culminates in a showdown between the brothers and their enemies, with the brothers ultimately using their skills to outsmart and defeat their foes.

The film blends martial arts action with slapstick comedy and witty dialogue, following the brothers' journey from being scammers to becoming kung fu practitioners seeking revenge and justice."
9299117,"*The Great Silence* is a gritty Western tale set in the harsh, snowy landscapes of Utah, exploring themes of justice, corruption, and violence. The story centers around Silence, a mysterious and deadly mute gunman who becomes a symbol of justice for the oppressed, and Loco, a ruthless bounty killer driven by greed and a disregard for human life.

The plot unfolds in the town of Snow Hill, where outlaws and bounty killers operate under a corrupt system that allows murder for profit. A group of outlaws, forced into hiding by the harsh weather and bounty killers, await a general pardon promised by the new governor. Among them is a man named Gordon, who decides to surrender, preferring prison to the dangers of their fugitive life.

Enter Loco, a cunning and brutal bounty hunter who kills for rewards, often using the law to justify his actions. His actions are challenged by Silence, who operates on a strict moral code, shooting only in self-defense. Silence becomes a key figure in the story, seeking to avenge injustices and protect the innocent.

The story introduces Sheriff Gideon Burnett, a man tasked with restoring order in Snow Hill. He faces opposition from Loco and the corrupt banker, Henry Pollicut, who profits from the bounty system. Pollicut's manipulation of the law and his exploitation of the poor are central to the conflict, as he places bounties on the heads of those who refuse to submit to his will.

As tensions rise, Pauline, the widow of a man killed by Loco, seeks revenge, hiring Silence to kill him. However, Silence's methods are precise and morally driven, making him a formidable opponent. The conflict escalates when Loco and his men massacre a group of outlaws, leading to public outrage and condemnation of the bounty system.

The film's climax is a tragic confrontation in Snow Hill, where Loco takes hostages and demands a showdown with Silence. Despite his injuries, Silence faces Loco in a final, deadly duel. The outcome is devastating, with the massacre of the outlaws and the exposure of the corruption that allowed such violence to flourish.

Ultimately, *The Great Silence* is a powerful critique of the exploitation of the poor by the powerful and the dangers of a system that legitimizes murder for profit. The film's haunting conclusion, with the bloodstains of the fallen serving as a reminder of the irreversible consequences of violence, leaves a lasting impact on the viewer."
9432617,"**Summary of ""Beastly"":**

""Beastly"" is a modern retelling of the classic ""Beauty and the Beast"" tale, set in a high school context. The story centers around Kyle Kingson, a wealthy, popular, and handsome student who is initially arrogant and dismissive of those he deems unattractive. His life takes a dramatic turn when he is cursed by a witch for his superficiality, transforming him into a physically unattractive version of himself. The curse can only be broken if Kyle finds true love within a year, teaching him to value inner beauty over external appearance.

Kyle's journey begins with his interactions with Kendra, a potential love interest, and Will, a blind tutor who challenges Kyle's perceptions of self-worth. However, it is his relationship with Lindy, a kind-hearted and intelligent girl, that becomes central to his transformation. Lindy, who is planning a trip to Machu Picchu, represents the ""beauty"" in this narrative. Their bond deepens as Kyle shares personal stories, including a poignant visit to the zoo where he opens up about his past.

Throughout the story, themes of family and redemption are explored, particularly through Kyle's strained relationship with his father, who struggles with addiction. Kyle's growth is marked by his increasing self-awareness and empathy, facilitated by his connection with Lindy.

The story reaches its resolution as Lindy's love for Kyle, seeing beyond his physical appearance, breaks the curse. The film concludes with a reflection on the transformative power of love, emphasizing that true beauty lies within. ""Beastly"" offers a contemporary take on the timeless themes of love and self-acceptance, illustrating how personal growth and relationships can lead to redemption."
9271234,"**Summary of ""Red Desert"":**

Set against the backdrop of an industrial landscape, ""Red Desert"" follows Giuliana, a woman grappling with profound personal and existential struggles. After a car accident that leaves her hospitalized, Giuliana suffers from mental health issues, including feelings of alienation and disconnection. Her journey is marked by attempts to find purpose, such as opening a shop, and navigating complex relationships, particularly with her husband and the enigmatic Corrado Zeller.

The film delves into themes of identity, isolation, and the search for meaning in a rapidly changing, industrialized world. Giuliana's conversations reveal her inner turmoil and existential questions, while the setting and interactions with others highlight the broader societal and relational dynamics that shape her experience.

Through its exploration of personal and psychological themes, ""Red Desert"" paints a poignant portrait of a woman's struggle to find her place and reconnect with the world around her."
9255705,"The subtitles appear to be from a Tamil action-romance film, likely *Ghilli* (2004), starring Vijay and Trisha. The story revolves around Velu, a Kabaddi player and the protagonist, who is also known as ""GHILLLl."" The plot combines elements of sports, romance, and family drama, with Velu navigating his passion for Kabaddi, his complicated relationship with his strict police officer father, and his romance with a girl named Dhanalakshmi.

Key plot points include:

1. **Velu's Kabaddi Ambition**: Velu is a skilled Kabaddi player aiming to win the national championship. His father, however, disapproves of his involvement in the sport and wants him to focus on studies and secure a government job.

2. **Family Conflict**: Velu's father is a no-nonsense cop who often clashes with him over his choices. Despite this, Velu is determined to pursue his passion for Kabaddi and prove his worth.

3. **Romance and Rescue**: Velu falls in love with Dhanalakshmi, who is being forced into a marriage with a dangerous man named Muthupandi. Velu rescues her and protects her from Muthupandi's clutches, leading to a series of confrontations and chases.

4. **Final Showdown**: The film culminates in a dramatic Kabaddi match where Velu's team faces off against a rival team. Velu's determination and skill lead his team to victory, securing his reputation as a champion. Simultaneously, he confronts Muthupandi in a final showdown, resolving the conflict and ensuring Dhanalakshmi's safety.

The movie blends action, emotion, and sports, showcasing Velu's journey as a hero who balances his personal life, family expectations, and his passion for Kabaddi."
9303391,
9422265,"The story is set in a city where the inhabitants have lost their voices, silenced by an oppressive force. The narrative revolves around Ana, a young girl, and her father, who are central to uncovering the truth and restoring the city's voice. The subtitles hint at a tyrannical control mechanism, possibly linked to a mysterious machine and a broadcasting station known as THE AERIAL. 

Key characters include Mr. TV, who seems to be a figure of authority, and Ana's father, who is involved in a secret plan. The plot thickens with the introduction of a boy without eyes, who possesses a voice that could counteract the machine's power. This leads to a series of events involving experiments, chases, and a final showdown where the protagonists work to repair THE AERIAL, an old broadcasting station, to restore the city's voices.

The story concludes on a positive note, with the successful activation of THE AERIAL, leading to the recovery of the city's voice and the restoration of freedom. The resolution highlights the triumph of the protagonists over the oppressive forces, bringing the city back to life."
9431687,"**Movie Plot Summary:**

The movie follows Paul Kersey, a vigilante with a history of taking the law into his own hands, as he is released from jail and coerced by corrupt Police Chief Shriker into working under his supervision. Kersey's actions are driven by the murder of his friend Charley, who was killed by a gang in a crime-ridden neighborhood.

Upon his release, Kersey infiltrates the neighborhood, where he befriends residents like Bennett and the Kaprovs, who are terrorized by the gang led by the ruthless Fraker. Kersey arms himself with a powerful .475 Wildey Magnum and begins targeting the gang members responsible for Charley's death.

As Kersey's actions escalate, the situation spirals into chaos. The gang retaliates, leading to further violence, including the death of Maria, a resident who was assaulted. Kersey's vigilantism sparks a broader gang war, with the police struggling to maintain control amidst rising crime rates and increased violence.

Subplots include Kersey's relationship with Kathryn Davis, a public defender, who provides emotional support. The film culminates in a violent confrontation between Kersey and Fraker, set against the backdrop of a riot with burning buildings and police overwhelmed by the chaos.

The movie explores themes of vigilantism, corruption, and community resilience, ultimately depicting a violent showdown that leaves the neighborhood's fate uncertain."
9304201,"**Plot Summary:**

The movie revolves around a group of university students deeply engrossed in the fantasy role-playing game, Mazes and Monsters. The story begins with the mysterious disappearance of a student, Robbie Wheeling, who becomes increasingly entangled in the game. Robbie, along with his friends Jay Jay, Daniel, and Kate, ventures into the real-world setting of Pequod Caverns to play an advanced version of the game. As Robbie delves deeper into the game, assuming the character of Pardieu, a Holy Man, the lines between reality and fantasy blur, leading to his disappearance.

The narrative explores themes of identity, family conflicts, and the psychological impact of immersive gaming. Robbie's personal struggles, including a strained relationship with his parents and a past trauma involving his missing brother, Hall, are revealed through his journey in the game. His friends embark on a quest to find him, deciphering clues from the game that lead them to The Great Hall, a significant location tied to Robbie's brother.

Ultimately, Robbie is found, but the experience has left a profound impact on him, necessitating professional help. The film concludes with a reflection on the game's influence on their lives, the friends' growth, and the hope for Robbie's recovery and return to their lives. The story is a poignant exploration of how immersive experiences can both unite and isolate individuals, highlighting the resilience of friendship and the challenges of mental health."
9276301,"**Plot Summary of ""Deny The Night"":**

Set against the backdrop of a gritty strip club named the Rock Bottom, ""Deny The Night"" delves into the lives of its dancers, navigating their personal struggles, professional hazards, and a murder that shatters their world. The story centers around Roxanne, a determined and resilient dancer, and her close relationship with Angel, which is tested by betrayal and tragedy.

The narrative unfolds with the murder of Angel, prompting a police investigation led by Detectives Cody and Heineman. As they dig deeper, they uncover a complex web of secrets and lies within the club. A mysterious figure known as Pocket emerges as a key suspect, characterized by his peculiar behavior and aversion to physical touch, hinting at a darker psychological profile.

The plot explores themes of loyalty, betrayal, and the precarious existence of those in the sex industry. Roxanne's journey is marked by her unwavering bond with her brother, Eric, and her determination to uncover the truth, even as she faces personal demons and external dangers.

As tensions escalate, the investigation leads to a climactic confrontation involving Roxanne, her brother, and the police. The film's resolution is both violent and tragic, resulting in casualties and a poignant reflection on the costs of loyalty and justice.

Ultimately, ""Deny The Night"" is a gripping tale of survival, morality, and the search for truth in a world where the lines between right and wrong are often blurred."
9304630,
9302549,"**Plot Summary:**

The movie follows David, a young actor navigating his career and personal life. The story begins with David preparing for his day, showcasing his internal conflicts and daily struggles. His phone call with Xan introduces a potential romantic interest, highlighting his hesitation and uncertainty.

David's professional life is marked by his involvement in a play with Courtney, where a scheduling conflict with his role as an understudy in ""Hamlet"" creates tension. His personal life is further complicated by past relationships, particularly with Robby, whose issues with medication and infidelity are revealed through their conversations.

A significant part of the plot revolves around Amanda, a close friend and critic, who is leaving town for a new job. Her departure affects David emotionally, showcasing their deep bond. Amanda's new relationship with Kevin adds another layer, as it later becomes a source of conflict.

The central conflict arises when David begins a secret relationship with Kevin, leading to a hidden affair. This secrecy is discovered by Liz, who confronts Amanda, resulting in a dramatic confrontation. Amanda, feeling betrayed, confronts David and Kevin, leading to an emotional breakdown and a reevaluation of their relationships.

The film explores themes of identity, the complexities of relationships, and the consequences of secrecy. It culminates in a climactic confrontation, leading to emotional fallout and potential growth for the characters as they navigate the aftermath of their actions."
9204955,"**Plot Summary:**

The film centers around a hitman known as Blackbird, who operates under strict rules to avoid mistakes. He is hired for a job in Detroit, which leads him to confront a man named Papa, revealing a complex past involving betrayal and murder. Blackbird's backstory includes his grandmother, a medicine woman, and a nickname tied to his desire to avoid being an owl, symbolizing his darker choices.

The story intertwines with Wayne and Carmen Colson, a couple with marital issues. After a violent encounter with Blackbird and his partner, Richie Nix, they enter witness protection, assuming new identities in a new town. Despite their efforts to start anew, their relationship remains strained, reflecting deeper issues beyond their escape.

As Blackbird and Richie hunt them down, the tension escalates, leading to a tragic confrontation. The film's climax sees Blackbird's carefully laid plans unravel, as he fails to adhere to his own rules, resulting in his demise. The narrative explores themes of identity, consequences, and the inevitability of past actions haunting the present, culminating in Blackbird's downfall."
9342283,"**Plot Summary:**

The story is set in a world where martial arts reign supreme, with two powerful artifacts at the center of conflict: the Dragon Slaying Saber and the Heaven Reliant Sword. Forged by Kwok Ching and his wife, these weapons hold the secrets of the Nine Yin Manual, making them highly coveted. The struggle for these weapons pits two major forces against each other: the Central Plain's six major sects, led by Shaolin, and the Ming Cult, a mysterious group from Persia.

The narrative delves into the intertwining fates of key characters. Chang Tsui-san, a Wudang disciple, forms a bond with Yan So-so and Tse Shun, the Golden Haired Lion King. Tragedy strikes when Tse Shun's family is slaughtered, driving him to seek vengeance. This sets off a chain of events as the six sects and the Ming Cult clash, each seeking dominance.

At the heart of the story is Mo-gei, Chang Tsui-san's son, who becomes entangled in the conflict. Poisoned and in need of the Nine Yang Divine Skill to survive, Mo-gei's journey is marked by his rise to power as the Cult Master of the Ming Cult. His path is fraught with betrayal and complex relationships, particularly with Siu-qiu, who harbors her own secrets.

Themes of loyalty, revenge, and power dominate the tale. Mo-gei's journey explores his destiny, family legacy, and the burden of his martial prowess. The story is a classic epic of good vs. evil, filled with action, betrayal, and the relentless pursuit of martial arts supremacy."
9267601,"The movie revolves around the lives of two fishing rivals, John Gustafson and Max Goldman, in the small town of Wabasha. Their long-standing feud, fueled by competitive fishing trips and banter, takes a new turn when Maria Ragetti, a fiery Italian woman, arrives to convert the local bait shop into a restaurant. This change disrupts the traditional fishing spot, escalating tensions between the locals.

Subplots include John's marital issues with his wife Ariel, stemming from misunderstandings and potential infidelity, and the strained relationship between their children, Jacob and Melanie, whose wedding plans hit a snag due to cold feet. The story weaves through comedic misunderstandings, family drama, and the enduring quest to catch the elusive Catfish Hunter, a massive fish that has evaded John for years.

As the narrative unfolds, John and Max's rivalry evolves, leading to moments of reconciliation, particularly when they collaborate to catch Catfish Hunter. The film concludes with Max and Maria tying the knot, symbolizing a shift towards healing and unity amidst the chaos. The ending highlights the characters' ability to move past their conflicts, bringing a sense of resolution and humor to their interconnected lives."
9294134,"**Plot Summary:**

The story follows Petty Officers Buddusky and Mulhall, two seasoned Navy sailors assigned to escort Seaman Meadows to Portsmouth Naval Prison. Meadows, sentenced to eight years and a dishonorable discharge for attempting to steal $40 from a charity box, is a troubled young man grappling with his fate. 

As they journey across the country, Buddusky and Mulhall adopt an unconventional approach to their duty, aiming to make the trip more bearable for both themselves and Meadows. They indulge in diversions, including visits to bars and a brief meeting with Meadows' mother, revealing his emotional vulnerability. 

Despite moments of camaraderie and humor, Meadows' desperation leads to an escape attempt, which is thwarted. The narrative delves into themes of military bureaucracy, the psychological impact of confinement, and the moral complexities faced by the characters. The story concludes with Buddusky and Mulhall parting ways, reflecting on their experiences and the enduring challenges of their duty."
9341157,"The subtitles provided appear to be a mix of poetic verses and snippets of dialogue from a film. The poetic verses seem to reflect themes of love, loss, and resilience, while the dialogues suggest a complex narrative involving relationships, societal pressures, and personal struggles. However, without a complete and coherent sequence of subtitles, it is challenging to construct a detailed and accurate summary of the plot.

If you can provide more context or a fuller set of subtitles, I would be better equipped to generate a meaningful summary of the movie's plot."
9310646,"The movie ""Casablanca"" is set during World War II and follows the story of Rick Blaine, the cynical owner of Rick's Café Américain in Casablanca. The city has become a refuge for people fleeing war-torn Europe, all hoping to escape to America. The story centers around the theft of letters of transit, which are highly valuable as they allow the bearer to travel freely without questioning.

The letters, stolen from two German couriers, are eventually revealed to be in the possession of Rick. The letters become the focus of a complex web of alliances, rivalries, and romantic entanglements. Key characters include Victor Laszlo, a Czech Resistance leader wanted by the Nazis, and his wife Ilsa Lund, who had a past relationship with Rick in Paris. Ilsa and Victor are desperate to escape Casablanca and continue their fight against the Nazis.

Captain Louis Renault, the corrupt and pragmatic police prefect, is involved in the black market for exit visas and is aware of the significance of the letters. Major Heinrich Strasser, a Nazi officer, is determined to prevent Laszlo from escaping and continuing his anti-Nazi activities.

As the story unfolds, Rick's past with Ilsa is revealed, and it is shown that she left him abruptly in Paris without explanation. Her marriage to Laszlo and her continued feelings for Rick create a tense love triangle. Ultimately, Rick makes the sacrificial decision to allow Ilsa to leave with Laszlo, ensuring that Laszlo can continue his resistance work. In a famous scene at the airport, Rick convinces Ilsa that she must leave with Laszlo, saying, ""We'll always have Paris.""

The film ends with Rick staying behind, having made the choice to prioritize the greater good over his personal feelings. The final scene hints at a new beginning for Rick and Renault, as they prepare to leave Casablanca together, suggesting a possible alliance in the fight against the Nazis. The movie is a timeless tale of love, sacrifice, and patriotism set against the backdrop of one of history's most tumultuous periods."
9246871,"**Plot Summary:**

The story begins with scientists Steve March and Dan Murphy investigating mysterious radiation readings near Mystery Mountain. Their exploration leads them to a recently blasted cave with strange markings, hinting at supernatural or alien activity. As they delve deeper, they uncover clues suggesting something ominous, but their search yields nothing concrete except a dead end and Steve's abandoned scintillator.

Upon returning, Steve's behavior becomes erratic and violent, particularly towards his fiancée Sally. This erratic behavior is revealed to be the result of an alien entity named Gor, from Planet Arous, who has taken over Steve's body. Gor's sinister intentions include using Steve's body to gain access to Earth's atomic resources, aiming to build an invasion force to conquer the universe.

Sally and her father team up with Vol, another alien from Arous who is using George, the family dog, as a host. Vol reveals that Gor is a criminal and must be stopped. The group discovers that Gor is vulnerable when in his true form, which occurs every 24 hours. They plan to exploit this weakness, targeting the fissure of Rolando, a critical point that can defeat him.

In a climactic showdown, Steve, with Vol's help, manages to overcome Gor's control. The story concludes with Steve freed from possession and Gor defeated, saving Earth from his evil plans. The resolution highlights the bravery of Steve, Sally, and Vol in thwarting an alien threat and restoring peace."
9274349,"The movie follows Kamara, a determined young woman who returns to her homeland to visit her ailing father, a conservationist who established an animal sanctuary. The sanctuary is threatened by a new dam project, which will flood the jungle, endangering a large herd of elephants led by a rogue elephant named Bala. Kamara teams up with Tarzan, a jungle expert, to save the elephants by driving them to safety through a mountain pass before the dam's floodgates open.

The story explores conflicts with the dam's engineers, particularly Bryce, who prioritizes progress over wildlife. Despite challenges and dangers, including a trap set by the project's leader, O'Hara, the community unites to help Tarzan and Kamara. Ultimately, they successfully move the elephants, leading to a compromise where the dam project is adjusted to coexist with the sanctuary, balancing progress with conservation. The film highlights themes of environmentalism, community effort, and the importance of preserving wildlife."
9350372,"**Plot Summary of ""Ju Dou"":**

Set against the backdrop of a traditional dye mill in the Yang family, ""Ju Dou"" unfolds a tragic tale of forbidden love, societal oppression, and family dysfunction. The story centers around Ju Dou, a beautiful and expensive bride, who is married to the cruel and miserly Uncle Yang. Known for his brutality, Uncle Yang has a history of torturing his previous wives for failing to produce an heir, setting the stage for a oppressive marital life with Ju Dou.

Ju Dou finds solace in Tianqing, an adopted orphan who works at the mill. Their bond deepens into a romantic relationship, leading to the birth of a son, Tianbai. To protect their secret, they deceive Uncle Yang into believing the child is his, though the truth remains hidden.

As the narrative progresses, Uncle Yang's physical condition deteriorates, leaving him paralyzed and impotent. This shift intensifies the tension between Ju Dou and Tianqing, whose relationship becomes increasingly open. However, societal norms and the need to uphold the Yang family's reputation force Tianqing to move out, isolating Ju Dou and Tianqing amidst mounting village gossip.

The climax reveals Tianbai discovering the truth about his parentage, leading to a confrontation that exposes the family's secrets. The film concludes tragically with Ju Dou and Tianqing trapped in a cave, symbolizing their entrapment by societal expectations and their inability to escape their fate. Reflecting on their past, they succumb to their circumstances, encapsulating the themes of forbidden love, oppression, and the unyielding grip of tradition."
9206467,"**23: Nothing is True, Everything is Permitted**

**Plot Summary:**

""23: Nothing is True, Everything is Permitted"" is a gripping tale that intertwines conspiracy theories, hacking, and personal struggle, set against the backdrop of 1980s West Germany. The film follows Karl Koch, a young hacker influenced by Robert Anton Wilson's ""The Illuminatus! Trilogy,"" which shapes his belief in the Illuminati's existence and the ominous significance of the number 23.

Karl's journey begins with rebellion against his father, a right-wing journalist, leading him to activism and hacking. Adopting the moniker ""Hagbard Celine,"" Karl joins a group of hackers exploring the boundaries of technology and conspiracy. Their discussions often revolve around the Illuminati, with the number 23 recurring in significant events and deaths, adding a layer of fate and intrigue.

As Karl delves deeper, he and his friends hack into sensitive systems, including a nuclear plant, raising ethical concerns. A journalist's interest in their activities introduces tension, as Karl fears legal repercussions. Their involvement with selling data to the KGB escalates risks, leading to police investigations and internal conflicts within the group.

Karl's descent into paranoia and drug use intensifies, especially after the Chernobyl disaster, which he fears they might have inadvertently caused. The story darkens as Karl, overwhelmed by paranoia and guilt, decides to confess, seeking redemption.

The film concludes tragically with Karl's death under mysterious circumstances on May 23, underscoring the Illuminati's supposed influence. His friends receive lenient sentences, reflecting the legal system's struggle to comprehend their actions and the blurred lines between reality and conspiracy.

**Themes:**

- **Conspiracy and Fate:** The number 23 serves as a motif, linking events and deaths, emphasizing the perceived inevitability of fate tied to the Illuminati.
- **Ideology and Activism:** Karl's rebellion and activism highlight the impact of ideology on personal actions, illustrating how beliefs can drive risky behaviors.
- **Consequences of Obsession:** The film explores how obsession with conspiracy theories and secret societies can lead to personal downfall, illustrating the dangers of unchecked paranoia and the fine line between reality and delusion.

""23: Nothing is True, Everything is Permitted"" is a cautionary tale about the perils of obsession and the blurred lines between conspiracy and reality, set against a backdrop of technological intrigue and personal tragedy."
9376367,"**Plot Summary:**

The movie follows Amanda, a talented chef at the Southern Cross restaurant, and Tom Bartlett, an ambitious restaurateur at Bendel's department store. The story intertwines their professional struggles with a romantic subplot.

Amanda's restaurant faces financial trouble due to a rent increase, while Tom invests heavily in opening Jonathan's, a luxury restaurant. Their paths cross at a market, leading to a series of encounters where Amanda's culinary skills, particularly her magical crab dishes, captivate Tom. Their relationship blossoms amid supernatural elements, with Amanda's cooking exhibiting enchanting effects, making diners emotional and trancelike.

Valderon, Jonathan's head chef, quits, and Amanda steps in, showcasing her magical cooking abilities. Her enchanting dishes lead to a triumphant night, blending romance with fantasy. The story explores themes of love, magic, and the culinary world's challenges, highlighting how Amanda's passion for cooking mirrors the power of her relationship with Tom.

Ultimately, the film is a heartwarming blend of romance, comedy, and fantasy, emphasizing the transformative power of love and cuisine."
9418597,"The plot revolves around Lee Seung-ho, a struggling jockey on Jeju Island, and his bond with his horse, Woo-bak, as well as his daughter, Yea-seung. Lee, once a successful jockey, now faces personal and professional challenges, including failing eyesight and a reputation tarnished by a past tragedy involving the death of another jockey, Kyeong-il. Despite these struggles, Lee is determined to make a comeback and fulfill his promises to his late wife and their daughter.

Woo-bak, a horse with her own injuries and setbacks, becomes a symbol of resilience and hope for Lee. Together, they face skepticism and opposition from others in the racing world, who doubt their ability to succeed. Lee's determination to prove himself and secure a better life for Yea-seung drives him to keep racing, even as his vision deteriorates and he risks further harm.

The story reaches its climax in the 2011 Winners' Cup, where Lee and Woo-bak defy the odds and make a dramatic finish, embodying the theme that ""life is a strong finish."" Along the way, the film explores themes of perseverance, redemption, and the unbreakable bond between a father, his daughter, and their horse."
9221113,"*Salt for Svanetia* is a film that explores the isolated and harsh life of the Ushkul tribe in Upper Svanetia, a remote region of the Soviet Union nestled in the Caucasian Mountains. The tribe, cut off from civilization by snow-capped peaks and glaciers, adheres to a patriarchal way of life and relies heavily on subsistence farming and livestock. Their existence is marked by extreme hardship, as they struggle with the lack of essential resources, particularly salt, which is as valuable to them as gold.

The film depicts the daily struggles of the Ushkul people, from farming barley at high altitudes to constructing stone towers for defense against marauding barons. Their labor is grueling, and their way of life is unchanging, deeply rooted in tradition and religion. Funerals and births are steeped in ritual, and the rigid social hierarchy leaves the poor marginalized and suffering.

Religion plays a significant role in shaping their customs and worldview, but the arrival of the Bolsheviks signals a potential shift. The Soviet authorities bring hope of modernization and progress, promising to build roads and introduce collective farms. By the third year of their five-year plan, 50 kilometers of the 107 kilometers of roads needed for Svanetia have been completed, symbolizing the beginning of a new era for the region.

The film captures the tension between tradition and progress, as the Ushkul tribe, though initially isolated and resistant to change, begins to embrace the possibilities offered by the Soviet Union. It is a powerful portrayal of a community on the brink of transformation, struggling to balance its ancient customs with the promise of a modern future."
9381844,"**Plot Summary:**

The story revolves around Iris Sellin, a renowned pianist diagnosed with multiple sclerosis, and her daughter Siri, the world's first human clone. In the near future, Siri lives a reclusive life near the Broken Islands, interacting with Greg Lukas, who helps her with her generator. The narrative flashes back to Vancouver 20 years earlier, where Iris, determined to have a child despite her illness, collaborates with Professor Fischer to conceive Siri through an experimental cloning method.

As Siri grows, Iris's MS progresses, affecting their mother-daughter relationship. Daniela Hausmann becomes Siri's nanny, providing emotional support. The story reaches a climax when Professor Fischer publicly reveals Siri's cloned identity during a concert, shocking Siri and straining her relationship with Iris. Siri, grappling with her identity, rebels against her mother and leaves home, seeking independence.

Siri's journey leads to personal struggles, including an overdose, but she eventually seeks reconciliation with Iris. The film explores themes of identity, ethical cloning, and the complexities of familial bonds, culminating in Siri's return home, seeking to understand and connect with her mother. The story concludes with a focus on healing and the enduring love between Iris and Siri amidst the challenges of illness and identity."
9247535,"The movie follows a group of characters, including Ida, Eric, Nick, Carla, Sandy, Donna, and Bert, as they navigate a tense and dangerous situation. The story begins with interpersonal conflicts, particularly between Ida and another character, involving alcohol and physical aggression. The scene then shifts to a boat trip, where the group faces mechanical issues and treacherous waters, leading to a crash that strands them on an isolated island.

The island is revealed to be inhabited by an elderly woman and her dangerous, feral son, who has been isolated his entire life due to his deformity. The group discovers the old lady's diary, which details her isolating her son to protect him from the world, leading to a life of loneliness and violence. As they explore the island, they uncover the remnants of the old lady's life and the tragic fate of her son, who becomes a menacing figure threatening their survival.

The group faces numerous challenges, including injuries, confrontations with the violent son, and the harsh environment. In a climactic confrontation, Eric manages to subdue the son, bringing an end to the immediate danger. The film concludes with the group reflecting on their harrowing experience, leaving a lasting impact on their lives."
9197112,"The subtitles provided are from the movie *Big Fish* (2003), directed by Tim Burton. The story revolves around the life of Edward Bloom, a man known for his tall tales and larger-than-life adventures, and his complex relationship with his son, William, who struggles to reconcile the myths his father tells with the reality of who Edward truly is.

The plot begins with Edward recounting his attempt to catch an uncatchable fish, ""The Beast,"" which he finally catches on the day his son William is born. This story, like many others Edward tells, blends reality with exaggeration and symbolism. Edward’s stories include encounters with a witch who shows him how he will die, a giant named Karl, a mysterious town called Spectre, and his quest to win the love of Sandra Templeton, the woman he marries.

William, who feels disconnected from his father due to the lack of truthful communication, tries to uncover the real story of Edward’s life. He learns about Edward’s adventures, including his time as a circus performer, his military service, and his later life as a traveling salesman. William also discovers that Edward bought an entire town, Spectre, to preserve it for its inhabitants.

As Edward faces his mortality, William tries to understand his father by piecing together the fragments of his life, both the factual and the fantastical. The film ultimately suggests that Edward’s stories, while not always true in a literal sense, capture the essence of his life and personality. In the end, Edward’s life is celebrated through the stories he told, which become his legacy.

The movie blends fantasy and reality, exploring themes of identity, storytelling, and the complexities of familial relationships. It ends on a note of acceptance and closure, as William comes to terms with who his father was, both in reality and in myth."
9209311,"**Movie Plot Summary:**

The story revolves around twin sisters, Anju and Manju, born into a wealthy family but separated when Manju is kidnapped as an infant by a mentally unstable maid. Anju grows up in the family mansion under the care of her uncle, Tribhuvan, who plots to take over the family wealth after her parents' mysterious death in a car accident.

Tribhuvan, aided by his sister-in-law Amba, subjects Anju to a life of hardship and mistreatment, while Manju, living a different life, becomes involved in dancing and faces her own struggles. The twins' paths cross again when Manju, mistaken for Anju, uncovers the truth about Tribhuvan's greed and manipulation.

As the plot unfolds, Tribhuvan's schemes include attempts to kill Anju to gain control of the property, but Manju intervenes to save her sister. The story also explores romantic subplots involving Suraj, who becomes entangled with both sisters, adding complexity to the narrative.

In the end, Tribhuvan's crimes are exposed, and justice is served. Anju and Manju find happiness, with Anju marrying Jaggu and Manju settling down with Suraj. The story concludes on a hopeful note with the birth of their children, emphasizing the triumph of love and truth over greed and deception."
9345128,"The movie follows the story of Alex Gardner, a man with exceptional psychic abilities, including telekinesis, who disappeared after undergoing intensive parapsychological testing as a teenager. Years later, Alex is tracked down by representatives from Thornhill College, led by Dr. Jane DeVries and Paul Novotny, who are working on a top-secret government project involving ""dreamlinking"" – the ability to enter and influence people's dreams.

The project, overseen by the enigmatic and ruthless Bob Blair, aims to use dreamlinking for covert intelligence purposes, including assassination. Alex is reluctantly drawn into the project, where he discovers that the technique can be used to manipulate and even kill people in their dreams. Alex becomes increasingly uneasy as he learns more about Blair's true intentions and the ethical implications of the research.

As the story unfolds, Alex is tasked with helping Buddy Driscoll, a young boy tormented by recurring nightmares. Alex uses his abilities to enter Buddy's dreams and help him confront his fears, showcasing the potential for dreamlinking to be used for good. However, the darker side of the project is revealed when Alex discovers that Blair plans to use Tommy Ray, a psychopathic dreamlinker, to assassinate the President of the United States by infiltrating his dreams.

In a tense climax, Alex confronts Blair and Tommy Ray, racing against time to stop the assassination. Alex manages to outwit Tommy Ray in the dream world, saving the President's life. The film ends with Alex and Jane DeVries leaving the facility, hinting at a new beginning and a chance to escape the dangerous world they were drawn into."
9490193,"The subtitles depict the story of Henry Hill, a man deeply embedded in the world of organized crime. The narrative begins with Henry's early fascination with the mob lifestyle, influenced by figures like Paulie Cicero, who runs the local crew. Henry's rise in the criminal hierarchy is marked by his involvement in various crimes, including hijackings and the infamous Lufthansa heist, which brings him significant wealth but also attracts unwanted attention from law enforcement.

As Henry becomes more entrenched in the mob, he faces internal conflicts, such as the volatile behavior of associates like Tommy DeVito and the cautious leadership of Jimmy Conway. The story explores themes of loyalty, betrayal, and the consequences of criminal life, with Henry eventually cooperating with the FBI to avoid a lengthy prison sentence.

The climax of the story sees Henry entering the witness protection program, leaving behind the dangerous and glamorous life of a gangster. The film concludes with Henry reflecting on his past, now living a mundane life, highlighting the stark contrast between his former glory and his current reality. The subtitles capture the essence of a life lived on the edge, the allure of power, and the inevitable downfall that accompanies it."
9503735,"The subtitles depict a complex and introspective narrative centered around the life and suicide of Dagmar Brink, a woman who takes her own life, leaving behind a mysterious legacy. The story is explored through the perspective of Anders Wikner, a writer who becomes obsessed with uncovering the truth about her death. Dagmar's life is revealed through flashbacks and conversations with those who knew her, including her former husband, Captain Brink, and a troubled artist, Elias Körner.

Dagmar is portrayed as a deeply lonely and enigmatic figure, whose struggles with love, betrayal, and existential despair are central to her story. Her relationships are fraught with tension, particularly her marriage to Captain Brink, which is marked by distrust and emotional distance. A pivotal moment in her life is her encounter with a man named Alex, whom she deeply loved but could never be with, leaving her heartbroken and disillusioned.

The narrative also delves into her connection with Elias Körner, an artist who is both fascinated and tormented by her. Their relationship is tumultuous, marked by periods of happiness and destructive behavior, ultimately leading to her departure from his life. Dagmar's inability to find lasting love or connection is a recurring theme, as she grapples with the reality of her isolation and the futility of her hopes for a better life.

Anders Wikner's investigation into her life reveals a tragic figure, whose death is the culmination of years of emotional pain and unfulfilled longing. The subtitles suggest that Dagmar's suicide is not just an act of despair but also a reflection of her inability to reconcile her ideals with the harsh realities of her existence. Through her story, the subtitles explore themes of loneliness, love, and the complexities of the human condition."
9442510,"**Summary of ""Apocalypse Now""**

Captain Willard, a disillusioned officer, is sent on a classified mission during the Vietnam War to assassinate Colonel Walter E. Kurtz, who has gone rogue in Cambodia. The journey begins in Saigon, where Willard reflects on the psychological scars of war and his previous tours. He travels up the Nung River with a crew of inexperienced sailors, encountering surreal and harrowing experiences, including a chaotic USO show and interactions with a French plantation family, which highlight the war's broader historical context.

As Willard delves deeper into the jungle, he uncovers Kurtz's backstory: a once-respected officer who became unhinged by the war's futility and bureaucratic corruption. Kurtz leads a montagnard army, orchestrating brutal tactics that blur the lines between sanity and madness. Willard's mission becomes as much a psychological exploration as a physical one, confronting the moral ambiguities of war.

Upon reaching Kurtz's compound, Willard finds a disturbing scene of ritualistic practices and severed heads. Kurtz's philosophical monologues reveal his twisted views on war and humanity. The film culminates with Kurtz's death, and Willard escapes, forever changed by the horrors he witnessed, reflecting on the war's impact on his psyche and the world."
9450613,"The movie follows the story of Joe Morse, a lawyer involved in the numbers racket, who aims to make his first million dollars by legalizing the operation. His brother Leo runs a small numbers bank and is reluctant to join Joe's larger, more organized operation led by Ben Tucker. Joe's efforts to coerce Leo into the business lead to a raid on Leo's bank, resulting in his arrest. Leo decides to exit the business after one final payout, but his life takes a tragic turn when he is found dead, a victim of the very racket they were involved in. Devastated, Joe decides to cooperate with the prosecutor, Link Hall, to bring down Tucker and his associates, ultimately surrendering and reflecting on the consequences of their actions. The film explores themes of ambition, greed, and the repercussions of illegal dealings."
9299099,"**Plot Summary:**

The story unfolds in 1957, focusing on the lives of two brothers, Doug and Jacey Holt, set against the backdrop of the influential Abbott family in their town. The Abbotts, with their lavish parties and social prominence, are central to the narrative, particularly their daughters Alice, Eleanor, and Pamela.

Doug, the narrator, reflects on his childhood and the stark differences between him and his brother Jacey. While Jacey is charming and successful, especially with women, Doug struggles with his identity and feelings of inadequacy. Their mother, a working woman, faces social exclusion, partly due to a past affair with Lloyd Abbott, which led to the family losing a valuable patent.

Jacey's infatuation with Eleanor Abbott leads to a secret affair, which ends abruptly when Eleanor disappears, possibly sent away by her family. This event deeply affects Jacey, making him reckless and fixated on the Abbotts. Meanwhile, Doug develops feelings for Pamela Abbott, navigating a complicated relationship marked by unspoken emotions and societal pressures.

Family secrets, including their mother's past with Lloyd Abbott, add layers of tension and explain the Holts' ostracism. The brothers' journeys are marked by struggles with identity, love, and forgiveness. In the end, Doug seeks to move past the family drama, and the story concludes with a sense of closure, suggesting a cycle of repetition as one of the Holt brothers marries an Abbott sister, symbolizing both the weight of the past and new beginnings."
9197685,"The subtitles depict a heartwarming and emotionally charged story about a family and their unconventional relationship with a chimpanzee named Jennie. The story centers around Dr. Hugo Archibald, a scientist who brings Jennie, a species-isolated chimpanzee he rescued in Africa, back to his home. Jennie quickly becomes a part of the family, forming a deep bond with Hugo, his wife Leah, and their children, Andrew and Sarah. 

Jennie's presence, however, brings both joy and chaos. Her antics often lead to humorous and troublesome situations, such as damaging property and causing mischief in the neighborhood. Despite this, Jennie's intelligence and ability to learn sign language highlight her unique connection to the family. She becomes particularly close to Andrew, who sees her as a surrogate sibling.

The family faces challenges as Jennie grows older and her behavior becomes more complex. Dr. Pamela Prentiss, a renowned primatologist, becomes involved, offering to study Jennie and eventually wanting to take her to a research facility. This creates tension, as Hugo and his family struggle with the idea of separating from Jennie, whom they have come to love as one of their own.

In a climactic court scene, Jennie is put on trial for causing trouble in the community. Hugo and his family fight to keep her, arguing that she is more than just an animal—she is part of their family. Ultimately, Hugo makes the difficult decision to return Jennie to Africa, where she can live in a sanctuary and potentially reunite with her natural habitat.

The story concludes with Hugo, Leah, and their children accompanying Jennie back to Africa. They reflect on the lessons Jennie taught them about love, family, and the importance of understanding and respecting the natural world. The film ends on a hopeful note, emphasizing the enduring bond between Jennie and the Archibald family, as well as Jennie's chance to thrive in her rightful home."
9509350,"The movie tells a poignant tale of love, loss, and the supernatural, set against a backdrop of Buddhist spirituality. At its core is the story of Nak, a devoted wife who dies in childbirth but remains as a ghost, waiting for her husband Mak to return from war. Upon his return, Mak is met with the harsh reality of Nak's death, which he refuses to accept, believing she is still alive. This denial leads to tension as the community, fearing her ghostly presence, accuses Nak of adultery and turns against her. 

As the story unfolds, Nak's spirit becomes increasingly vengeful, prompting the community to seek the help of a shaman to vanquish her. The climax involves a ritual where Buddhist monks, led by Somdet, intervene to contain Nak's spirit. In a deeply emotional confrontation, Mak is forced to confront the truth about Nak's death. Ultimately, Somdet confines Nak's spirit within a relic, allowing her to rest and preventing further harm.

The film explores themes of enduring love, the consequences of karma, and the clash between the living and the dead. It concludes with Nak's spirit finding peace, her love story immortalized, leaving a lasting legacy of devotion and the supernatural."
9452055,"**Movie Summary:**

The film is set in London and revolves around the mysterious and comedic tale of the Wanker, a serial killer terrorizing the city. The story begins with Dieter and Doris, a couple from East Germany, encountering a series of bizarre events while on holiday, including a encounter with a legendary hound and a monk's murder. 

The investigation into the Wanker's crimes is led by Chief Inspector Even Longer and his new partner, Inspector Very Long. The Wanker's identity is a central mystery, with clues pointing to various suspects, including a truck with a llama fur seat cover and a company linked to smuggling. 

As the plot unfolds, it is revealed that the Wanker is none other than Inspector Rather Short, who faked his own death to escape his mundane life. The film's climax features a dramatic confrontation, leading to the Wanker's downfall. 

The movie blends humor with a crime thriller, featuring intricate twists and a complex web of characters. Ultimately, the case is solved, but the experience leaves a lasting impact on the characters, particularly Even Longer, who reflects on the lingering effects of the case. The film concludes with a mix of resolution and the protagonists moving forward, highlighting the blend of mystery, action, and comedy throughout."
9286958,"The subtitles appear to be from the movie *Lake Placid* (1999), a horror-comedy film. The story revolves around a mysterious creature in a remote lake in Maine that is responsible for a series of violent attacks, including the death of a local man. The creature is eventually revealed to be a massive, prehistoric crocodile that has somehow ended up in the lake.

The plot centers around a team of investigators, including a paleontologist named Kelly Scott, a Fish and Game officer named Jack Wells, and a eccentric mythology professor named Hector Cyr, who is obsessed with crocodiles. The group attempts to uncover the truth behind the attacks and stop the creature. Throughout the film, there are tense moments, humorous dialogue, and a mix of horror and action as they try to capture or kill the crocodile.

Ultimately, the team devises a plan to lure the crocodile out of the water and sedate it, but the process is fraught with danger. The film ends with the crocodile being captured and taken away, but a twist suggests there might be another creature in the lake, setting up potential sequels. The story combines elements of horror, comedy, and adventure, with a focus on the clash between the characters' personalities and their mission to deal with the monstrous crocodile."
9455872,"**Plot Summary:**

The story begins with Gerda, a young girl, dealing with the loss of her mother, who died in a snowstorm. Gerda's father runs the White Bear Hotel, where Kai, a bellboy, works. Gerda and Kai develop a close relationship, bonding over skating and despite Gerda's hatred of winter, which reminds her of her mother's death.

Kai's behavior changes after he gets a piece of ice in his eye, making him distant and cold. Gerda discovers that Kai has been taken by the Snow Queen, a powerful and enigmatic figure who uses a magical mirror to sustain her power. The mirror's fragments cause people to see the world as cold and harsh, and the Snow Queen seeks to reclaim all the pieces to regain her full power.

Determined to save Kai, Gerda embarks on a perilous journey through various seasons and encounters magical beings, including Chen, a magician, and Rutger, a reindeer. She learns about the Snow Queen's backstory and the mirror's significance, understanding that the Snow Queen was once a season who sought to dominate all others.

Gerda confronts the Snow Queen, who reveals that Kai is the final piece of the mirror. In a climactic moment, Gerda's unwavering love for Kai thaws his heart, breaking the Snow Queen's hold on him. The story concludes with Gerda and Kai returning home, reunited, as the Snow Queen's power wanes, symbolizing the triumph of love over cold and darkness.

The narrative weaves themes of love, sacrifice, and the enduring power of true emotions, set against a backdrop of magical realism and seasonal mythology."
9410616,"**Title:** *Charley Varrick*

**Plot Summary:**

*Charley Varrick* is a tense crime thriller that follows the story of Charley Varrick, a small-time crook who inadvertently steals a large sum of money from a bank in Tres Cruces, New Mexico. The money, however, belongs to the Mafia, and Charley soon finds himself in a desperate fight for survival as both the police and the Mafia hunt him down.

The film begins with Charley and his partner, Harman Sullivan, attempting to rob a bank. Charley poses as a farmer needing to cash a cheque, but the plan quickly goes awry when the police discover that their car has stolen plates. A shootout ensues, leaving several officers injured and the trio—Charley, Harman, and their driver, Nadine—on the run.

Charley and Harman discover that the money they stole is part of a larger scheme involving dirty Mafia cash, which makes their situation even more perilous. The Mafia will stop at nothing to recover the money, and Charley realizes that returning it might be their only chance to survive. Meanwhile, the police, led by the determined Sheriff Horton, are closing in on them.

As the story unfolds, Charley and Harman's relationship becomes increasingly strained. Harman is reckless and wants to spend the money, while Charley is cautious and wants to avoid drawing attention to themselves. Charley devises a plan to return the money to the Mafia, hoping to negotiate a truce, but the situation becomes more complicated when he learns that the Mafia will not hesitate to kill him even if he returns the money.

The film builds up to a climactic confrontation where Charley attempts to return the money to the Mafia's representative, Maynard Boyle. However, the deal goes sour, and Charley is forced to use his wits and resourcefulness to try and outsmart his pursuers. The ending leaves the audience on edge, as Charley's fate remains uncertain.

*Charley Varrick* is a gripping tale of betrayal, loyalty, and the consequences of crime, with strong performances and a tense, unpredictable plot that keeps viewers on the edge of their seats until the very end."
9394848,"The subtitles appear to be from the movie *The Thick of It*, a political satire that follows the inner workings of the British government. The plot revolves around Simon Foster, the Minister for International Development, and his team as they navigate a series of political crises, media mishaps, and personal scandals. Key elements of the plot include:

1. **Simon Foster's Radio Interview**: Simon Foster, the Minister for International Development, makes a controversial statement during a radio interview, saying that war is ""unforeseeable."" This statement sparks a political firestorm, with his communications team scrambling to manage the fallout.

2. **The Leak of the PWlP PlP Paper**: A critical document titled ""Post-War Planning: Implications and Possibilities"" (PWlP PlP), authored by Liza Weld, is leaked to the BBC. The leak causes chaos, as it outlines significant concerns about the feasibility and consequences of going to war. The leak is traced back to Jamie, a staffer, who admits to sending it, believing it was in the public interest.

3. **The War Committee**: Simon Foster is invited to join a secret war committee, where the decision to go to war is being discussed. The committee is shrouded in secrecy, and Simon struggles with the moral and political implications of the decision.

4. **Personal and Professional Struggles**: Simon faces personal and professional challenges, including a potential scandal involving an affair and a constituency issue involving a collapsing wall that becomes a media embarrassment. He also grapples with the decision of whether to resign over the war, ultimately choosing not to.

5. **Malcolm Tucker's Dominance**: Malcolm Tucker, a ruthless and cunning political enforcer, plays a central role in managing the crises, intimidating staff, and ensuring that the government's agenda moves forward. His sharp wit, profanity-laden tirades, and ability to manipulate situations are key to the story.

6. **The UN Vote and War Decision**: The story culminates in a vote at the United Nations, where the decision to go to war is made. Simon's team works to influence the outcome, and despite the leak and other setbacks, the vote passes, leading to the declaration of war.

The movie is a darkly comedic exploration of politics, bureaucracy, and the often absurd nature of government work, highlighting the personal costs and moral compromises that come with power."
9207320,"**Plot Summary:**

The movie centers around Cheyenne, a musician navigating a complex web of personal and professional challenges. His journey is marked by introspection and emotional depth as he grapples with relationships, depression, and past choices. Cheyenne's story is intertwined with that of Desmond, who is trying to connect with Mary, and together they explore themes of love and connection.

A significant subplot involves Mordechai Midler, a relentless hunter of Nazi criminals, who is tracking Alois Lange, a former Auschwitz officer now known as Peter Smith. This historical thread adds a layer of suspense and redemption, exploring the consequences of past actions and the pursuit of justice.

The narrative spans multiple locations, from Naples to New York and Utah, reflecting Cheyenne's physical and emotional journey. The film delves into family dynamics, including estrangement and reconciliation, highlighting Cheyenne's strained relationship with his father and Desmond's family issues.

Music plays a crucial role, with songs by artists like Gavin Friday and Iggy Pop setting the tone for various scenes. The story is non-linear, intercutting between personal struggles and historical mysteries, ultimately weaving together themes of love, family, and the enduring impact of history on the present.

In essence, the movie is a tapestry of personal growth, historical reckoning, and the interconnectedness of human experiences, driven by Cheyenne's quest for redemption and connection."
9335134,"The movie follows Zak, a high school student, as he navigates family dynamics, first love, and a sci-fi adventure involving a time-manipulating watch. Zak's relationship with his father, Dr. Gibbs, is strained due to his father's dedication to work. When Zak discovers a watch from his father's student, Dr. Dopler, he uncovers a top-secret project involving hypertime, which allows the wearer to move faster than the rest of the world. 

Zak uses the watch to navigate various challenges, including evading villains and rescuing his father, who has been taken by antagonists seeking the watch's technology. Along the way, he meets Francesca, a new student who helps him in his quest. Together, they face humorous and dangerous situations, leveraging the watch's powers to outsmart their adversaries.

The film blends elements of teen comedy, sci-fi, and action, exploring themes of family, responsibility, and first love. Ultimately, Zak and Francesca successfully rescue Dr. Gibbs and resolve their personal issues, with Zak growing from the experience. The story is a heartwarming mix of personal growth and sci-fi excitement."
9278932,"**Plot Summary:**

The movie depicts the Anglo-Zulu War, focusing on the invasion of Zululand by British forces and the ensuing conflict with the Zulu kingdom under King Cetewayo. The story begins with the British issuing an ultimatum to the Zulu, demanding compliance with new regulations and threatening those who resist. This sets the stage for tension and impending battle.

The British army, led by figures such as Lord Chelmsford, Frederick, and William Vereker, prepares for combat, showcasing strict military discipline and strategic planning. The Sikali Horse, a local regiment, plays a crucial role in these preparations, highlighting British efforts to organize their forces effectively.

Personal dynamics and past experiences of characters like Frederick and William add depth, illustrating their roles and motivations in the conflict. The British advance into Zululand is marked by cautious optimism, with scenes of river crossings and strategic positioning, while also acknowledging the potential for Zulu resistance.

The conflict escalates as the Zulu Impis launch attacks, prompting intense battle scenes. The British respond with artillery and rifle fire, facing challenges such as ammunition shortages and strategic decisions under pressure. The presence of a journalist, Norris Newman, provides a media perspective, documenting the war's progression.

As the battle reaches its climax, the British face setbacks, leading to a retreat. The symbolic act of saving the regimental Colours underscores the gravity of the situation. The mention of Rorke's Drift indicates a pivotal location for regrouping, with the sky alight with fire symbolizing destruction and ongoing conflict.

The film captures the strategic and personal aspects of the war, highlighting military tactics, personal struggles, and the broader implications of the British-Zulu conflict."
9376359,"**Plot Summary:**

The movie delves into the tumultuous lives of a dysfunctional family grappling with addiction, legal struggles, and personal turmoil. At the heart of the story is Nick, a character burdened by his past, who is attempting to care for a child named Tobias amidst his own battles with addiction and a criminal history. The narrative weaves through themes of family dysfunction, highlighting the struggles of characters like Ivan, who exhibits violent tendencies and inner conflict.

The story unfolds with scenes of domestic strife, encounters with law enforcement, and the involvement of social services, underscoring the challenges faced by the characters. Key moments include a prison sentence, a brother's suicide, and the emotional weight of these events on the family. The film's climax features a baptism, symbolizing a potential for redemption and new beginnings, offering a glimmer of hope after prolonged turmoil.

Ultimately, the movie portrays a journey of struggle and the quest for redemption, capturing the complex interplay of personal and familial challenges in the pursuit of healing and forgiveness."
9519588,"The movie follows the adventures of three children—Timmy, Jamie, and Mick—who find themselves transported into a dinosaur world called Saur City. This world is filled with various prehistoric creatures, including friendly dinosaurs like Rex, a heroic Tyrannosaurus, and antagonistic beings known as the Rockies. 

The children's journey begins when they interfere with Timmy's parents' inter-dimensional physics experiment, leading them to discover a remote control device that allows them to interact with this new world. In Saur City, they learn that the Rockies, led by the villainous Mr. Big, are plotting to destroy the city by melting it down using a lava plant. 

Timmy and his friends team up with Rex and another ally, Forry, to stop the Rockies. Along the way, they face numerous challenges, including escaping lava flows, battling spiders, and navigating dangerous locations like Extinction Grove and Skull Island. Timmy uses the remote control creatively to aid their quest, and they uncover that Mr. Big's evil plans are rooted in betrayal and manipulation, even involving Timmy's own father's past as a traitor.

The climax of the film sees the group successfully thwarting Mr. Big's plans by destroying the tower that serves as the source of his power. After their victory, Timmy and his friends return to their own world, but not before emotional goodbyes and a hint that their adventures in the dinosaur world may continue. The film concludes with Timmy reflecting on their journey and the bonds formed, leaving a sense of wonder and possibility for future adventures."
9187475,"**The Quatermass Experiment: A Summary**

The story begins with the sighting of a mysterious object falling from the sky, initially mistaken for a meteor. The object is revealed to be a rocket that had been launched into space as part of an experiment. The rocket, which had lost contact for 57 hours, is recovered, but upon opening, only one of the three crew members, Victor Carroon, is found alive. The other two, Green and Reichenheim, are missing, with their pressure suits empty and no explanation.

Victor is taken to a clinic, where strange occurrences unfold. His fingerprints are found to be non-human, and his body begins to undergo a bizarre transformation, suggesting an alien presence. As the story progresses, it becomes clear that an extraterrestrial organism, capable of absorbing and transforming life forms, has returned with the rocket. This organism begins to affect local flora and fauna, leading to a series of mysterious deaths and mutations.

The crisis escalates as the organism grows and spreads, threatening to overrun London. In a climactic scene, the organism is found in Westminster Abbey, where scientists and authorities race against time to destroy it using electricity before it can reproduce and spread further. The film ends with the organism being neutralized, but not before highlighting the existential threat it posed.

The plot explores themes of scientific experimentation gone wrong, the dangers of unknown extraterrestrial life, and the resilience of humanity in the face of such threats."
9199331,"**Plot Summary:**

The story revolves around a complex web of relationships, betrayals, and family secrets. Central to the narrative are Kailasnath and Dayashankar, bound by a tangled past and a deep-seated rivalry. Dayashankar, a cunning and manipulative figure, is driven by a promise to his deceased friend Rajpal to protect Rajpal's son, Amar. This vow leads Dayashankar to orchestrate tragic events, including the sabotage of Vijay's plane, which was intended to eliminate him and maintain Amar's inheritance.

Pooja, a central character, finds herself entangled in a love triangle with Amar and Vijay. Her marriage to Amar, arranged by Dayashankar, is loveless, and she is pregnant with Vijay's child. This revelation adds emotional depth to the story, exploring themes of love, betrayal, and family obligations.

Vijay, presumed dead after the plane crash, survives and returns seeking revenge. His reappearance exposes the deceit and manipulation, leading to confrontations that unravel the intricate plot. The narrative reaches a climax with the involvement of Pooja and Amar's child, Rahul, who becomes a pawn in the revenge saga.

The story delves into themes of love, betrayal, and redemption, with Amar showing a change of heart and seeking forgiveness. The resolution involves a final confrontation where Vijay confronts the antagonists, leading to a poignant conclusion that ties up the loose ends, emphasizing the consequences of actions and the power of love and forgiveness."
9255961,"**Plot Summary:**

The film revolves around a poignant love triangle set against the backdrop of artistic ambition and duty. Reinhard, a dedicated musician, finds himself entangled in a complex relationship with Elizabeth, a woman tied to her responsibilities, and Erich, who represents stability and tradition.

Elizabeth, after the death of a close family member, Erich, navigates her emotions and commitments. She marries Erich, who becomes the master of the Immensee estate, a union that seems more duty-bound than passionate. Meanwhile, Reinhard pursues his musical career, achieving success but feeling the strain of separation from Elizabeth.

Reinhard's return after years brings him face-to-face with Elizabeth, rekindling old flames. However, Elizabeth remains committed to Erich and the life they've built together. The story explores themes of love, duty, and sacrifice, concluding with Reinhard and Elizabeth parting ways, each faithful to their chosen paths in life. The ending is bittersweet, highlighting the enduring power of their past connection amidst their separate journeys."
9441557,"**Movie Plot Summary:**

The film begins with a tragic metro bombing, setting a somber tone and introducing themes of violence and loss. The explosion, described as ""Hell,"" results in three fatalities and impacts the lives of the characters deeply. Isabelle, a witness or survivor, is drawn into a web of family secrets and deception involving Pierre, a central character with a mysterious past.

Pierre, revealed as the pseudonymous author Aladin, is exposed on a TV show, threatening his hidden identity and past as the son of a celebrated diplomat. This exposure triggers a series of confrontations and revelations about his life and relationships. His connection to Lucie, who is ill and fragile, adds emotional depth, while interactions with Mr. Thibault hint at underlying family conflicts.

Throughout the story, themes of betrayal, imposture, and regret emerge, as Pierre's secrets unravel, leading to personal and interpersonal crises. The narrative weaves together elements of family dynamics, hidden identities, and tragic consequences, culminating in loss and regret, ultimately shaping a tale of deception and its fallout."
9412399,"The subtitles describe the intricate plot of the 2006 film *Inside Man*, directed by Spike Lee. The story revolves around Dalton Russell (played by Clive Owen), a mastermind who orchestrates a seemingly perfect bank robbery at the Manhattan Trust Bank. Dalton carefully plans the heist, ensuring that no violence occurs and that the robbers, disguised as painters, take hostages but steal no money. The robbery is a ruse, with Dalton's true goal being to retrieve a specific item from a safe deposit box in the bank—a diamond ring tied to a dark historical secret involving Arthur Case (Christopher Plummer), the bank's chairman.

As the story unfolds, Dalton's plan is revealed to be a complex scheme to expose Case's wartime collaboration with the Nazis, which allowed him to amass wealth. Dalton, who is revealed to be an inmate, uses the robbery as a distraction to break into the bank, retrieve the ring, and plant evidence implicating Case. The film's tension is heightened by the negotiations between Dalton and Detective Keith Frazier (Denzel Washington), who is tasked with resolving the hostage situation. Frazier eventually uncovers the truth about the ring and Case's past, leading to a resolution where Dalton escapes punishment, and Case's reputation is tarnished.

The movie explores themes of power, corruption, and redemption, with Dalton's actions driven by a desire to expose injustice rather than personal gain. The film's twist ending reveals that Dalton's ""perfect crime"" was not about stealing money but about uncovering the truth and ensuring accountability."
9323114,"The subtitles appear to be from the movie *Reservoir Dogs* (1992), directed by Quentin Tarantino. The plot revolves around a group of professional criminals who adopt color-coded aliases (Mr. White, Mr. Pink, Mr. Blonde, etc.) to pull off a jewelry heist. However, the heist goes disastrously wrong, and the group descends into chaos and paranoia as they try to figure out who among them is a police informant.

The story unfolds in a non-linear fashion, but the core of the plot focuses on the aftermath of the botched robbery. The criminals gather at a warehouse to regroup, but tensions rise as they suspect one of their own of being a ""rat"" who tipped off the police. Mr. Blonde, a psychopathic and violent member of the group, becomes increasingly unstable, and his actions threaten the entire operation. Meanwhile, Mr. Orange, a newer member of the crew, is revealed to be an undercover police officer, which adds to the tension and ultimately leads to tragic consequences.

Key themes include betrayal, loyalty, and the psychological breakdown of the characters under pressure. The film's iconic scenes, including the infamous ear-cutting scene and the debates about tipping and Madonna songs, are woven into the larger narrative of greed, violence, and mistrust. The ending is both shocking and poignant, leaving the audience with a sense of the inevitable collapse of the group's dynamics."
9287467,"The subtitles describe a horror-thriller plot that revolves around a young boy named Arm and his caregiver, Oui, who is Aunt Bua's niece. Oui is tasked with taking care of Arm, who is mischievous and has a history of being terrorized by his previous nanny, Sud Jai. Sud Jai, who was fired for her cruel behavior, is later revealed to be a malevolent spirit haunting the house.

The story unfolds in a creepy, atmospheric setting where Oui and Arm encounter supernatural phenomena, including ghostly apparitions and unexplained occurrences. Aunt Bua, who is portrayed as a powerful psychic or medium, plays a central role in the story, as she seems to have a dark and mysterious connection to the forces haunting the house.

As the plot progresses, Oui and Arm discover that Sud Jai's ghost is haunting the house, and they must navigate the treacherous environment to survive. The story also touches on themes of mental illness, hallucinations, and the blurred lines between reality and the supernatural. In the end, Oui is institutionalized, and the events of the story are left ambiguous, leaving the audience to question what was real and what was a product of her mind.

The subtitles also briefly touch on real-world issues, such as the Thai government's war on drugs and the resulting violence, which serves as a backdrop to the supernatural events unfolding in the house."
9308443,"The subtitles depict the story of a group of troubled teenagers in a juvenile detention center who are given a chance to turn their lives around through football. The story centers around Sean Porter, a coach who believes in the transformative power of sports, and his efforts to create a football team with the delinquents. The boys, many of whom are affiliated with gangs and have violent pasts, struggle with discipline, teamwork, and their own personal demons. 

As the team, the Kilpatrick Mustangs, begins to come together, they face numerous challenges, including gang rivalries, personal losses, and the skepticism of others who doubt their ability to change. Despite these obstacles, the team starts to show progress, both on and off the field, as they learn the value of hard work, loyalty, and trust. 

The story highlights the journey of individual characters, such as Willie Weathers, who grapples with his gang ties and strives to become a better person, and Junior Palaita, who seeks to reconnect with his family. Through their experiences, the boys begin to see themselves as more than just losers or criminals, but as a team with a shared purpose. 

Ultimately, the film explores themes of redemption, the power of mentorship, and the idea that even in the face of adversity, people can change and find a path to a better future. The Mustangs' journey is not just about winning games, but about overcoming their pasts and proving to themselves and others that they are capable of being winners in life."
9356920,"**Plot Summary of ""Spione"" by Fritz Lang:**

""Spione"" (Spies) is a 1928 silent film directed by Fritz Lang, restored from various international archives. The story begins with a series of mysterious events: the theft of crucial documents from the French Embassy in Shanghai and the assassination of the Minister of Trade, setting off a chain of intrigue and espionage.

At the center is Haghi, a mastermind spy pulling the strings from the shadows. His network is feared and elusive, with a trail of deaths under questionable circumstances, hinting at his ruthlessness. Haghi's plan involves stealing the Japanese Secret Treaty, which could provoke war, and he manipulates others, including Sonja, a young woman entangled in his schemes, and Kitty, whose past haunts her.

Sonja's personal journey is driven by her connection to Colonel Jellusič and her desire to protect the treaty, revealing deeper motivations linked to her family's tragic past. The police, led by figures like Detective Matsumoto, race against time to thwart Haghi's plans, but he remains a step ahead, even as they close in.

The climax reveals a stunning twist: Haghi is unmasked as Nemo the Clown, adding a layer of deception. Despite his escape, the police continue their relentless pursuit, leaving the city under surveillance and offering a reward for his capture.

""Spione"" is a gripping tale of espionage, betrayal, and cat-and-mouse suspense, showcasing Lang's mastery of tension and dramatic reveals."
9360529,"The subtitles appear to be from a dramatic film that focuses on themes of family, identity, and unresolved past conflicts. The plot revolves around a protagonist, Wace, who returns home for his father's funeral after being away for some time. Upon his return, he reconnects with old friends, such as Lanny, and confronts his estranged brother, Trunny, with whom he has a tense and complicated relationship.

The story delves into the brothers' shared history of family dysfunction, including their father's harsh treatment of them and their mother's abandonment. Wace and Trunny grapple with their own guilt, anger, and sense of responsibility, particularly in the context of their father's death and the emotional weight it brings.

Throughout the film, there are moments of introspection, conflict, and attempted reconciliation. The brothers' interactions reveal deep-seated resentments and unspoken truths, ultimately leading to a climactic confrontation where Wace reveals a shocking secret: he euthanized their father, who had become severely incapacitated and humiliated by his condition. This revelation underscores the moral and emotional complexities of the characters and their struggles to cope with their past and present.

The film explores themes of forgiveness, the burden of family secrets, and the difficulty of reconciling love and resentment in the face of loss."
9203994,"The plot revolves around a high-stakes political thriller involving the Secret Service and a plot to assassinate the President of the United States. The story begins with a chaotic scene of gunshots, screams, and radio chatter, indicating a security breach and the movement of a figure code-named ""Rawhide"" to the cars. The President, referred to as ""Classic,"" is being transported under heavy security, but the atmosphere is tense with potential threats.

As the story unfolds, it becomes clear that there is a mole within the Secret Service, and the investigation into the murder of Agent Charlie Merriweather leads to suspicions of a larger conspiracy. Pete Garrison, a veteran Secret Service agent, becomes the prime suspect due to mounting evidence, including a failed polygraph test and suspicious activities such as visiting a coffee shop linked to a cartel. Despite his protests of innocence, Pete is framed and goes on the run, trying to clear his name and uncover the real traitor.

The plot escalates with the crash of Marine One, the Presidential helicopter, which was likely shot down by a missile. The President and First Lady are safe, but the incident heightens the urgency of the investigation. Pete's pursuit leads to a shootout at a mall, where he narrowly escapes, and he eventually discovers that the real traitor is William Montrose, a high-ranking Secret Service official.

In the climax, Montrose attempts to assassinate the President during the G8 Summit in Toronto. Pete, with the help of other agents, manages to thwart the plot, saving the President and exposing Montrose as the mole. The story concludes with Pete redeeming himself, though the experience leaves a lasting impact on him and the Secret Service.

The film explores themes of betrayal, loyalty, and redemption, with a gripping narrative that keeps the tension high until the final confrontation."
9272592,"The movie follows Morgan, a teenager navigating a new life in a tough neighborhood after moving from Connecticut. He faces challenges in school, including interactions with Frankie, a local girl, and Nick, a charismatic but troubled figure. Morgan's family dynamics are strained, particularly with his brother Brian, who disapproves of his rebellious behavior. The story explores themes of love, identity, and belonging, with Morgan drawn into a world of parties, music, and eventual violence. Frankie becomes a central figure in a love triangle with Morgan and Nick, leading to a tragic confrontation. The film blends poetic dialogue and musical elements to depict Morgan's emotional journey and the harsh realities of his environment."
9311683,"The movie revolves around Monroe Stahr, a pivotal figure in the film industry, as he navigates the intricate dynamics of running a studio. The plot delves into both his professional and personal struggles, showcasing his role as a producer grappling with studio politics, creative decisions, and financial pressures. Monroe's character is central to exploring themes of power, loyalty, and the tension between artistic integrity and commercial success in Hollywood. His personal life intertwines with his professional duties, highlighting relationships and conflicts that arise in his pursuit of maintaining control and integrity in a challenging environment. The film also touches on broader themes, including the dynamics between writers and producers, and the personal sacrifices made in the pursuit of cinematic excellence."
9325297,"The subtitles provided appear to be from a romantic comedy-drama that centers around the relationship between Edie, an artist, and James, a British ad agency executive, who meet under awkward circumstances. Their story unfolds against the backdrop of a chaotic advertising campaign for a fertilizer company called Pepper Poop, led by Noah Pepper, a wealthy and endearing but slightly awkward client. 

Key plot points include:

1. **Edie and James' Initial Encounter**: The two meet in England, where James fails to show up for a date, leaving Edie heartbroken. This incident haunts their relationship and becomes a recurring theme.

2. **Edie's Move to America**: Edie relocates to the U.S. and becomes involved with Noah, who hires her to work on his fertilizer campaign. Despite their growing connection, Edie's feelings for James resurface, complicating her relationship with Noah.

3. **The Campaign Chaos**: The advertising campaign for Pepper Poop is a disaster, with creative differences and personal tensions between Edie, James, and their colleagues. Morgan, James' rival, sabotages the campaign, leading to a climactic showdown.

4. **Resolution and Growth**: Edie and James confront their past and work together to salvage the campaign. The story concludes with Edie making a choice between Noah and James, emphasizing themes of love, compromise, and staying true to oneself.

The plot is filled with witty banter, romantic tension, and a mix of professional and personal struggles, ultimately resolving with a heartwarming conclusion."
9319905,"The subtitles depict the story of the Booth family, a family of actors deeply rooted in the theater, particularly in performing Shakespearean plays. The narrative centers around Junius Brutus Booth, a renowned actor, and his sons, Edwin and John Wilkes Booth, who are also actors. The family is portrayed as both brilliant and troubled, with a dark legacy of madness and tragedy.

The story begins with Junius Brutus Booth, who is shown as a charismatic but flawed figure, struggling with his own demons, including alcoholism and mental instability. His sons Edwin and John Wilkes are also actors, and the subtitles highlight their own struggles with identity, ambition, and the weight of their family's legacy.

Edwin Booth is portrayed as the more disciplined and successful actor, who achieves great acclaim, particularly in performances of *Hamlet*. He is shown to be driven by a desire to prove himself as a worthy successor to his father's legacy, while also dealing with personal challenges, including the health of his wife, Mary, and the pressures of fame.

John Wilkes Booth, on the other hand, is depicted as a more troubled and enigmatic figure, consumed by jealousy of his brother's success and a sense of inadequacy. His ambition and resentment lead him down a dark path, culminating in his infamous role as the assassin of President Abraham Lincoln. The subtitles suggest that John Wilkes Booth's actions are motivated by a combination of personal bitterness and political extremism.

The subtitles also touch on the broader themes of the theater as a reflection of life, with references to Shakespearean plays like *Richard III*, *Hamlet*, and *The Tempest*. The Booth family's struggles are intertwined with the dramatic performances they give on stage, blurring the lines between reality and fiction.

Ultimately, the story is one of triumph and tragedy, as the Booth family's dedication to their craft is overshadowed by the devastating consequences of John Wilkes Booth's actions, which forever mar their legacy. The subtitles conclude with a sense of loss and reflection, as the surviving members of the family grapple with the aftermath of the assassination and the enduring impact of their family's name."
9278060,"The subtitles depict the story of Nella Vago, a talented but emotionally detached opera singer, as she navigates her career, relationships, and personal growth. The story begins with Nella's performance in ""La Tosca,"" where her technical prowess is praised, but her lack of emotional depth is criticized. Engaged to Count Albert Von Gronac, a director of the Royal Opera in Budapest, Nella's life takes a dramatic turn when she discovers Albert's infidelity with another singer, Maida Linden. This revelation leads to the end of their engagement and a reevaluation of her personal and professional life.

Nella's journey is further complicated by her encounter with a mysterious man named Jim, who is initially perceived as a gigolo but later revealed to be Jim Fletcher, an American impresario. Fletcher offers Nella a contract to perform at the Metropolitan Opera in New York, marking a significant milestone in her career. Despite her initial hesitation and personal turmoil, Nella decides to leave for America, symbolizing her determination to pursue artistic greatness and independence.

Throughout the story, themes of love, betrayal, ambition, and self-discovery are woven together, highlighting Nella's transformation from a rigid, emotionally guarded artist to one who embraces both her passion and vulnerability. The subtitles suggest a narrative of personal and professional triumph, as Nella Vago rises to new heights in her career, leaving behind the heartbreak and societal expectations that once constrained her."
9426542,"The subtitles are from the 1970 film *M*A*S*H*, directed by Robert Altman. The plot follows the lives of a group of surgeons and support staff in the 4077th MASH (Mobile Army Surgical Hospital) unit during the Korean War. The story is a blend of dark humor, satire, and drama, focusing on the camaraderie, antics, and personal struggles of the characters.

Key elements of the plot include:

1. **Setting and Characters**: The film is set in a mobile army surgical hospital near the front lines of the Korean War. The main characters include Hawkeye Pierce (Donald Sutherland), Trapper John McIntyre ( Elliott Gould), Hot Lips Houlihan (Sally Kellerman), and others. These characters are surgeons, nurses, and support staff who deal with the physical and emotional toll of war.

2. **Themes**: The film explores themes of anti-war sentiment, the absurdity of military bureaucracy, and the resilience of the human spirit. It also delves into the personal lives and relationships of the characters, including romantic and professional conflicts.

3. **Plot Highlights**: The story includes episodes such as the arrival of new surgeons, the tension between the more relaxed and irreverent surgeons (like Hawkeye and Trapper) and the stricter military types (like Major Frank Burns), and the famous football game where the unit bets on the outcome. There are also scenes of intense surgery and the moral dilemmas faced by the medical staff.

4. **Humor and Satire**: The film uses dark humor and satire to critique the military and the war effort. The characters often engage in pranks and rebellious behavior to cope with the stress of their situation.

5. **Climax and Resolution**: The film does not follow a traditional narrative structure but rather presents a series of vignettes that showcase the characters' lives. It ends with the departure of some characters and a sense of continuity for those who remain.

Overall, *M*A*S*H* is a groundbreaking film that combines comedy and drama to explore the human cost of war and the ways people find to survive and maintain their humanity in extreme circumstances."
9425180,"The movie tells the tragic tale of Xu Xian, a herbalist, and his forbidden love for Susu, a demon. Their story unfolds against a backdrop of supernatural conflict, where demons and humans coexist in tension. Xu Xian's life is forever changed when he is saved by Susu, a demon who kisses him, sparking a deep connection. Despite their love, their relationship is doomed due to the interference of Fa Hai, a monk determined to maintain order by separating them.

Xu Xian's journey involves curing a disease caused by demons and his ultimate sacrifice to save Susu by stealing a powerful spirit herb from the Lei Feng Pagoda. This act leads to a climactic battle between demons and monks, resulting in Xu Xian's memory loss of Susu. The story concludes with a poignant separation, as Susu accepts her fate, leaving the lovers heartbroken yet cherishing the moments they shared. The film explores themes of forbidden love, sacrifice, and the clash between human and demonic worlds."
9391897,"The movie begins with the discovery of Planet G, a ""Goldilocks planet"" that is the right distance from its star to potentially support life. NASA's Beacon International Project sends a signal into deep space, hoping to make contact with extraterrestrial life. The story then shifts to personal and professional struggles of the main characters, particularly Alex Hopper, a young naval officer, and his brother, Stone Hopper, who is dealing with personal and career challenges.

During the RIMPAC Cup, an international naval exercise, Alex Hopper misses a crucial penalty kick in a soccer match against Japan, showcasing his personal struggles. Later, Alex seeks to marry his girlfriend, Sam, and must ask her father, Admiral Shane, for permission. This adds a romantic subplot and highlights Alex's desire to prove himself.

The story takes a dramatic turn when an alien spacecraft crashes into the ocean near Hawaii. The aliens, who are hostile and technologically advanced, begin attacking Earth. The U.S. military, led by Admiral Shane, engages the aliens in a fierce battle, but the aliens' advanced technology gives them the upper hand. The aliens' spacecraft creates a force field around the Hawaiian Islands, trapping the U.S. fleet inside and cutting off communication with the outside world.

As the battle rages on, Alex Hopper takes command of the USS Missouri, a historic battleship, and uses unconventional tactics to fight the aliens. He and his crew exploit the aliens' vulnerability to sunlight and use water displacement to target them without radar. The film's climax features a desperate last stand, with Alex and his crew launching a final attack to destroy the alien mothership and save humanity.

In the end, Alex Hopper emerges as a hero, saving the world from the alien threat. The movie concludes with a celebration of his bravery and a sense of hope for the future. The final scenes also resolve the personal storylines, with Alex and Sam reuniting and Admiral Shane finally accepting Alex as his son-in-law."
9326279,"""Run Lola Run"" is a fast-paced, philosophical thriller that explores themes of time, consequence, and human connection. The story centers around Lola (played by Franka Potente) and her boyfriend, Manni (Moritz Bleibtreu), who find themselves in a desperate race against time. Manni, a small-time criminal, has lost a bag containing 100,000 marks, which was a test of trust set by his boss, Ronnie. If Manni cannot recover the money by 12:00, Ronnie will kill him.

Lola, determined to save Manni, embarks on a series of frantic attempts to secure the money. Along the way, she encounters various obstacles, including her estranged father, who refuses to help her, and a series of surreal and often humorous interactions with strangers. As the story unfolds, it becomes clear that the narrative is structured in a loop, with Lola reliving the same 20-minute period multiple times, each time making slightly different choices that lead to different outcomes.

Throughout the film, the relationship between Lola and Manni is tested, and their love for each other is challenged by the pressures of time and circumstance. The film's unique structure and dynamic pacing create a sense of urgency, while its exploration of themes such as fate, free will, and the power of love adds depth to the narrative. Ultimately, Lola's determination and resourcefulness lead to a resolution that underscores the strength of their bond and the resilience of the human spirit."
9224419,"The movie revolves around a high-stakes conspiracy involving embezzlement, identity fraud, and political corruption. At the center is a convict accused of embezzling Rs.2500 crores, who offers a deal to the chief minister in exchange for escape, but the chief minister steadfastly refuses, committed to recovering the stolen funds and upholding justice.

The story intertwines with the misadventures of Hasmukh and his sons, Bunnu and Munnu, who navigate comedic mishaps and family conflicts. Their antics inadvertently lead them to uncover a plot to kidnap the chief minister and replace him with a lookalike, Sarang, as part of a larger scheme to free the convict, Natwar Shah, and facilitate his escape.

As the plot unfolds, Bunnu and Munnu find themselves entangled in the conspiracy, facing mistaken identities and dangerous situations. Their involvement ultimately leads to the exposure of the kidnappers and the impersonators, resulting in the rescue of the chief minister and the downfall of the criminals.

The narrative also explores personal growth and emotional depth, particularly through the rekindling of Hasmukh's relationship with his childhood friend, Anuradha, highlighting themes of redemption and the triumph of integrity over corruption. The film seamlessly blends action, drama, and comedy, emphasizing the importance of honesty and justice."
9403636,"The subtitles describe the early life of Bambi, a young prince of the forest, as he grows and learns about the world around him. Born to the Great Prince of the Forest, Bambi is celebrated by the other animals, who gather to congratulate his father. As he grows, Bambi learns to walk, talk, and explore the forest, befriending characters like Thumper the rabbit and Flower the skunk. He experiences the wonders of nature, such as the arrival of spring and the magic of rain, while also facing challenges like the dangers posed by humans.

As Bambi matures, he encounters the complexities of adolescence, including the phenomenon of being ""twitterpated"" (falling in love) during springtime. He meets Faline, a kind and shy doe, and the two develop a romantic connection. However, their idyllic life is disrupted by the threat of hunters, leading to a dramatic and perilous chase through the forest.

Ultimately, Bambi faces loss and danger but emerges resilient, growing into a strong and wise young deer. The subtitles conclude with a reaffirmation of love and the enduring beauty of life, as Bambi continues to navigate the joys and challenges of his forest home."
9514058,"The subtitles depict a tense and ominous scene from the movie *The Killers*, based on the story by Ernest Hemingway. The plot revolves around two hitmen, Max and Al, who arrive at a diner in the town of Summit. They interact with the diner's staff and patrons, including Nick Adams, a young man who seems out of place. The hitmen are determined to kill a man named Ole Andreson, a Swede who is a regular at the diner.

Nick Adams, after being tied up and forced to witness the events, manages to escape and warns Ole Andreson about the danger. However, Ole is resigned to his fate, believing that he cannot escape the hitmen and that his death is inevitable. He refuses to involve the police or take any action to save himself, suggesting that he may have been involved in some past wrongdoing that led to this situation.

The dialogue between the characters is stark and minimalist, reflecting the existential and moral themes typical of Hemingway's work. The hitmen's cold determination and Ole's passive acceptance of his fate create a sense of inevitability and dread, highlighting the futility of resistance in the face of violence and destiny."
9257552,"**Plot Summary:**

The movie follows Jason Bourne, an amnesiac who awakens with no memory of his past. He discovers a series of clues, including a bank account in Zurich with a large sum of money, multiple passports, and a gun, which hint at a life he can't remember. Bourne meets Marie Kreutz, a woman who helps him navigate his confusing situation, and together they uncover fragments of his identity.

As Bourne delves deeper, he learns he is connected to a CIA black ops program called Treadstone. The program's leader, Alexander Conklin, reveals that Bourne was part of an elite group of agents trained for covert operations. However, a mission goes wrong, and Bourne becomes a target for elimination by the CIA, who believe he has gone rogue.

Bourne's journey takes him through various locations, including Paris and the Mediterranean, where he confronts enemies and pieces together his past. He uncovers a plot involving Nykwana Wombosi, a former African dictator with ties to the CIA, who was supposed to be assassinated by Bourne but survived, leading to a cat-and-mouse game.

Throughout the film, Bourne's amnesia complicates his quest for truth, as he struggles to reconcile his skills as a trained assassin with his desire to understand his identity. The CIA's pursuit intensifies, leading to action-packed chases and confrontations.

Ultimately, Bourne confronts Conklin and learns about the Treadstone project's termination. Determined to uncover the truth, he decides to leave the CIA behind, choosing a path of self-discovery and justice, marking the beginning of his quest to understand who he truly is."
9345447,"**Akira: A Tale of Psychic Powers and Turmoil**

In the post-apocalyptic Neo-Tokyo, the story unfolds amidst social unrest and political turmoil. Unemployed workers riot due to tax reforms, and the government struggles with opposition, setting a chaotic backdrop. The narrative centers around Tetsuo Shima, a young man involved in a bike gang, and his friend Kaneda, a charismatic leader.

Tetsuo's life takes a dramatic turn after a motorcycle accident, leading to his hospitalization. It is revealed that he has developed powerful psychic abilities, a result of government experiments. As Tetsuo's powers grow uncontrollable, he becomes a target for both the military and his former friends, who fear his destructive potential.

Kaneda, along with a revolutionary named Kei, attempts to intervene, uncovering a government conspiracy involving a being known as ""Akira,"" whose psychic powers were legendary and catastrophic. The climax occurs at the Olympic Stadium, where Tetsuo's abilities reach a peak, causing widespread destruction.

In the end, Tetsuo's fate remains ambiguous, leaving a sense of hope and renewal. The film concludes with a hint that the cycle of destruction may end, offering a glimmer of hope for Neo-Tokyo's future."
9242689,"The subtitles provided are from the movie *The Pink Panther Strikes Again* (1976), the fifth film in the Pink Panther series starring Peter Sellers as the bumbling Inspector Clouseau. The plot revolves around the theft of the Pink Panther diamond and the subsequent investigation led by Clouseau.

The story begins with the theft of the Pink Panther, a priceless diamond of great cultural and historical significance, from a museum in Lugash. The only clue left behind is a white glove with the initial ""P,"" which is assumed to belong to the notorious thief Sir Charles Litton, also known as ""The Phantom."" However, Sir Charles is presumed retired and innocent of the crime.

Inspector Clouseau, the hapless French detective, is called in to solve the case. Despite his well-meaning efforts, Clouseau's incompetence and comedic misadventures often hinder the investigation. Meanwhile, Chief Inspector Dreyfus, Clouseau's long-suffering superior, is driven to the brink of insanity by Clouseau's antics and repeatedly tries to have him removed from the case.

As the story unfolds, Clouseau travels to Lugash to assist the local authorities, encountering a series of slapstick situations and mistaken identities. He also crosses paths with Lady Litton, Sir Charles's wife, who becomes entangled in the mystery. Sir Charles, who is indeed the Phantom, is forced back into action to clear his name and protect his loved ones from the fallout of the theft.

The film is filled with comedic misunderstandings, physical humor, and Clouseau's signature ineptitude. In the end, the Pink Panther is recovered, and the culprit is revealed, but not before Clouseau's unique brand of detective work saves the day in his own peculiar way. The movie ends with Clouseau being promoted to a higher position, much to Dreyfus's dismay, setting the stage for future misadventures."
9380900,"The subtitles describe a complex, philosophical, and satirical science fiction story set in a distant future. The plot revolves around themes of immortality, control, rebellion, and the search for meaning in a world that has transcended mortality. Here's a summary of the key events and themes:

1. **Introduction to Zardoz**: The story begins with Arthur Frayn, who identifies himself as Zardoz, an immortal being who has lived for 300 years. He presents himself as a god-like figure, manipulating events and characters for his own amusement and control. Zardoz is a fake god who uses religion and fear to govern the ""Exterminators,"" a group of warriors who kill ""Brutals"" (primitive humans) to maintain order in a post-apocalyptic world.

2. **The Vortex and Immortality**: The story shifts to a utopian society called the Vortex, where immortals live in luxury, free from death. These immortals are governed by strict rules and a collective consciousness, but their existence is marked by boredom, apathy, and internal conflict. They maintain their immortality through a device called the ""tabernacle,"" which sustains their lives and memories.

3. **The Arrival of Zed**: A Brutal named Zed, an Exterminator from the outside world, infiltrates the Vortex. His presence disrupts the delicate balance of the immortal society. The immortals are fascinated by Zed's mortality and decide to study him, hoping to learn from his primitive nature. However, Zed's presence also stirs up buried emotions and conflicts within the Vortex.

4. **Revelations and Rebellion**: As Zed interacts with the immortals, he begins to uncover the truth about Zardoz and the origins of the Vortex. Arthur Frayn, who created the illusion of Zardoz, manipulated the Exterminators to kill Brutals and maintain control over the outlands. Zed learns that the Vortex was created by scientists who sought immortality but became trapped in their own creation, unable to escape or die.

5. **The Tabernacle and the Crystal**: The tabernacle, a central crystal, holds the key to the immortals' existence. It stores their memories and sustains their lives. Zed, driven by a desire to free humanity from the cycle of immortality and control, seeks to destroy the tabernacle. This act of destruction would restore mortality to the immortals and bring an end to their stagnant, isolated existence.

6. **The Climax and Resolution**: Zed succeeds in destroying the tabernacle, shattering the immortals' illusions of eternal life. The Vortex collapses, and the immortals are forced to confront their own mortality. The story ends with a sense of liberation and acceptance, as the characters embrace death as a natural part of life.

7. **Themes and Satire**: The story is rich in satire and philosophical inquiry, critiquing themes such as immortality, utopianism, and the human condition. It explores the consequences of playing god and the psychological and societal implications of transcending mortality. The subtitles are filled with irony and absurdity, reflecting on the futility of eternal life and the importance of living with purpose and meaning.

Overall, the plot is a thought-provoking exploration of what it means to be human, set against a backdrop of science fiction and philosophical reflection."
9285144,"**Plot Summary:**

Set against the backdrop of colonial Kenya, the story explores the complex and fraught relationships between British settlers and the local Kikuyu people, delving into themes of friendship, betrayal, cultural conflict, and the struggle for independence.

The narrative begins on a British farm, where Peter McKenzie, a young settler, and Kimani, a Kikuyu man raised alongside Peter, grapple with the societal barriers that now separate them. Despite their deep bond, the rigid racial hierarchy of colonial society strains their friendship. The theft of a rifle and a trial involving Karanja, Kimani's father, who is accused of killing his newborn child due to traditional beliefs, further highlight the tensions between African customs and colonial law.

As the story progresses, Kimani becomes increasingly involved with the Mau Mau, a Kikuyu resistance movement fighting against British rule. The oath-taking ceremony of the Mau Mau is a pivotal moment, symbolizing their commitment to driving the British out of Kenya. Peter, who has married Holly and is trying to maintain his farm, finds himself caught between his loyalty to his African friend and his duty to the colonial authorities.

The conflict escalates with violent attacks by the Mau Mau, leading to tragedy for both families. Elizabeth, Peter's mother, is critically injured in an attack, while Kimani's involvement with the Mau Mau puts him at odds with the British. Despite Peter's efforts to mediate and find a peaceful resolution, the situation spirals out of control.

In the final confrontation, Kimani is hunted down by British forces. Peter, who still holds onto their friendship, attempts to persuade Kimani to surrender, but it is too late. The story ends tragically with Kimani's death, leaving behind a young son. The narrative closes with a glimmer of hope as Elizabeth, who has just given birth to a son, suggests that the two boys might grow up together, free from the hatred that consumed their fathers.

Ultimately, the film is a powerful exploration of the devastating consequences of colonialism and the loss of innocence, as personal relationships are torn apart by the broader conflict."
9515309,"**Plot Summary:**

The movie revolves around the intertwined lives of Spencer Barnes, a stressed and overworked advertising executive, and Jimmy Dworski, a charismatic convict with a passion for baseball. Spencer's life is in disarray as he deals with the loss of his Filofax, a symbol of his chaotic career, and strained personal relationships, particularly with his wife Elizabeth. His journey takes a turn when he encounters Debbie, an old acquaintance, who introduces elements of nostalgia and potential redemption.

Jimmy, determined to watch the Chicago Cubs in the World Series, escapes from prison, adding a layer of adventure and humor to the plot. Disguising himself as a woman, he navigates back into prison, showcasing his resourcefulness and the comedic aspects of his situation. The World Series serves as a backdrop, symbolizing hope and redemption for both characters.

As Spencer and Jimmy navigate their respective crises, they confront themes of identity, work-life balance, and the pursuit of happiness beyond professional success. Spencer's decision to quit his job highlights a shift towards prioritizing personal well-being and relationships. Their interactions and the surrounding chaos lead to moments of introspection and growth, culminating in a resolution that emphasizes the importance of personal connections and finding joy in life's simple moments."
9400425,"**Movie Plot Summary:**

The story revolves around the pursuit of Dr. Wong's revolutionary invention, the radioscope, which has the potential to reap millions. Thomas Nash, representing the American Electric Company, is determined to secure the manufacturing rights, facing competition from various international interests, including General Petronovich and Sir Mortimer Fortescue.

As Nash travels to Wu-Hu, he encounters Peggy Hopkins Joyce, a charismatic figure who complicates his mission with her charm and wit. Their journey is fraught with challenges, including a quarantine imposed due to Nash's suspected illness, which strands them in a hotel. This quarantine brings together a diverse cast of characters, leading to a mix of business negotiations, romantic tensions, and comedic mishaps.

Subplots include Nash's romantic interest in Carol Fortescue, whose father is involved in the business dealings, and the antics of Professor Quail, whose autogyro accidentally lands him in Wu-Hu, adding an element of adventure and unpredictability.

The climax unfolds as Nash, despite various obstacles, manages to outmaneuver his competitors and secure the rights to the radioscope. The resolution sees Nash and Peggy departing via autogyro, symbolizing their escape from the chaos and the successful conclusion of their mission, leaving the other characters to their fates."
9352504,"""Yoimbo"" is a classic tale of corruption, greed, and the manipulation of power, set in a lawless, decaying town ruled by two rival gangsters: Seibei, a brothel owner, and Ushitora, his former right-hand man turned adversary. The town is a cesspool of violence and moral decay, where the casket maker thrives as the only profitable business, and the inhabitants are trapped in a cycle of bloodshed and gambling.

The story centers around Sanjuro Kuwabatake, a drifting, cunning samurai who arrives in town and cleverly manipulates both sides of the conflict. He plays the role of a bodyguard, offering his services to both Seibei and Ushitora while secretly orchestrating their downfall. Sanjuro's motives are rooted in his disdain for the corruption and greed that have consumed the town, and he sees an opportunity to rid the town of its toxic elements by exploiting the rivalry between the two gangsters.

As the plot unfolds, Sanjuro's plan becomes clear: he fuels the rivalry between Seibei and Ushitora, leading them into a destructive cycle of violence and betrayal. The conflict escalates with the involvement of other characters, including Seibei's son, Yoichiro, who is captured and used as leverage, and a woman named Orin, whose fate is tied to the gambling debts of her husband. The arrival of an inspector from Edo adds another layer of tension, as the gangsters attempt to cover up their crimes to avoid scrutiny.

Ultimately, Sanjuro's strategy succeeds in eliminating both Seibei and Ushitora, but the town remains scarred by the violence and corruption. The casket maker, who serves as a moral commentator throughout the film, laments the futility of the bloodshed and the town's inability to escape its cycle of decay. Sanjuro, having achieved his goal, departs as mysteriously as he arrived, leaving the town's fate uncertain.

The film is a bleak yet darkly humorous critique of human nature, highlighting the destructive consequences of greed, ambition, and the absence of morality. Through Sanjuro's actions, it also explores the theme of a lone individual's ability to shape the course of events, even in the most corrupt and chaotic of settings."
9312229,"The subtitles describe a tense and suspenseful story involving a group of characters stranded on an island after hiring a charter plane to escape a tropical storm. The pilot, Grant Murdoch, reluctantly agrees to fly to Provincetown for triple his usual fee. On board are Laura Winters, a troubled actress, and her secretary, Jan Letterman. They are forced to make an emergency landing on a remote island due to engine trouble.

The group encounters Professor Peter Bartell, a marine biologist who claims to be conducting research on the island. As the story unfolds, the group discovers strange occurrences, including fish skeletons and a human skeleton stripped of flesh. They soon realize that the island is infested with mysterious, flesh-eating creatures that seem to be attracted to human flesh.

Professor Bartell reveals that the creatures are the result of a Nazi experiment gone wrong, creating a life form that consumes living matter. He had been trying to harness these creatures for his own gain, intending to sell them as a weapon. The group attempts to use electricity to stun the creatures, but the plan fails, and they realize the creatures are highly resilient.

As tensions rise, Laura disappears, and it is implied that she was killed by the creatures. The remaining characters discover that the creatures are vulnerable to blood, specifically hemoglobin, and devise a plan to use this weakness to defeat a giant, monstrous version of the creatures that has formed in the water.

In the climactic final moments, the group prepares to confront the monster using a giant hypodermic needle filled with their own blood. Professor Bartell, revealed to be the mastermind behind the experiments, attempts to escape but is thwarted by the others. The story ends with the group facing a desperate fight for survival against the monstrous creature."
9433056,"The subtitles provided do not contain a coherent plot or narrative but instead appear to be snippets of dialogue and descriptions from various scenes, possibly from a movie or TV show. The content includes religious teachings, family interactions, and a missing person subplot involving a character named Eli Frankel. Without a more structured and comprehensive narrative, it is challenging to generate a detailed summary of the plot. If you have more context or a complete transcript, I could provide a more accurate analysis."
9516430,"**Caged Heat: A Tale of Struggle and Systemic Oppression**

In the gritty world of a women's prison, ""Caged Heat"" delves into the lives of inmates navigating a corrupt and unforgiving system. The story centers around Marie Allen, a young woman imprisoned for her role in an armed robbery. Pregnant and widowed, Marie faces the daunting reality of raising her child behind bars, while her mother struggles to care for the baby outside.

The prison environment is harsh, with corrupt matrons like Evelyn Harper exploiting inmates for personal gain. Inmates such as Kitty Stark, a seasoned criminal, add depth to the narrative, each with their own tales of downfall and resilience.

Marie's parole hearing becomes a pivotal moment, as she's denied freedom despite her determination to reform. Her journey highlights the systemic barriers to rehabilitation, emphasizing the cyclical nature of incarceration. The film's climax sees Marie's release, yet the ominous suggestion of her return underscores the struggle to break free from the prison's grasp.

""Caged Heat"" is a powerful exploration of female incarceration, corruption, and the enduring spirit of those trapped within the system. It leaves viewers contemplating the true cost of a flawed justice system and the resilience required to survive it."
9315956,"The movie is a blend of horror, comedy, and superhero genres, set in a troubled town experiencing supernatural events. The plot centers around an alien invasion in Yokohama, where nonhuman life forms, possibly crustacean-like, are causing chaos. The town faces various crises, including a serial killer in a crab mask, which may be linked to the alien entities.

The story introduces Shinpei Asano, a wheelchair-bound transfer student whose father's suicide adds emotional depth. The character of Zebraman, a canceled 1978 TV show, plays a crucial role as both a fictional hero and a real figure. The principal, Mr. Ichikawa, is revealed as Zebraman, embodying the power of belief and storytelling.

The government's cover-up and plan to bomb the town escalate the tension, leading to a race against time. The climax features Zebraman's heroic intervention, highlighting themes of heroism and the impact of stories on reality. The film blurs the lines between fiction and reality, using dark humor and personal struggles to create a unique narrative."
9292939,"**Movie Summary: The Fall and Rise of King Shahdov**

The film follows the journey of King Shahdov, a deposed monarch from the fictional nation of Estrovia, as he navigates the complexities of life in America after fleeing his country with the treasury. The story intertwines political intrigue, personal drama, and comedic elements, offering a nuanced exploration of power, identity, and redemption.

**Plot Overview:**

1. **Deposition and Escape:**
   King Shahdov escapes Estrovia with the treasury, seeking refuge in America. His arrival is met with both curiosity and suspicion, as he brings with him atomic plans intended for peaceful use, contrasting with his ministers' desire for atomic bombs.

2. **Financial and Political Struggles:**
   The King faces financial challenges, with his funds mismanaged by his Prime Minister, Dr. Voudel. He engages in public relations efforts, including a television appearance, to garner support and secure financing for his atomic projects, aiming for a utopian future.

3. **Personal Relationships:**
   The King's personal life is marked by a complex relationship with his wife, Irene. Their marriage, initially a political arrangement, reveals lingering emotions as they consider divorce, adding depth to the narrative.

4. **Comedic Interludes:**
   The King's desperation leads him into humorous misadventures in advertising, including a memorable TV appearance reciting Hamlet and endorsing products, which highlights his adaptability and the absurdities of his situation.

5. **Political Commentary:**
   The subplot involving Rupert Macabee, a boy caught in McCarthy-era tensions, introduces themes of freedom and injustice. The King's support for Rupert underscores his moral compass amidst political turmoil.

6. **Resolution and Redemption:**
   The film concludes with the resolution of Rupert's family issues and the King's efforts to make amends, suggesting a path towards redemption and personal growth.

**Themes:**

- The clash between old-world monarchy and modern American culture.
- The struggle for power, money, and dignity in exile.
- Personal costs of political ambition and the quest for redemption.

**Conclusion:**

The movie presents a multifaceted narrative, blending drama and comedy to explore the challenges faced by King Shahdov. His journey from a deposed ruler to a figure seeking redemption in America offers insights into the complexities of power, identity, and the human spirit."
9377147,"The subtitles provided appear to be from the musical film *Nine* (2009), directed by Rob Marshall and based on the Broadway show of the same name. The story centers around Guido Contini, a famous Italian film director in the midst of a creative and personal crisis. Guido is struggling to come up with a script for his new film, *Italia*, while dealing with the pressures of fame, his complicated relationships with women, and his own identity.

The plot explores Guido's interactions with the women in his life, including his wife, Luisa; his mistress, Carla; and his muse, Claudia Jenssen. These relationships are intertwined with his creative process, as the women inspire and challenge him in different ways. Guido's internal turmoil is reflected in his inability to write, his fear of failure, and his struggles with aging and losing his artistic voice.

The story is presented through a mix of dialogue, song, and reflection, with Guido often breaking into musical numbers that reveal his inner thoughts and emotions. These numbers highlight his confusion, his longing for connection, and his desire to recapture the passion and creativity of his youth.

Ultimately, the film builds toward a moment of reckoning for Guido, as he confronts the emptiness of his pursuit of fame and the damage his actions have caused to those around him. The story suggests a possible path toward redemption and renewal, as Guido begins to reconnect with his wife and find a way to move forward, both personally and professionally."
9434986,"**Summary of ""The Adventures of Tom Sawyer""**

The story follows Tom Sawyer, a spirited and mischievous boy, as he navigates various adventures in his small town. Tom's antics often land him in trouble, such as when he tricks his friends into whitewashing a fence for him. His engagement to Amy Lawrence adds a touch of youthful romance to his escapades.

A pivotal moment occurs in a graveyard where Tom and his friend Huck Finn witness a murder involving Dr. Robinson and Injun Joe, leading to Muff Potter being wrongly accused. The boys swear to keep the secret, setting up a significant conflict.

Seeking adventure, Tom, Huck, and Joe Harper run away, pretending to be drowned. They secretly attend their own funeral, causing emotional turmoil for their families. This rebellious act showcases their desire for freedom and excitement.

Tom's bravery shines when he testifies in court to exonerate Muff Potter, demonstrating his growth from a troublesome boy to a courageous individual. Later, Tom and Becky Thatcher face danger when they get lost in a cave, leading to a dramatic rescue.

The story concludes with Tom and Huck discovering treasure, highlighting their friendship and adventurous spirit. Through these events, Tom evolves, showing both mischief and maturity, ultimately emerging as a hero."
